# https://github.com/mikedh/trimesh
v 0.03333700 -0.02207700 -0.03400000
v 0.03333700 -0.02207700 -0.02825800
v 0.03333700 -0.02142800 -0.02829600
v 0.03333700 -0.01857700 -0.00250000
v 0.03333700 0.00102300 -0.00250000
v 0.03333700 -0.01857700 -0.00300000
v 0.03333700 0.00102300 -0.00300000
v 0.03333700 0.00452300 -0.00300000
v 0.03333700 0.00452300 -0.01254200
v 0.03333700 0.00387300 -0.01250400
v 0.03333700 -0.01919200 -0.01368000
v 0.03333700 -0.01964100 -0.01320900
v 0.03333700 -0.02078500 -0.02819400
v 0.03333700 -0.02018000 -0.02795500
v 0.03333700 0.00452300 -0.03400000
v 0.03333700 -0.01964100 -0.02759100
v 0.03333700 -0.01919200 -0.02712000
v 0.03333700 -0.01885600 -0.02656300
v 0.03333700 -0.01864800 -0.02594700
v 0.03333700 -0.01857700 -0.02530000
v 0.03333700 0.00262600 -0.02795500
v 0.03333700 0.00323100 -0.02819400
v 0.03333700 0.00387300 -0.02829600
v 0.03333700 0.00452300 -0.02825800
v 0.03333700 -0.01857700 -0.01550000
v 0.03333700 -0.01864800 -0.01485300
v 0.03333700 -0.01885600 -0.01423700
v 0.03333700 -0.02018000 -0.01284500
v 0.03333700 -0.02078500 -0.01260600
v 0.03333700 -0.02207700 -0.00300000
v 0.03333700 -0.02142800 -0.01250400
v 0.03333700 -0.02207700 -0.01254200
v 0.03333700 0.00208600 -0.01320900
v 0.03333700 0.00262600 -0.01284500
v 0.03333700 0.00323100 -0.01260600
v 0.03333700 0.00163800 -0.01368000
v 0.03333700 0.00130200 -0.01423700
v 0.03333700 0.00109300 -0.01485300
v 0.03333700 0.00102300 -0.01550000
v 0.03333700 0.00102300 -0.02530000
v 0.03333700 0.00109300 -0.02594700
v 0.03333700 0.00130200 -0.02656300
v 0.03333700 0.00163800 -0.02712000
v 0.03333700 0.00208600 -0.02759100
v 0.02713700 0.00102300 -0.02530000
v 0.02713700 0.00109300 -0.02594700
v 0.02713700 0.00130200 -0.02656300
v 0.02713700 0.00163800 -0.02712000
v 0.02713700 0.00208600 -0.02759100
v 0.02713700 0.00262600 -0.02795500
v 0.02713700 0.00323100 -0.02819400
v 0.02713700 0.00387300 -0.02829600
v 0.02713700 0.00452300 -0.02825800
v 0.02713700 0.00102300 -0.01550000
v 0.02713700 0.00109300 -0.01485300
v 0.02713700 0.00130200 -0.01423700
v 0.02713700 0.00163800 -0.01368000
v 0.02713700 0.00208600 -0.01320900
v 0.02713700 0.00262600 -0.01284500
v 0.02713700 0.00323100 -0.01260600
v 0.02713700 0.00387300 -0.01250400
v 0.02713700 0.00452300 -0.01254200
v 0.02713700 0.00452300 -0.00300000
v 0.02713700 0.00102300 -0.00300000
v 0.03233700 -0.02207700 -0.03400000
v 0.03233700 0.00452300 -0.03400000
v 0.03233700 0.00102300 -0.03780000
v 0.03233700 0.00452300 -0.03780000
v 0.03233700 -0.02207700 -0.03780000
v 0.03233700 -0.01857700 -0.03780000
v 0.03233700 -0.01857700 -0.03830000
v 0.03233700 0.00102300 -0.03830000
v 0.02713700 -0.01857700 -0.03780000
v 0.02713700 -0.02207700 -0.03780000
v 0.02713700 -0.01857700 -0.00300000
v 0.02713700 -0.02207700 -0.00300000
v 0.02713700 -0.01857700 -0.03830000
v 0.02713700 0.00452300 -0.03780000
v 0.02713700 0.00102300 -0.03780000
v 0.02713700 0.00102300 -0.00250000
v 0.02713700 -0.01857700 -0.00250000
v 0.02713700 0.00102300 -0.03830000
v 0.02713700 -0.02207700 -0.01254200
v 0.02713700 -0.02142800 -0.01250400
v 0.02713700 -0.01885600 -0.02656300
v 0.02713700 -0.01919200 -0.02712000
v 0.02713700 -0.01964100 -0.02759100
v 0.02713700 -0.02018000 -0.02795500
v 0.02713700 -0.02078500 -0.02819400
v 0.02713700 -0.02142800 -0.02829600
v 0.02713700 -0.02207700 -0.02825800
v 0.02713700 -0.01964100 -0.01320900
v 0.02713700 -0.02018000 -0.01284500
v 0.02713700 -0.02078500 -0.01260600
v 0.02713700 -0.01919200 -0.01368000
v 0.02713700 -0.01885600 -0.01423700
v 0.02713700 -0.01864800 -0.01485300
v 0.02713700 -0.01857700 -0.01550000
v 0.02713700 -0.01857700 -0.02530000
v 0.02713700 -0.01864800 -0.02594700
v 0.01473700 -0.01857700 -0.00750000
v 0.01473700 -0.01857700 -0.03530000
v 0.01473700 -0.01557700 -0.03830000
v 0.01473700 -0.01848100 -0.00652500
v 0.01473700 -0.01357700 -0.00250000
v 0.01473700 -0.00397700 -0.00250000
v 0.01473700 -0.00197700 -0.03830000
v 0.01473700 -0.01851900 -0.03588500
v 0.01473700 -0.01834900 -0.03644800
v 0.01473700 -0.01616200 -0.03824200
v 0.01473700 -0.01672500 -0.03807200
v 0.01473700 -0.01807200 -0.03696700
v 0.01473700 -0.01769800 -0.03742100
v 0.01473700 -0.01724400 -0.03779400
v 0.01473700 0.00102300 -0.03530000
v 0.01473700 0.00102300 -0.00750000
v 0.01473700 -0.00300200 -0.00259600
v 0.01473700 0.00092700 -0.00652500
v 0.01473700 0.00064200 -0.00558700
v 0.01473700 -0.01819700 -0.00558700
v 0.01473700 -0.01455300 -0.00259600
v 0.01473700 -0.01549100 -0.00288100
v 0.01473700 -0.01635500 -0.00334300
v 0.01473700 -0.01711300 -0.00396400
v 0.01473700 -0.01773400 -0.00472200
v 0.01473700 -0.00139200 -0.03824200
v 0.01473700 -0.00082900 -0.03807200
v 0.01473700 0.00096500 -0.03588500
v 0.01473700 -0.00031000 -0.03779400
v 0.01473700 0.00014400 -0.03742100
v 0.01473700 0.00051700 -0.03696700
v 0.01473700 0.00079500 -0.03644800
v 0.01473700 0.00018000 -0.00472200
v 0.01473700 -0.00044200 -0.00396400
v 0.01473700 -0.00206400 -0.00288100
v 0.01473700 -0.00119900 -0.00334300
v 0.02713700 -0.01557700 -0.03830000
v 0.02713700 -0.01616200 -0.03824200
v 0.02713700 -0.01672500 -0.03807200
v 0.02713700 -0.01724400 -0.03779400
v 0.02713700 -0.01769800 -0.03742100
v 0.02713700 -0.01807200 -0.03696700
v 0.02713700 -0.01834900 -0.03644800
v 0.02713700 -0.01851900 -0.03588500
v 0.02713700 -0.01857700 -0.03530000
v 0.02713700 -0.01455300 -0.00259600
v 0.02713700 -0.01357700 -0.00250000
v 0.02713700 -0.01819700 -0.00558700
v 0.02713700 -0.00197700 -0.03830000
v 0.02713700 -0.00397700 -0.00250000
v 0.02713700 -0.01848100 -0.00652500
v 0.02713700 0.00064200 -0.00558700
v 0.02713700 0.00092700 -0.00652500
v 0.02713700 -0.00300200 -0.00259600
v 0.02713700 0.00102300 -0.00750000
v 0.02713700 0.00102300 -0.03530000
v 0.02713700 -0.00139200 -0.03824200
v 0.02713700 -0.01857700 -0.00750000
v 0.02713700 -0.00206400 -0.00288100
v 0.02713700 -0.00119900 -0.00334300
v 0.02713700 -0.00044200 -0.00396400
v 0.02713700 -0.01773400 -0.00472200
v 0.02713700 -0.01711300 -0.00396400
v 0.02713700 -0.01635500 -0.00334300
v 0.02713700 -0.01549100 -0.00288100
v 0.02713700 0.00018000 -0.00472200
v 0.02713700 -0.00082900 -0.03807200
v 0.02713700 0.00096500 -0.03588500
v 0.02713700 0.00079500 -0.03644800
v 0.02713700 0.00051700 -0.03696700
v 0.02713700 0.00014400 -0.03742100
v 0.02713700 -0.00031000 -0.03779400
v 0.00933700 -0.01792700 -0.02430000
v 0.01003700 -0.01792700 -0.02430000
v 0.00933700 -0.01784400 -0.02345100
v 0.01003700 -0.01784400 -0.02345100
v 0.00933700 -0.01759600 -0.02263500
v 0.01003700 -0.01759600 -0.02263500
v 0.00933700 -0.01719400 -0.02188300
v 0.01003700 -0.01719400 -0.02188300
v 0.00933700 -0.01665300 -0.02122400
v 0.01003700 -0.01665300 -0.02122400
v 0.00933700 -0.01599400 -0.02068300
v 0.01003700 -0.01599400 -0.02068300
v 0.00933700 -0.01524200 -0.02028100
v 0.01003700 -0.01524200 -0.02028100
v 0.00933700 -0.01442600 -0.02003400
v 0.01003700 -0.01442600 -0.02003400
v 0.00933700 -0.01357700 -0.01995000
v 0.01003700 -0.01357700 -0.01995000
v 0.01003700 -0.01792700 -0.03235000
v 0.00933700 -0.01792700 -0.03235000
v 0.01003700 -0.01775900 -0.03290600
v 0.00933700 -0.01775900 -0.03290600
v 0.01003700 -0.01731000 -0.03327400
v 0.00933700 -0.01731000 -0.03327400
v 0.01003700 -0.01692700 -0.03335000
v 0.00933700 -0.01692700 -0.03335000
v 0.01473700 -0.01857700 -0.00250000
v 0.01473700 -0.01857700 -0.03830000
v 0.00973700 -0.01857700 -0.03400000
v 0.00973700 -0.01857700 -0.03830000
v 0.01003700 -0.01857700 -0.00250000
v 0.01003700 -0.01857700 -0.02430000
v 0.00733700 -0.01857700 -0.02430000
v 0.00733700 -0.01857700 -0.03400000
v 0.01003700 -0.00300200 -0.01939600
v 0.01003700 -0.00206400 -0.01968100
v 0.01003700 0.00102300 -0.00250000
v 0.01003700 -0.01848100 -0.02332500
v 0.01003700 -0.01819700 -0.02238700
v 0.01003700 -0.01773400 -0.02152200
v 0.01003700 -0.01711300 -0.02076400
v 0.01003700 -0.01635500 -0.02014300
v 0.01003700 -0.01549100 -0.01968100
v 0.01003700 -0.00119900 -0.02014300
v 0.01003700 -0.00044200 -0.02076400
v 0.01003700 0.00018000 -0.02152200
v 0.01003700 0.00064200 -0.02238700
v 0.01003700 0.00092700 -0.02332500
v 0.01003700 0.00102300 -0.02430000
v 0.01003700 -0.01455300 -0.01939600
v 0.01003700 -0.01357700 -0.01930000
v 0.01003700 -0.00397700 -0.01930000
v 0.00973700 0.00102300 -0.03830000
v 0.01473700 0.00102300 -0.03830000
v 0.01003700 -0.00397700 -0.01995000
v 0.00933700 -0.00397700 -0.01995000
v 0.00733700 -0.00300200 -0.01939600
v 0.00733700 -0.00397700 -0.01930000
v 0.00733700 0.00102300 -0.02430000
v 0.00733700 -0.01455300 -0.01939600
v 0.00733700 -0.01357700 -0.01930000
v 0.00733700 0.00102300 -0.03400000
v 0.00733700 -0.01773400 -0.02152200
v 0.00733700 -0.01819700 -0.02238700
v 0.00733700 -0.01711300 -0.02076400
v 0.00733700 -0.01635500 -0.02014300
v 0.00733700 -0.01549100 -0.01968100
v 0.00733700 -0.01848100 -0.02332500
v 0.00733700 0.00092700 -0.02332500
v 0.00733700 0.00064200 -0.02238700
v 0.00733700 -0.00119900 -0.02014300
v 0.00733700 0.00018000 -0.02152200
v 0.00733700 -0.00044200 -0.02076400
v 0.00733700 -0.00206400 -0.01968100
v 0.01473700 0.00102300 -0.00250000
v 0.00933700 0.00028900 -0.02345100
v 0.00933700 0.00037300 -0.02430000
v 0.00933700 0.00037300 -0.03235000
v 0.00933700 0.00029700 -0.03273300
v 0.00933700 -0.00007200 -0.03318100
v 0.00933700 -0.00062700 -0.03335000
v 0.00933700 -0.00312800 -0.02003400
v 0.00933700 -0.00231200 -0.02028100
v 0.00933700 -0.00036000 -0.02188300
v 0.00933700 -0.00156000 -0.02068300
v 0.00933700 -0.00090100 -0.02122400
v 0.00933700 0.00004200 -0.02263500
v 0.00973700 0.00102300 -0.03400000
v 0.01003700 0.00037300 -0.03235000
v 0.01003700 0.00037300 -0.02430000
v 0.01003700 0.00028900 -0.02345100
v 0.01003700 -0.00007200 -0.03318100
v 0.01003700 0.00029700 -0.03273300
v 0.01003700 -0.00062700 -0.03335000
v 0.01003700 -0.00231200 -0.02028100
v 0.01003700 -0.00036000 -0.02188300
v 0.01003700 -0.00156000 -0.02068300
v 0.01003700 -0.00090100 -0.02122400
v 0.01003700 0.00004200 -0.02263500
v 0.01003700 -0.00312800 -0.02003400
v 0.03583700 0.00102300 -0.00250000
v 0.03583700 0.00102300 -0.03830000
v 0.03583700 -0.01857700 -0.00250000
v 0.03583700 -0.01857700 -0.03830000
v 0.03233700 0.00102300 -0.03410000
v 0.03233700 -0.01857700 -0.03410000
v 0.03333700 -0.01857700 -0.03410000
v 0.03333700 0.00102300 -0.03410000
v 0.03583700 -0.01357700 -0.02580000
v 0.03583700 -0.01857700 -0.03080000
v 0.03583700 -0.00397700 -0.02580000
v 0.03583700 0.00102300 -0.03080000
v 0.04233700 -0.01857700 -0.03080000
v 0.04233700 -0.01857700 -0.03830000
v 0.04233700 -0.01357700 -0.02580000
v 0.04233700 -0.00397700 -0.02580000
v 0.04233700 0.00102300 -0.03080000
v 0.04233700 0.00102300 -0.03830000
v 0.03803700 0.00072300 -0.02110000
v 0.04233700 0.00072300 -0.02110000
v 0.03803700 0.00072300 -0.00150000
v 0.04233700 0.00072300 -0.00150000
v 0.03803700 -0.01987700 -0.00150000
v 0.04233700 -0.01987700 -0.00150000
v 0.03803700 -0.01987700 -0.02110000
v 0.04233700 -0.01987700 -0.02110000
v 0.00799700 0.02333600 -0.02430000
v 0.00869400 0.02339700 -0.02430000
v 0.00798900 0.02341900 -0.02345100
v 0.00868700 0.02348000 -0.02345100
v 0.00796800 0.02366600 -0.02263500
v 0.00866500 0.02372700 -0.02263500
v 0.00793300 0.02406600 -0.02188300
v 0.00863000 0.02412700 -0.02188300
v 0.00788600 0.02460500 -0.02122400
v 0.00858300 0.02466600 -0.02122400
v 0.00782800 0.02526200 -0.02068300
v 0.00852500 0.02532300 -0.02068300
v 0.00776300 0.02601100 -0.02028100
v 0.00846000 0.02607200 -0.02028100
v 0.00769100 0.02682400 -0.02003400
v 0.00838900 0.02688500 -0.02003400
v 0.00761700 0.02766900 -0.01995000
v 0.00831500 0.02773000 -0.01995000
v 0.00869400 0.02339700 -0.03235000
v 0.00799700 0.02333600 -0.03235000
v 0.00867900 0.02356500 -0.03290600
v 0.00798200 0.02350400 -0.03290600
v 0.00864000 0.02401200 -0.03327400
v 0.00794300 0.02395100 -0.03327400
v 0.00860700 0.02439300 -0.03335000
v 0.00790900 0.02433200 -0.03335000
v 0.01343300 0.02315900 -0.00250000
v 0.01343300 0.02315900 -0.03830000
v 0.00845200 0.02272300 -0.03400000
v 0.00845200 0.02272300 -0.03830000
v 0.00875100 0.02274900 -0.00250000
v 0.00875100 0.02274900 -0.02430000
v 0.00606100 0.02251400 -0.02430000
v 0.00606100 0.02251400 -0.03400000
v 0.00739300 0.03826500 -0.01939600
v 0.00731100 0.03920000 -0.01968100
v 0.00704200 0.04227500 -0.00250000
v 0.00874200 0.02284500 -0.02332500
v 0.00871700 0.02312800 -0.02238700
v 0.00867700 0.02358900 -0.02152200
v 0.00862300 0.02420800 -0.02076400
v 0.00855700 0.02496300 -0.02014300
v 0.00848200 0.02582400 -0.01968100
v 0.00723600 0.04006100 -0.02014300
v 0.00717000 0.04081600 -0.02076400
v 0.00711600 0.04143500 -0.02152200
v 0.00707500 0.04189500 -0.02238700
v 0.00705100 0.04217900 -0.02332500
v 0.00704200 0.04227500 -0.02430000
v 0.00840000 0.02675800 -0.01939600
v 0.00831500 0.02773000 -0.01930000
v 0.00747800 0.03729400 -0.01930000
v 0.00674300 0.04224800 -0.03830000
v 0.01172400 0.04268400 -0.03830000
v 0.00747800 0.03729400 -0.01995000
v 0.00678100 0.03723300 -0.01995000
v 0.00470300 0.03803000 -0.01939600
v 0.00478800 0.03705800 -0.01930000
v 0.00435300 0.04203900 -0.02430000
v 0.00571000 0.02652300 -0.01939600
v 0.00562500 0.02749500 -0.01930000
v 0.00435300 0.04203900 -0.03400000
v 0.00598700 0.02335300 -0.02152200
v 0.00602800 0.02289300 -0.02238700
v 0.00593300 0.02397300 -0.02076400
v 0.00586700 0.02472800 -0.02014300
v 0.00579200 0.02558900 -0.01968100
v 0.00605200 0.02261000 -0.02332500
v 0.00436100 0.04194400 -0.02332500
v 0.00438600 0.04166000 -0.02238700
v 0.00454600 0.03982600 -0.02014300
v 0.00442600 0.04120000 -0.02152200
v 0.00448000 0.04058000 -0.02076400
v 0.00462200 0.03896400 -0.01968100
v 0.01172400 0.04268400 -0.00250000
v 0.00640900 0.04148300 -0.02345100
v 0.00640200 0.04156600 -0.02430000
v 0.00640200 0.04156600 -0.03235000
v 0.00640800 0.04149000 -0.03273300
v 0.00644000 0.04112300 -0.03318100
v 0.00648900 0.04057000 -0.03335000
v 0.00670700 0.03807800 -0.02003400
v 0.00663600 0.03889100 -0.02028100
v 0.00646600 0.04083600 -0.02188300
v 0.00657000 0.03964000 -0.02068300
v 0.00651300 0.04029700 -0.02122400
v 0.00643000 0.04123600 -0.02263500
v 0.00674300 0.04224800 -0.03400000
v 0.00709900 0.04162700 -0.03235000
v 0.00709900 0.04162700 -0.02430000
v 0.00710600 0.04154400 -0.02345100
v 0.00713800 0.04118400 -0.03318100
v 0.00710600 0.04155100 -0.03273300
v 0.00718600 0.04063100 -0.03335000
v 0.00733300 0.03895200 -0.02028100
v 0.00716300 0.04089700 -0.02188300
v 0.00726700 0.03970100 -0.02068300
v 0.00721000 0.04035800 -0.02122400
v 0.00712800 0.04129700 -0.02263500
v 0.00740400 0.03813900 -0.02003400
v 0.01343300 0.02315900 -0.00750000
v 0.01343300 0.02315900 -0.03530000
v 0.01317100 0.02614700 -0.03830000
v 0.01342400 0.02325500 -0.00652500
v 0.01299700 0.02814000 -0.00250000
v 0.01216000 0.03770300 -0.00250000
v 0.01198600 0.03969600 -0.03830000
v 0.01342800 0.02321600 -0.03588500
v 0.01341300 0.02338600 -0.03644800
v 0.01322200 0.02556400 -0.03824200
v 0.01327100 0.02500400 -0.03807200
v 0.01338900 0.02366300 -0.03696700
v 0.01335600 0.02403400 -0.03742100
v 0.01331600 0.02448700 -0.03779400
v 0.01172400 0.04268400 -0.03530000
v 0.01172400 0.04268400 -0.00750000
v 0.01207500 0.03867500 -0.00259600
v 0.01173300 0.04258900 -0.00652500
v 0.01175800 0.04230500 -0.00558700
v 0.01340000 0.02353800 -0.00558700
v 0.01308200 0.02716800 -0.00259600
v 0.01316400 0.02623400 -0.00288100
v 0.01323900 0.02537300 -0.00334300
v 0.01330500 0.02461800 -0.00396400
v 0.01335900 0.02399800 -0.00472200
v 0.01193500 0.04027900 -0.03824200
v 0.01188600 0.04083900 -0.03807200
v 0.01172900 0.04262700 -0.03588500
v 0.01184100 0.04135600 -0.03779400
v 0.01180100 0.04180900 -0.03742100
v 0.01176900 0.04218100 -0.03696700
v 0.01174400 0.04245700 -0.03644800
v 0.01179800 0.04184500 -0.00472200
v 0.01185200 0.04122500 -0.00396400
v 0.01199300 0.03960900 -0.00288100
v 0.01191800 0.04047100 -0.00334300
v 0.02552400 0.02722800 -0.03830000
v 0.02557500 0.02664500 -0.03824200
v 0.02562400 0.02608400 -0.03807200
v 0.02566900 0.02556800 -0.03779400
v 0.02570900 0.02511500 -0.03742100
v 0.02574100 0.02474300 -0.03696700
v 0.02576600 0.02446700 -0.03644800
v 0.02578000 0.02429700 -0.03588500
v 0.02578600 0.02424000 -0.03530000
v 0.02543500 0.02824900 -0.00259600
v 0.02535000 0.02922100 -0.00250000
v 0.02575200 0.02461900 -0.00558700
v 0.02433900 0.04077600 -0.03830000
v 0.02451300 0.03878400 -0.00250000
v 0.02577700 0.02433500 -0.00652500
v 0.02411000 0.04338600 -0.00558700
v 0.02408600 0.04366900 -0.00652500
v 0.02442800 0.03975600 -0.00259600
v 0.02407700 0.04376500 -0.00750000
v 0.02407700 0.04376500 -0.03530000
v 0.02428800 0.04135900 -0.03824200
v 0.02578600 0.02424000 -0.00750000
v 0.02434600 0.04069000 -0.00288100
v 0.02427100 0.04155100 -0.00334300
v 0.02420500 0.04230600 -0.00396400
v 0.02571200 0.02507900 -0.00472200
v 0.02565800 0.02569800 -0.00396400
v 0.02559200 0.02645300 -0.00334300
v 0.02551600 0.02731400 -0.00288100
v 0.02415100 0.04292600 -0.00472200
v 0.02423900 0.04192000 -0.03807200
v 0.02408200 0.04370800 -0.03588500
v 0.02409700 0.04353800 -0.03644800
v 0.02412100 0.04326100 -0.03696700
v 0.02415400 0.04289000 -0.03742100
v 0.02419300 0.04243700 -0.03779400
v 0.03226700 0.02129300 -0.03400000
v 0.03226700 0.02129300 -0.02825800
v 0.03221000 0.02194000 -0.02829600
v 0.03196200 0.02478000 -0.00250000
v 0.03025400 0.04430500 -0.00250000
v 0.03196200 0.02478000 -0.00300000
v 0.03025400 0.04430500 -0.00300000
v 0.02994900 0.04779200 -0.00300000
v 0.02994900 0.04779200 -0.01254200
v 0.03000500 0.04714500 -0.01250400
v 0.03201600 0.02416700 -0.01368000
v 0.03205500 0.02372000 -0.01320900
v 0.03215400 0.02258000 -0.02819400
v 0.03210200 0.02318300 -0.02795500
v 0.02994900 0.04779200 -0.03400000
v 0.03205500 0.02372000 -0.02759100
v 0.03201600 0.02416700 -0.02712000
v 0.03198600 0.02450200 -0.02656300
v 0.03196800 0.02471000 -0.02594700
v 0.03196200 0.02478000 -0.02530000
v 0.03011400 0.04590200 -0.02795500
v 0.03006100 0.04650500 -0.02819400
v 0.03000500 0.04714500 -0.02829600
v 0.02994900 0.04779200 -0.02825800
v 0.03196200 0.02478000 -0.01550000
v 0.03196800 0.02471000 -0.01485300
v 0.03198600 0.02450200 -0.01423700
v 0.03210200 0.02318300 -0.01284500
v 0.03215400 0.02258000 -0.01260600
v 0.03226700 0.02129300 -0.00300000
v 0.03221000 0.02194000 -0.01250400
v 0.03226700 0.02129300 -0.01254200
v 0.03016100 0.04536500 -0.01320900
v 0.03011400 0.04590200 -0.01284500
v 0.03006100 0.04650500 -0.01260600
v 0.03020000 0.04491800 -0.01368000
v 0.03022900 0.04458300 -0.01423700
v 0.03024800 0.04437600 -0.01485300
v 0.03025400 0.04430500 -0.01550000
v 0.03025400 0.04430500 -0.02530000
v 0.03024800 0.04437600 -0.02594700
v 0.03022900 0.04458300 -0.02656300
v 0.03020000 0.04491800 -0.02712000
v 0.03016100 0.04536500 -0.02759100
v 0.02407700 0.04376500 -0.02530000
v 0.02407100 0.04383500 -0.02594700
v 0.02405300 0.04404300 -0.02656300
v 0.02402400 0.04437800 -0.02712000
v 0.02398500 0.04482400 -0.02759100
v 0.02393800 0.04536200 -0.02795500
v 0.02388500 0.04596500 -0.02819400
v 0.02382900 0.04660500 -0.02829600
v 0.02377200 0.04725200 -0.02825800
v 0.02407700 0.04376500 -0.01550000
v 0.02407100 0.04383500 -0.01485300
v 0.02405300 0.04404300 -0.01423700
v 0.02402400 0.04437800 -0.01368000
v 0.02398500 0.04482400 -0.01320900
v 0.02393800 0.04536200 -0.01284500
v 0.02388500 0.04596500 -0.01260600
v 0.02382900 0.04660500 -0.01250400
v 0.02377200 0.04725200 -0.01254200
v 0.02377200 0.04725200 -0.00300000
v 0.02407700 0.04376500 -0.00300000
v 0.03127100 0.02120600 -0.03400000
v 0.02895200 0.04770500 -0.03400000
v 0.02925700 0.04421800 -0.03780000
v 0.02895200 0.04770500 -0.03780000
v 0.03127100 0.02120600 -0.03780000
v 0.03096600 0.02469300 -0.03780000
v 0.03096600 0.02469300 -0.03830000
v 0.02925700 0.04421800 -0.03830000
v 0.02578600 0.02424000 -0.03780000
v 0.02609100 0.02075300 -0.03780000
v 0.02578600 0.02424000 -0.00300000
v 0.02609100 0.02075300 -0.00300000
v 0.02578600 0.02424000 -0.03830000
v 0.02377200 0.04725200 -0.03780000
v 0.02407700 0.04376500 -0.03780000
v 0.02407700 0.04376500 -0.00250000
v 0.02578600 0.02424000 -0.00250000
v 0.02407700 0.04376500 -0.03830000
v 0.02609100 0.02075300 -0.01254200
v 0.02603400 0.02140000 -0.01250400
v 0.02581000 0.02396200 -0.02656300
v 0.02583900 0.02362700 -0.02712000
v 0.02587800 0.02318000 -0.02759100
v 0.02592500 0.02264300 -0.02795500
v 0.02597800 0.02204000 -0.02819400
v 0.02603400 0.02140000 -0.02829600
v 0.02609100 0.02075300 -0.02825800
v 0.02587800 0.02318000 -0.01320900
v 0.02592500 0.02264300 -0.01284500
v 0.02597800 0.02204000 -0.01260600
v 0.02583900 0.02362700 -0.01368000
v 0.02581000 0.02396200 -0.01423700
v 0.02579200 0.02416900 -0.01485300
v 0.02578600 0.02424000 -0.01550000
v 0.02578600 0.02424000 -0.02530000
v 0.02579200 0.02416900 -0.02594700
v 0.03496200 0.04441600 -0.02110000
v 0.03924600 0.04479100 -0.02110000
v 0.03496200 0.04441600 -0.00150000
v 0.03924600 0.04479100 -0.00150000
v 0.03675700 0.02389500 -0.00150000
v 0.04104100 0.02426900 -0.00150000
v 0.03675700 0.02389500 -0.02110000
v 0.04104100 0.02426900 -0.02110000
v 0.03401700 0.02997900 -0.02580000
v 0.03445200 0.02499800 -0.03080000
v 0.03318000 0.03954200 -0.02580000
v 0.03445200 0.02499800 -0.03830000
v 0.03274400 0.04452300 -0.03080000
v 0.03274400 0.04452300 -0.03830000
v 0.04092800 0.02556400 -0.03080000
v 0.04092800 0.02556400 -0.03830000
v 0.04049200 0.03054500 -0.02580000
v 0.03965500 0.04010900 -0.02580000
v 0.03921900 0.04509000 -0.03080000
v 0.03921900 0.04509000 -0.03830000
v 0.03274400 0.04452300 -0.00250000
v 0.03445200 0.02499800 -0.00250000
v 0.02925700 0.04421800 -0.03410000
v 0.03096600 0.02469300 -0.03410000
v 0.03196200 0.02478000 -0.03410000
v 0.03025400 0.04430500 -0.03410000
v 0.00640200 -0.05912000 -0.02430000
v 0.00709900 -0.05918100 -0.02430000
v 0.00640900 -0.05903700 -0.02345100
v 0.00710600 -0.05909800 -0.02345100
v 0.00643000 -0.05879100 -0.02263500
v 0.00712800 -0.05885200 -0.02263500
v 0.00646600 -0.05839000 -0.02188300
v 0.00716300 -0.05845100 -0.02188300
v 0.00651300 -0.05785100 -0.02122400
v 0.00721000 -0.05791200 -0.02122400
v 0.00657000 -0.05719400 -0.02068300
v 0.00726700 -0.05725500 -0.02068300
v 0.00663600 -0.05644500 -0.02028100
v 0.00733300 -0.05650600 -0.02028100
v 0.00670700 -0.05563200 -0.02003400
v 0.00740400 -0.05569300 -0.02003400
v 0.00678100 -0.05478700 -0.01995000
v 0.00747800 -0.05484800 -0.01995000
v 0.00709900 -0.05918100 -0.03235000
v 0.00640200 -0.05912000 -0.03235000
v 0.00711400 -0.05901300 -0.03290600
v 0.00641600 -0.05895200 -0.03290600
v 0.00715300 -0.05856600 -0.03327400
v 0.00645500 -0.05850500 -0.03327400
v 0.00718600 -0.05818500 -0.03335000
v 0.00648900 -0.05812400 -0.03335000
v 0.01172400 -0.06023900 -0.00250000
v 0.01172400 -0.06023900 -0.03830000
v 0.00674300 -0.05980300 -0.03400000
v 0.00674300 -0.05980300 -0.03830000
v 0.00704200 -0.05982900 -0.00250000
v 0.00704200 -0.05982900 -0.02430000
v 0.00435300 -0.05959400 -0.02430000
v 0.00435300 -0.05959400 -0.03400000
v 0.00840000 -0.04431300 -0.01939600
v 0.00848200 -0.04337800 -0.01968100
v 0.00875100 -0.04030300 -0.00250000
v 0.00705100 -0.05973300 -0.02332500
v 0.00707500 -0.05945000 -0.02238700
v 0.00711600 -0.05898900 -0.02152200
v 0.00717000 -0.05837000 -0.02076400
v 0.00723600 -0.05761500 -0.02014300
v 0.00731100 -0.05675400 -0.01968100
v 0.00855700 -0.04251700 -0.02014300
v 0.00862300 -0.04176200 -0.02076400
v 0.00867700 -0.04114300 -0.02152200
v 0.00871700 -0.04068300 -0.02238700
v 0.00874200 -0.04039900 -0.02332500
v 0.00875100 -0.04030300 -0.02430000
v 0.00739300 -0.05582000 -0.01939600
v 0.00747800 -0.05484800 -0.01930000
v 0.00831500 -0.04528400 -0.01930000
v 0.00845200 -0.04027700 -0.03830000
v 0.01343300 -0.04071300 -0.03830000
v 0.00831500 -0.04528400 -0.01995000
v 0.00761700 -0.04522300 -0.01995000
v 0.00571000 -0.04407700 -0.01939600
v 0.00562500 -0.04504900 -0.01930000
v 0.00606100 -0.04006800 -0.02430000
v 0.00470300 -0.05558400 -0.01939600
v 0.00478800 -0.05461300 -0.01930000
v 0.00606100 -0.04006800 -0.03400000
v 0.00442600 -0.05875400 -0.02152200
v 0.00438600 -0.05921400 -0.02238700
v 0.00448000 -0.05813500 -0.02076400
v 0.00454600 -0.05738000 -0.02014300
v 0.00462200 -0.05651900 -0.01968100
v 0.00436100 -0.05949800 -0.02332500
v 0.00605200 -0.04016400 -0.02332500
v 0.00602800 -0.04044700 -0.02238700
v 0.00586700 -0.04228200 -0.02014300
v 0.00598700 -0.04090800 -0.02152200
v 0.00593300 -0.04152700 -0.02076400
v 0.00579200 -0.04314300 -0.01968100
v 0.01343300 -0.04071300 -0.00250000
v 0.00798900 -0.04097300 -0.02345100
v 0.00799700 -0.04089000 -0.02430000
v 0.00799700 -0.04089000 -0.03235000
v 0.00799000 -0.04096600 -0.03273300
v 0.00795800 -0.04133300 -0.03318100
v 0.00790900 -0.04188600 -0.03335000
v 0.00769100 -0.04437800 -0.02003400
v 0.00776300 -0.04356500 -0.02028100
v 0.00793300 -0.04162000 -0.02188300
v 0.00782800 -0.04281600 -0.02068300
v 0.00788600 -0.04215900 -0.02122400
v 0.00796800 -0.04122000 -0.02263500
v 0.00845200 -0.04027700 -0.03400000
v 0.00869400 -0.04095100 -0.03235000
v 0.00869400 -0.04095100 -0.02430000
v 0.00868700 -0.04103400 -0.02345100
v 0.00865500 -0.04139400 -0.03318100
v 0.00868700 -0.04102700 -0.03273300
v 0.00860700 -0.04194700 -0.03335000
v 0.00846000 -0.04362600 -0.02028100
v 0.00863000 -0.04168100 -0.02188300
v 0.00852500 -0.04287700 -0.02068300
v 0.00858300 -0.04222000 -0.02122400
v 0.00866500 -0.04128100 -0.02263500
v 0.00838900 -0.04443900 -0.02003400
v 0.01172400 -0.06023900 -0.00750000
v 0.01172400 -0.06023900 -0.03530000
v 0.01198600 -0.05725000 -0.03830000
v 0.01173300 -0.06014300 -0.00652500
v 0.01216000 -0.05525800 -0.00250000
v 0.01299700 -0.04569400 -0.00250000
v 0.01317100 -0.04370200 -0.03830000
v 0.01172900 -0.06018100 -0.03588500
v 0.01174400 -0.06001100 -0.03644800
v 0.01193500 -0.05783300 -0.03824200
v 0.01188600 -0.05839400 -0.03807200
v 0.01176900 -0.05973500 -0.03696700
v 0.01180100 -0.05936300 -0.03742100
v 0.01184100 -0.05891000 -0.03779400
v 0.01343300 -0.04071300 -0.03530000
v 0.01343300 -0.04071300 -0.00750000
v 0.01308200 -0.04472200 -0.00259600
v 0.01342400 -0.04080900 -0.00652500
v 0.01340000 -0.04109200 -0.00558700
v 0.01175800 -0.05985900 -0.00558700
v 0.01207500 -0.05622900 -0.00259600
v 0.01199300 -0.05716400 -0.00288100
v 0.01191800 -0.05802500 -0.00334300
v 0.01185200 -0.05878000 -0.00396400
v 0.01179800 -0.05939900 -0.00472200
v 0.01322200 -0.04311900 -0.03824200
v 0.01327100 -0.04255800 -0.03807200
v 0.01342800 -0.04077100 -0.03588500
v 0.01331600 -0.04204100 -0.03779400
v 0.01335600 -0.04158800 -0.03742100
v 0.01338900 -0.04121700 -0.03696700
v 0.01341300 -0.04094100 -0.03644800
v 0.01335900 -0.04155300 -0.00472200
v 0.01330500 -0.04217200 -0.00396400
v 0.01316400 -0.04378800 -0.00288100
v 0.01323900 -0.04292700 -0.00334300
v 0.02433900 -0.05833100 -0.03830000
v 0.02428800 -0.05891400 -0.03824200
v 0.02423900 -0.05947400 -0.03807200
v 0.02419300 -0.05999100 -0.03779400
v 0.02415400 -0.06044400 -0.03742100
v 0.02412100 -0.06081600 -0.03696700
v 0.02409700 -0.06109200 -0.03644800
v 0.02408200 -0.06126200 -0.03588500
v 0.02407700 -0.06131900 -0.03530000
v 0.02442800 -0.05731000 -0.00259600
v 0.02451300 -0.05633800 -0.00250000
v 0.02411000 -0.06094000 -0.00558700
v 0.02552400 -0.04478200 -0.03830000
v 0.02535000 -0.04677500 -0.00250000
v 0.02408600 -0.06122400 -0.00652500
v 0.02575200 -0.04217300 -0.00558700
v 0.02577700 -0.04189000 -0.00652500
v 0.02543500 -0.04580300 -0.00259600
v 0.02578600 -0.04179400 -0.00750000
v 0.02578600 -0.04179400 -0.03530000
v 0.02557500 -0.04419900 -0.03824200
v 0.02407700 -0.06131900 -0.00750000
v 0.02551600 -0.04486900 -0.00288100
v 0.02559200 -0.04400800 -0.00334300
v 0.02565800 -0.04325300 -0.00396400
v 0.02415100 -0.06048000 -0.00472200
v 0.02420500 -0.05986000 -0.00396400
v 0.02427100 -0.05910600 -0.00334300
v 0.02434600 -0.05824400 -0.00288100
v 0.02571200 -0.04263300 -0.00472200
v 0.02562400 -0.04363900 -0.03807200
v 0.02578000 -0.04185100 -0.03588500
v 0.02576600 -0.04202100 -0.03644800
v 0.02574100 -0.04229800 -0.03696700
v 0.02570900 -0.04266900 -0.03742100
v 0.02566900 -0.04312200 -0.03779400
v 0.03318000 -0.05709700 -0.02580000
v 0.03274400 -0.06207800 -0.03080000
v 0.03401700 -0.04753300 -0.02580000
v 0.03274400 -0.06207800 -0.03830000
v 0.03445200 -0.04255200 -0.03080000
v 0.03445200 -0.04255200 -0.03830000
v 0.03921900 -0.06264400 -0.03080000
v 0.03921900 -0.06264400 -0.03830000
v 0.03965500 -0.05766300 -0.02580000
v 0.04049200 -0.04810000 -0.02580000
v 0.04092800 -0.04311900 -0.03080000
v 0.04092800 -0.04311900 -0.03830000
v 0.03445200 -0.04255200 -0.00250000
v 0.03274400 -0.06207800 -0.00250000
v 0.03196200 -0.04233400 -0.00250000
v 0.03025400 -0.06186000 -0.00250000
v 0.03096600 -0.04224700 -0.03410000
v 0.02925700 -0.06177200 -0.03410000
v 0.03096600 -0.04224700 -0.03830000
v 0.02925700 -0.06177200 -0.03830000
v 0.03025400 -0.06186000 -0.03410000
v 0.03196200 -0.04233400 -0.03410000
v 0.02994900 -0.06534600 -0.03400000
v 0.02994900 -0.06534600 -0.02825800
v 0.03000500 -0.06469900 -0.02829600
v 0.03025400 -0.06186000 -0.00300000
v 0.03196200 -0.04233400 -0.00300000
v 0.03226700 -0.03884800 -0.00300000
v 0.03226700 -0.03884800 -0.01254200
v 0.03221000 -0.03949500 -0.01250400
v 0.03020000 -0.06247200 -0.01368000
v 0.03016100 -0.06291900 -0.01320900
v 0.03006100 -0.06405900 -0.02819400
v 0.03011400 -0.06345700 -0.02795500
v 0.03226700 -0.03884800 -0.03400000
v 0.03016100 -0.06291900 -0.02759100
v 0.03020000 -0.06247200 -0.02712000
v 0.03022900 -0.06213700 -0.02656300
v 0.03024800 -0.06193000 -0.02594700
v 0.03025400 -0.06186000 -0.02530000
v 0.03210200 -0.04073700 -0.02795500
v 0.03215400 -0.04013400 -0.02819400
v 0.03221000 -0.03949500 -0.02829600
v 0.03226700 -0.03884800 -0.02825800
v 0.03025400 -0.06186000 -0.01550000
v 0.03024800 -0.06193000 -0.01485300
v 0.03022900 -0.06213700 -0.01423700
v 0.03011400 -0.06345700 -0.01284500
v 0.03006100 -0.06405900 -0.01260600
v 0.02994900 -0.06534600 -0.00300000
v 0.03000500 -0.06469900 -0.01250400
v 0.02994900 -0.06534600 -0.01254200
v 0.03205500 -0.04127500 -0.01320900
v 0.03210200 -0.04073700 -0.01284500
v 0.03215400 -0.04013400 -0.01260600
v 0.03201600 -0.04172100 -0.01368000
v 0.03198600 -0.04205600 -0.01423700
v 0.03196800 -0.04226400 -0.01485300
v 0.03196200 -0.04233400 -0.01550000
v 0.03196200 -0.04233400 -0.02530000
v 0.03196800 -0.04226400 -0.02594700
v 0.03198600 -0.04205600 -0.02656300
v 0.03201600 -0.04172100 -0.02712000
v 0.03205500 -0.04127500 -0.02759100
v 0.02578600 -0.04179400 -0.02530000
v 0.02579200 -0.04172400 -0.02594700
v 0.02581000 -0.04151600 -0.02656300
v 0.02583900 -0.04118100 -0.02712000
v 0.02587800 -0.04073400 -0.02759100
v 0.02592500 -0.04019700 -0.02795500
v 0.02597800 -0.03959400 -0.02819400
v 0.02603400 -0.03895400 -0.02829600
v 0.02609100 -0.03830700 -0.02825800
v 0.02578600 -0.04179400 -0.01550000
v 0.02579200 -0.04172400 -0.01485300
v 0.02581000 -0.04151600 -0.01423700
v 0.02583900 -0.04118100 -0.01368000
v 0.02587800 -0.04073400 -0.01320900
v 0.02592500 -0.04019700 -0.01284500
v 0.02597800 -0.03959400 -0.01260600
v 0.02603400 -0.03895400 -0.01250400
v 0.02609100 -0.03830700 -0.01254200
v 0.02609100 -0.03830700 -0.00300000
v 0.02578600 -0.04179400 -0.00300000
v 0.02895200 -0.06525900 -0.03400000
v 0.03127100 -0.03876000 -0.03400000
v 0.03096600 -0.04224700 -0.03780000
v 0.03127100 -0.03876000 -0.03780000
v 0.02895200 -0.06525900 -0.03780000
v 0.02925700 -0.06177200 -0.03780000
v 0.02407700 -0.06131900 -0.03780000
v 0.02377200 -0.06480600 -0.03780000
v 0.02407700 -0.06131900 -0.00300000
v 0.02377200 -0.06480600 -0.00300000
v 0.02407700 -0.06131900 -0.03830000
v 0.02609100 -0.03830700 -0.03780000
v 0.02578600 -0.04179400 -0.03780000
v 0.02578600 -0.04179400 -0.00250000
v 0.02407700 -0.06131900 -0.00250000
v 0.02578600 -0.04179400 -0.03830000
v 0.02377200 -0.06480600 -0.01254200
v 0.02382900 -0.06415900 -0.01250400
v 0.02405300 -0.06159700 -0.02656300
v 0.02402400 -0.06193200 -0.02712000
v 0.02398500 -0.06237900 -0.02759100
v 0.02393800 -0.06291600 -0.02795500
v 0.02388500 -0.06351900 -0.02819400
v 0.02382900 -0.06415900 -0.02829600
v 0.02377200 -0.06480600 -0.02825800
v 0.02398500 -0.06237900 -0.01320900
v 0.02393800 -0.06291600 -0.01284500
v 0.02388500 -0.06351900 -0.01260600
v 0.02402400 -0.06193200 -0.01368000
v 0.02405300 -0.06159700 -0.01423700
v 0.02407100 -0.06139000 -0.01485300
v 0.02407700 -0.06131900 -0.01550000
v 0.02407700 -0.06131900 -0.02530000
v 0.02407100 -0.06139000 -0.02594700
v 0.03661800 -0.04304300 -0.02110000
v 0.04090200 -0.04341700 -0.02110000
v 0.03661800 -0.04304300 -0.00150000
v 0.04090200 -0.04341700 -0.00150000
v 0.03482200 -0.06356400 -0.00150000
v 0.03910600 -0.06393900 -0.00150000
v 0.03482200 -0.06356400 -0.02110000
v 0.03910600 -0.06393900 -0.02110000
v 0.02003500 0.00391100 -0.01650000
v 0.01933800 0.00385000 -0.01650000
v 0.02002800 0.00399400 -0.01734900
v 0.01933100 0.00393300 -0.01734900
v 0.02000700 0.00424100 -0.01816500
v 0.01930900 0.00418000 -0.01816500
v 0.01997100 0.00464100 -0.01891700
v 0.01927400 0.00458000 -0.01891700
v 0.01992400 0.00518000 -0.01957600
v 0.01922700 0.00511900 -0.01957600
v 0.01986700 0.00583700 -0.02011700
v 0.01917000 0.00577600 -0.02011700
v 0.01980100 0.00658600 -0.02051900
v 0.01910400 0.00652500 -0.02051900
v 0.01973000 0.00739900 -0.02076600
v 0.01903300 0.00733800 -0.02076600
v 0.01965600 0.00824500 -0.02085000
v 0.01895900 0.00818400 -0.02085000
v 0.01933800 0.00385000 -0.00845000
v 0.02003500 0.00391100 -0.00845000
v 0.01932300 0.00401800 -0.00789400
v 0.02002100 0.00407900 -0.00789400
v 0.01928400 0.00446500 -0.00752600
v 0.01998200 0.00452600 -0.00752600
v 0.01925100 0.00484600 -0.00745000
v 0.01994800 0.00490700 -0.00745000
v 0.01471300 0.00279300 -0.03830000
v 0.01471300 0.00279300 -0.00250000
v 0.01969400 0.00322900 -0.00680000
v 0.01969400 0.00322900 -0.00250000
v 0.01939500 0.00320300 -0.03830000
v 0.01939500 0.00320300 -0.01650000
v 0.02208400 0.00343800 -0.01650000
v 0.02208400 0.00343800 -0.00680000
v 0.01803700 0.01871900 -0.02140400
v 0.01795500 0.01965300 -0.02111900
v 0.01768600 0.02272800 -0.03830000
v 0.01938600 0.00329800 -0.01747500
v 0.01936200 0.00358200 -0.01841300
v 0.01932100 0.00404200 -0.01927800
v 0.01926700 0.00466100 -0.02003600
v 0.01920100 0.00541600 -0.02065700
v 0.01912600 0.00627700 -0.02111900
v 0.01788000 0.02051400 -0.02065700
v 0.01781400 0.02126900 -0.02003600
v 0.01776000 0.02188900 -0.01927800
v 0.01772000 0.02234900 -0.01841300
v 0.01769500 0.02263200 -0.01747500
v 0.01768600 0.02272800 -0.01650000
v 0.01904400 0.00721200 -0.02140400
v 0.01895900 0.00818400 -0.02150000
v 0.01812200 0.01774700 -0.02150000
v 0.01798500 0.02275400 -0.00250000
v 0.01300400 0.02231800 -0.00250000
v 0.01812200 0.01774700 -0.02085000
v 0.01882000 0.01780800 -0.02085000
v 0.02072700 0.01895400 -0.02140400
v 0.02081200 0.01798200 -0.02150000
v 0.02037600 0.02296300 -0.01650000
v 0.02173400 0.00744700 -0.02140400
v 0.02164900 0.00841900 -0.02150000
v 0.02037600 0.02296300 -0.00680000
v 0.02201100 0.00427700 -0.01927800
v 0.02205100 0.00381700 -0.01841300
v 0.02195700 0.00489700 -0.02003600
v 0.02189100 0.00565200 -0.02065700
v 0.02181500 0.00651300 -0.02111900
v 0.02207600 0.00353400 -0.01747500
v 0.02038500 0.02286800 -0.01747500
v 0.02040900 0.02258400 -0.01841300
v 0.02057000 0.02075000 -0.02065700
v 0.02045000 0.02212400 -0.01927800
v 0.02050400 0.02150400 -0.02003600
v 0.02064500 0.01988800 -0.02111900
v 0.01300400 0.02231800 -0.03830000
v 0.01844800 0.02205800 -0.01734900
v 0.01844000 0.02214100 -0.01650000
v 0.01844000 0.02214100 -0.00845000
v 0.01844700 0.02206600 -0.00806700
v 0.01847900 0.02169900 -0.00761900
v 0.01852800 0.02114500 -0.00745000
v 0.01874600 0.01865300 -0.02076600
v 0.01867400 0.01946600 -0.02051900
v 0.01850400 0.02141100 -0.01891700
v 0.01860900 0.02021600 -0.02011700
v 0.01855100 0.02087200 -0.01957600
v 0.01846900 0.02181200 -0.01816500
v 0.01798500 0.02275400 -0.00680000
v 0.01774300 0.02208000 -0.00845000
v 0.01774300 0.02208000 -0.01650000
v 0.01775000 0.02199700 -0.01734900
v 0.01778200 0.02163800 -0.00761900
v 0.01775000 0.02200500 -0.00806700
v 0.01783000 0.02108400 -0.00745000
v 0.01797700 0.01940500 -0.02051900
v 0.01780700 0.02135000 -0.01891700
v 0.01791200 0.02015500 -0.02011700
v 0.01785400 0.02081100 -0.01957600
v 0.01777200 0.02175100 -0.01816500
v 0.01804800 0.01859200 -0.02076600
v 0.01471300 0.00279300 -0.03330000
v 0.01471300 0.00279300 -0.00550000
v 0.01445100 0.00578100 -0.00250000
v 0.01470400 0.00288900 -0.03427500
v 0.01427700 0.00777400 -0.03830000
v 0.01344000 0.01733700 -0.03830000
v 0.01326600 0.01933000 -0.00250000
v 0.01470800 0.00285000 -0.00491500
v 0.01469300 0.00302000 -0.00435200
v 0.01450200 0.00519800 -0.00255800
v 0.01455100 0.00463800 -0.00272800
v 0.01466900 0.00329700 -0.00383300
v 0.01463600 0.00366800 -0.00337900
v 0.01459600 0.00412100 -0.00300600
v 0.01300400 0.02231800 -0.00550000
v 0.01300400 0.02231800 -0.03330000
v 0.01335500 0.01830900 -0.03820400
v 0.01301300 0.02222300 -0.03427500
v 0.01303700 0.02193900 -0.03521300
v 0.01467900 0.00317200 -0.03521300
v 0.01436200 0.00680200 -0.03820400
v 0.01444400 0.00586800 -0.03791900
v 0.01451900 0.00500700 -0.03745700
v 0.01458500 0.00425200 -0.03683600
v 0.01463900 0.00363200 -0.03607800
v 0.01321500 0.01991300 -0.00255800
v 0.01316600 0.02047300 -0.00272800
v 0.01300900 0.02226100 -0.00491500
v 0.01312100 0.02099000 -0.00300600
v 0.01308100 0.02144300 -0.00337900
v 0.01304800 0.02181500 -0.00383300
v 0.01302400 0.02209100 -0.00435200
v 0.01307800 0.02147900 -0.03607800
v 0.01313200 0.02085900 -0.03683600
v 0.01327300 0.01924300 -0.03791900
v 0.01319800 0.02010500 -0.03745700
v 0.00209800 0.00470100 -0.00250000
v 0.00214900 0.00411800 -0.00255800
v 0.00219800 0.00355700 -0.00272800
v 0.00224400 0.00304000 -0.00300600
v 0.00228300 0.00258800 -0.00337900
v 0.00231600 0.00221600 -0.00383300
v 0.00234000 0.00194000 -0.00435200
v 0.00235500 0.00177000 -0.00491500
v 0.00236000 0.00171200 -0.00550000
v 0.00200900 0.00572100 -0.03820400
v 0.00192400 0.00669300 -0.03830000
v 0.00232700 0.00209100 -0.03521300
v 0.00091300 0.01824900 -0.00250000
v 0.00108700 0.01625700 -0.03830000
v 0.00235100 0.00180800 -0.03427500
v 0.00068500 0.02085800 -0.03521300
v 0.00066000 0.02114200 -0.03427500
v 0.00100200 0.01722800 -0.03820400
v 0.00065200 0.02123800 -0.03330000
v 0.00065200 0.02123800 -0.00550000
v 0.00086200 0.01883200 -0.00255800
v 0.00236000 0.00171200 -0.03330000
v 0.00092100 0.01816300 -0.03791900
v 0.00084500 0.01902400 -0.03745700
v 0.00077900 0.01977900 -0.03683600
v 0.00228600 0.00255200 -0.03607800
v 0.00223200 0.00317100 -0.03683600
v 0.00216600 0.00392600 -0.03745700
v 0.00209100 0.00478700 -0.03791900
v 0.00072500 0.02039800 -0.03607800
v 0.00081300 0.01939300 -0.00272800
v 0.00065700 0.02118000 -0.00491500
v 0.00067100 0.02101000 -0.00435200
v 0.00069600 0.02073400 -0.00383300
v 0.00072800 0.02036200 -0.00337900
v 0.00076800 0.01990900 -0.00300600
v -0.00351200 -0.00231500 -0.00680000
v -0.00351200 -0.00231500 -0.01254200
v -0.00356800 -0.00166800 -0.01250400
v -0.00381700 0.00117200 -0.03830000
v -0.00552500 0.02069700 -0.03830000
v -0.00381700 0.00117200 -0.03780000
v -0.00552500 0.02069700 -0.03780000
v -0.00583000 0.02418400 -0.03780000
v -0.00583000 0.02418400 -0.02825800
v -0.00577300 0.02353700 -0.02829600
v -0.00376300 0.00055900 -0.02712000
v -0.00372400 0.00011200 -0.02759100
v -0.00362400 -0.00102800 -0.01260600
v -0.00367700 -0.00042500 -0.01284500
v -0.00583000 0.02418400 -0.00680000
v -0.00372400 0.00011200 -0.01320900
v -0.00376300 0.00055900 -0.01368000
v -0.00379200 0.00089400 -0.01423700
v -0.00381100 0.00110200 -0.01485300
v -0.00381700 0.00117200 -0.01550000
v -0.00566500 0.02229400 -0.01284500
v -0.00571700 0.02289700 -0.01260600
v -0.00577300 0.02353700 -0.01250400
v -0.00583000 0.02418400 -0.01254200
v -0.00381700 0.00117200 -0.02530000
v -0.00381100 0.00110200 -0.02594700
v -0.00379200 0.00089400 -0.02656300
v -0.00367700 -0.00042500 -0.02795500
v -0.00362400 -0.00102800 -0.02819400
v -0.00351200 -0.00231500 -0.03780000
v -0.00356800 -0.00166800 -0.02829600
v -0.00351200 -0.00231500 -0.02825800
v -0.00561800 0.02175700 -0.02759100
v -0.00566500 0.02229400 -0.02795500
v -0.00571700 0.02289700 -0.02819400
v -0.00557900 0.02131000 -0.02712000
v -0.00554900 0.02097500 -0.02656300
v -0.00553100 0.02076800 -0.02594700
v -0.00552500 0.02069700 -0.02530000
v -0.00552500 0.02069700 -0.01550000
v -0.00553100 0.02076800 -0.01485300
v -0.00554900 0.02097500 -0.01423700
v -0.00557900 0.02131000 -0.01368000
v -0.00561800 0.02175700 -0.01320900
v 0.00065200 0.02123800 -0.01550000
v 0.00064500 0.02130800 -0.01485300
v 0.00062700 0.02151500 -0.01423700
v 0.00059800 0.02185000 -0.01368000
v 0.00055900 0.02229700 -0.01320900
v 0.00051200 0.02283400 -0.01284500
v 0.00045900 0.02343700 -0.01260600
v 0.00040300 0.02407700 -0.01250400
v 0.00034600 0.02472400 -0.01254200
v 0.00065200 0.02123800 -0.02530000
v 0.00064500 0.02130800 -0.02594700
v 0.00062700 0.02151500 -0.02656300
v 0.00059800 0.02185000 -0.02712000
v 0.00055900 0.02229700 -0.02759100
v 0.00051200 0.02283400 -0.02795500
v 0.00045900 0.02343700 -0.02819400
v 0.00040300 0.02407700 -0.02829600
v 0.00034600 0.02472400 -0.02825800
v 0.00034600 0.02472400 -0.03780000
v 0.00065200 0.02123800 -0.03780000
v -0.00251500 -0.00222800 -0.00680000
v -0.00483400 0.02427100 -0.00680000
v -0.00452900 0.02078400 -0.00300000
v -0.00483400 0.02427100 -0.00300000
v -0.00251500 -0.00222800 -0.00300000
v -0.00282000 0.00125900 -0.00300000
v -0.00282000 0.00125900 -0.00250000
v -0.00452900 0.02078400 -0.00250000
v 0.00236000 0.00171200 -0.00300000
v 0.00266500 -0.00177400 -0.00300000
v 0.00236000 0.00171200 -0.03780000
v 0.00266500 -0.00177400 -0.03780000
v 0.00236000 0.00171200 -0.00250000
v 0.00034600 0.02472400 -0.00300000
v 0.00065200 0.02123800 -0.00300000
v 0.00065200 0.02123800 -0.03830000
v 0.00236000 0.00171200 -0.03830000
v 0.00065200 0.02123800 -0.00250000
v 0.00266500 -0.00177400 -0.02825800
v 0.00260800 -0.00112800 -0.02829600
v 0.00238400 0.00143400 -0.01423700
v 0.00241300 0.00109900 -0.01368000
v 0.00245200 0.00065300 -0.01320900
v 0.00249900 0.00011500 -0.01284500
v 0.00255200 -0.00048800 -0.01260600
v 0.00260800 -0.00112800 -0.01250400
v 0.00266500 -0.00177400 -0.01254200
v 0.00245200 0.00065300 -0.02759100
v 0.00249900 0.00011500 -0.02795500
v 0.00255200 -0.00048800 -0.02819400
v 0.00241300 0.00109900 -0.02712000
v 0.00238400 0.00143400 -0.02656300
v 0.00236600 0.00164200 -0.02594700
v 0.00236000 0.00171200 -0.02530000
v 0.00236000 0.00171200 -0.01550000
v 0.00236600 0.00164200 -0.01485300
v -0.00801500 0.02047900 -0.03830000
v -0.00801500 0.02047900 -0.00250000
v -0.00630700 0.00095400 -0.03830000
v -0.00630700 0.00095400 -0.00250000
v -0.00452900 0.02078400 -0.00670000
v -0.00282000 0.00125900 -0.00670000
v -0.00381700 0.00117200 -0.00670000
v -0.00552500 0.02069700 -0.00670000
v -0.04956200 -0.00604300 -0.00300000
v -0.04956200 -0.00604300 -0.03780000
v -0.05182800 0.01985800 -0.00300000
v -0.05182800 0.01985800 -0.03780000
v -0.04458100 -0.00560700 -0.03780000
v -0.04684700 0.02029400 -0.03780000
v -0.04684700 0.02029400 -0.00300000
v -0.04458100 -0.00560700 -0.00300000
v -0.04969200 0.02343300 -0.04080000
v -0.05053800 0.02223100 -0.04080000
v -0.05053800 -0.03978600 -0.04080000
v -0.05159000 0.02120400 -0.04080000
v -0.05159000 -0.03875900 -0.04080000
v -0.04908000 0.02477000 -0.04080000
v 0.03606600 0.04441200 -0.04080000
v 0.03913700 0.00931000 -0.04080000
v -0.04969200 -0.04098800 -0.04080000
v 0.03913700 -0.02686400 -0.04080000
v -0.04908000 -0.04232400 -0.04080000
v -0.04872300 -0.04375000 -0.04080000
v -0.03689200 -0.06003100 -0.04080000
v -0.03300400 -0.06154900 -0.04080000
v -0.02889900 -0.06230600 -0.04080000
v 0.02956600 -0.06742100 -0.04080000
v 0.03606600 -0.06196700 -0.04080000
v -0.04769700 -0.04779600 -0.04080000
v -0.04592500 -0.05157600 -0.04080000
v -0.04347100 -0.05495300 -0.04080000
v -0.04042400 -0.05780500 -0.04080000
v 0.03074200 0.04985400 -0.04080000
v 0.02956600 0.04986700 -0.04080000
v -0.05281200 -0.03794100 -0.04080000
v -0.05281200 0.02038700 -0.04080000
v -0.05416300 0.01980700 -0.04080000
v -0.04872300 0.02619600 -0.04080000
v -0.02889900 0.04475200 -0.04080000
v 0.03074200 -0.06740800 -0.04080000
v 0.03541100 -0.06421400 -0.04080000
v 0.03585000 -0.06312300 -0.04080000
v 0.03189400 -0.06716600 -0.04080000
v 0.03297500 -0.06670400 -0.04080000
v 0.03476900 -0.06519900 -0.04080000
v 0.03394600 -0.06604000 -0.04080000
v -0.03300400 0.04399500 -0.04080000
v -0.03689200 0.04247600 -0.04080000
v -0.04042400 0.04025100 -0.04080000
v -0.04347100 0.03739800 -0.04080000
v -0.04592500 0.03402200 -0.04080000
v -0.04769700 0.03024200 -0.04080000
v 0.03585000 0.04556800 -0.04080000
v 0.03541100 0.04666000 -0.04080000
v 0.03476900 0.04764500 -0.04080000
v 0.03394600 0.04848600 -0.04080000
v 0.03297500 0.04915000 -0.04080000
v 0.03189400 0.04961200 -0.04080000
v -0.05786300 0.01922300 -0.04080000
v -0.05786300 -0.03677700 -0.04080000
v -0.05599000 0.01937000 -0.04080000
v -0.05599000 -0.03692400 -0.04080000
v -0.05416300 -0.03736200 -0.04080000
v -0.02889900 -0.06230600 -0.03780000
v -0.03300400 -0.06154900 -0.03780000
v -0.03689200 -0.06003100 -0.03780000
v -0.04042400 -0.05780500 -0.03780000
v -0.04347100 -0.05495300 -0.03780000
v -0.04592500 -0.05157600 -0.03780000
v -0.04769700 -0.04779600 -0.03780000
v -0.04872300 -0.04375000 -0.03780000
v -0.05416300 -0.03736200 -0.03780000
v -0.05281200 -0.03794100 -0.03780000
v -0.05159000 -0.03875900 -0.03780000
v -0.05053800 -0.03978600 -0.03780000
v -0.04969200 -0.04098800 -0.03780000
v -0.04908000 -0.04232400 -0.03780000
v 0.03606600 0.04441200 -0.03780000
v 0.03585000 0.04556800 -0.03780000
v 0.03541100 0.04666000 -0.03780000
v 0.03476900 0.04764500 -0.03780000
v 0.03394600 0.04848600 -0.03780000
v 0.03297500 0.04915000 -0.03780000
v 0.03189400 0.04961200 -0.03780000
v 0.03074200 0.04985400 -0.03780000
v 0.02956600 0.04986700 -0.03780000
v -0.04872300 0.02619600 -0.03780000
v -0.04769700 0.03024200 -0.03780000
v -0.04592500 0.03402200 -0.03780000
v -0.04347100 0.03739800 -0.03780000
v -0.04042400 0.04025100 -0.03780000
v -0.03689200 0.04247600 -0.03780000
v -0.03300400 0.04399500 -0.03780000
v -0.02889900 0.04475200 -0.03780000
v 0.02956600 -0.06742100 -0.03780000
v -0.05159000 0.02120400 -0.03780000
v -0.05053800 0.02223100 -0.03780000
v 0.03913700 0.00931000 -0.03780000
v 0.03913700 -0.02686400 -0.03780000
v -0.04969200 0.02343300 -0.03780000
v -0.04908000 0.02477000 -0.03780000
v -0.05281200 0.02038700 -0.03780000
v -0.05416300 0.01980700 -0.03780000
v 0.03606600 -0.06196700 -0.03780000
v 0.03585000 -0.06312300 -0.03780000
v 0.03074200 -0.06740800 -0.03780000
v 0.03541100 -0.06421400 -0.03780000
v 0.03189400 -0.06716600 -0.03780000
v 0.03297500 -0.06670400 -0.03780000
v 0.03476900 -0.06519900 -0.03780000
v 0.03394600 -0.06604000 -0.03780000
v -0.05599000 -0.03692400 -0.03780000
v -0.05786300 -0.03677700 -0.03780000
v -0.05786300 0.01922300 -0.03780000
v -0.05599000 0.01937000 -0.03780000
v -0.05786300 0.01922300 -0.00300000
v -0.05786300 -0.03677700 -0.00300000
v -0.05186300 0.01922300 -0.03780000
v -0.05186300 -0.03277700 -0.03780000
v -0.04486300 -0.03277700 -0.03780000
v -0.04486300 -0.03677700 -0.03780000
v -0.04486300 -0.03677700 -0.00300000
v -0.04486300 -0.03277700 -0.00300000
v -0.05186300 -0.03277700 -0.00300000
v -0.05186300 0.01922300 -0.00300000
v -0.02259200 -0.05663400 -0.03780000
v -0.00266800 -0.05837700 -0.03780000
v -0.02259200 -0.05663400 -0.00300000
v -0.00266800 -0.05837700 -0.00300000
v -0.00303400 -0.06256100 -0.03780000
v -0.00303400 -0.06256100 -0.00300000
v -0.02295800 -0.06081800 -0.00300000
v -0.02295800 -0.06081800 -0.03780000
v -0.00694500 -0.00559300 0.00000000
v -0.00671400 -0.00505200 0.00000000
v 0.03713700 0.00922300 0.00000000
v -0.00659300 -0.00447700 0.00000000
v -0.00658600 -0.00388900 0.00000000
v -0.05786300 -0.03677700 0.00000000
v -0.05786300 0.01973200 0.00000000
v -0.05527200 -0.03706000 0.00000000
v -0.04688200 0.02069300 0.00000000
v -0.04444200 -0.00720100 0.00000000
v 0.03007500 -0.06499900 0.00000000
v 0.02892400 -0.06524100 0.00000000
v 0.03403100 -0.06095600 0.00000000
v 0.03424800 -0.05980000 0.00000000
v -0.04482800 -0.04941600 0.00000000
v 0.03713700 -0.02677700 0.00000000
v -0.04628200 -0.04563200 0.00000000
v -0.04723400 -0.04320600 0.00000000
v -0.04868800 -0.04104300 0.00000000
v -0.00873500 -0.00703000 0.00000000
v -0.00931300 -0.00713900 0.00000000
v -0.05057400 -0.03924400 0.00000000
v -0.04119100 -0.00992800 0.00000000
v -0.05280300 -0.03789600 0.00000000
v -0.04178000 -0.00992100 0.00000000
v -0.04433300 -0.00777900 0.00000000
v -0.04411400 -0.00832500 0.00000000
v -0.04379300 -0.00881700 0.00000000
v -0.00818900 -0.00681100 0.00000000
v -0.00769700 -0.00649000 0.00000000
v -0.00727700 -0.00607900 0.00000000
v -0.00084300 0.04519900 0.00000000
v -0.00993300 0.03436500 0.00000000
v -0.00991200 0.03632500 0.00000000
v 0.02774800 0.04770000 0.00000000
v 0.03359300 -0.06204800 0.00000000
v 0.03295100 -0.06303300 0.00000000
v 0.03212800 -0.06387300 0.00000000
v 0.02774800 -0.06525400 0.00000000
v -0.02872400 -0.06031300 0.00000000
v -0.03270600 -0.05955300 0.00000000
v -0.03645300 -0.05800400 0.00000000
v -0.03981100 -0.05573200 0.00000000
v -0.04264100 -0.05283000 0.00000000
v -0.04338100 -0.00923700 0.00000000
v -0.04289600 -0.00956900 0.00000000
v -0.04235500 -0.00980000 0.00000000
v 0.03115700 -0.06453700 0.00000000
v -0.00950800 0.03824400 0.00000000
v -0.00873800 0.04004700 0.00000000
v -0.00763100 0.04166400 0.00000000
v -0.00623000 0.04303500 0.00000000
v -0.00458800 0.04410700 0.00000000
v -0.00276900 0.04483700 0.00000000
v 0.02892400 0.04768700 0.00000000
v 0.03403100 0.04340200 0.00000000
v 0.03424800 0.04224600 0.00000000
v 0.03007500 0.04744500 0.00000000
v 0.03115700 0.04698300 0.00000000
v 0.03359300 0.04449300 0.00000000
v 0.03212800 0.04631900 0.00000000
v 0.03295100 0.04547800 0.00000000
v -0.00931300 -0.00713900 -0.00300000
v -0.04119100 -0.00992800 -0.00300000
v -0.04444200 -0.00720100 -0.00300000
v -0.04433300 -0.00777900 -0.00300000
v -0.04411400 -0.00832500 -0.00300000
v -0.04379300 -0.00881700 -0.00300000
v -0.04338100 -0.00923700 -0.00300000
v -0.04289600 -0.00956900 -0.00300000
v -0.04235500 -0.00980000 -0.00300000
v -0.04178000 -0.00992100 -0.00300000
v -0.04688200 0.02069300 -0.00300000
v -0.00993300 0.03436500 -0.00300000
v -0.00658600 -0.00388900 -0.00300000
v -0.05786300 0.01973200 -0.00300000
v 0.02774800 0.04770000 -0.00300000
v 0.02892400 0.04768700 -0.00300000
v 0.03007500 0.04744500 -0.00300000
v 0.03115700 0.04698300 -0.00300000
v 0.03212800 0.04631900 -0.00300000
v 0.03295100 0.04547800 -0.00300000
v 0.03359300 0.04449300 -0.00300000
v 0.03403100 0.04340200 -0.00300000
v 0.03424800 0.04224600 -0.00300000
v -0.00991200 0.03632500 -0.00300000
v -0.00950800 0.03824400 -0.00300000
v -0.00873800 0.04004700 -0.00300000
v -0.00763100 0.04166400 -0.00300000
v -0.00623000 0.04303500 -0.00300000
v -0.00458800 0.04410700 -0.00300000
v -0.00276900 0.04483700 -0.00300000
v -0.00084300 0.04519900 -0.00300000
v -0.05527200 -0.03706000 -0.00300000
v -0.05280300 -0.03789600 -0.00300000
v -0.05057400 -0.03924400 -0.00300000
v -0.00659300 -0.00447700 -0.00300000
v -0.00671400 -0.00505200 -0.00300000
v 0.03713700 0.00922300 -0.00300000
v -0.00694500 -0.00559300 -0.00300000
v -0.00727700 -0.00607900 -0.00300000
v -0.04723400 -0.04320600 -0.00300000
v -0.00769700 -0.00649000 -0.00300000
v -0.04868800 -0.04104300 -0.00300000
v -0.00818900 -0.00681100 -0.00300000
v -0.00873500 -0.00703000 -0.00300000
v 0.03713700 -0.02677700 -0.00300000
v -0.04628200 -0.04563200 -0.00300000
v 0.03424800 -0.05980000 -0.00300000
v -0.04482800 -0.04941600 -0.00300000
v -0.02872400 -0.06031300 -0.00300000
v -0.04264100 -0.05283000 -0.00300000
v -0.03981100 -0.05573200 -0.00300000
v -0.03645300 -0.05800400 -0.00300000
v -0.03270600 -0.05955300 -0.00300000
v 0.03295100 -0.06303300 -0.00300000
v 0.03359300 -0.06204800 -0.00300000
v 0.03212800 -0.06387300 -0.00300000
v 0.03403100 -0.06095600 -0.00300000
v 0.03115700 -0.06453700 -0.00300000
v 0.02774800 -0.06525400 -0.00300000
v 0.02892400 -0.06524100 -0.00300000
v 0.03007500 -0.06499900 -0.00300000
v -0.02863700 -0.05931700 -0.09830000
v -0.02889900 -0.06230600 -0.09530000
v 0.02982800 -0.06443200 -0.09830000
v 0.02956600 -0.06742100 -0.09530000
v -0.04485300 -0.04684000 -0.09830000
v -0.04767500 -0.04785900 -0.09530000
v -0.04589700 -0.05162300 -0.09530000
v -0.04331800 -0.05009100 -0.09830000
v -0.04344200 -0.05498600 -0.09530000
v -0.04119700 -0.05299500 -0.09830000
v -0.04039700 -0.05782500 -0.09530000
v -0.03856800 -0.05544800 -0.09830000
v -0.03687200 -0.06004100 -0.09530000
v -0.03552400 -0.05736100 -0.09830000
v -0.03299300 -0.06155200 -0.09530000
v -0.03217300 -0.05866600 -0.09830000
v 0.03074200 -0.06740800 -0.09530000
v 0.03041600 -0.06442600 -0.09830000
v 0.03189400 -0.06716600 -0.09530000
v 0.03099100 -0.06430500 -0.09830000
v 0.03297500 -0.06670400 -0.09530000
v 0.03153200 -0.06407400 -0.09830000
v 0.03394600 -0.06604000 -0.09530000
v 0.03201800 -0.06374200 -0.09830000
v 0.03476900 -0.06519900 -0.09530000
v 0.03242900 -0.06332200 -0.09830000
v 0.03541100 -0.06421400 -0.09530000
v 0.03275000 -0.06282900 -0.09830000
v 0.03585000 -0.06312300 -0.09530000
v 0.03296900 -0.06228300 -0.09830000
v 0.03606600 -0.06196700 -0.09530000
v 0.03307800 -0.06170500 -0.09830000
v -0.04586300 -0.04106900 -0.09830000
v -0.04886300 -0.04106900 -0.09530000
v -0.04856300 -0.04451500 -0.09530000
v -0.04560800 -0.04399800 -0.09830000
v 0.03906100 -0.02773400 -0.09530000
v 0.03607300 -0.02747300 -0.09830000
v -0.04586300 0.02351400 -0.09830000
v -0.04886300 0.02351400 -0.09530000
v 0.03913700 -0.02599100 -0.09530000
v 0.03613700 -0.02599100 -0.09830000
v -0.04485300 0.02928600 -0.09830000
v -0.04767500 0.03030400 -0.09530000
v -0.04856300 0.02696100 -0.09530000
v -0.04560800 0.02644400 -0.09830000
v 0.02982800 0.04687800 -0.09830000
v 0.02956600 0.04986700 -0.09530000
v -0.02863700 0.04176300 -0.09830000
v -0.02889900 0.04475200 -0.09530000
v 0.03906100 -0.02773400 -0.04080000
v -0.04767500 -0.04785900 -0.04080000
v -0.04589700 -0.05162300 -0.04080000
v -0.04344200 -0.05498600 -0.04080000
v -0.04039700 -0.05782500 -0.04080000
v -0.03687200 -0.06004100 -0.04080000
v -0.03299300 -0.06155200 -0.04080000
v 0.03606600 0.04441200 -0.09530000
v 0.03307800 0.04415100 -0.09830000
v 0.03906100 0.01018000 -0.09530000
v 0.03607300 0.00991900 -0.09830000
v 0.03585000 0.04556800 -0.09530000
v 0.03296900 0.04472900 -0.09830000
v 0.03541100 0.04666000 -0.09530000
v 0.03275000 0.04527500 -0.09830000
v 0.03476900 0.04764500 -0.09530000
v 0.03242900 0.04576700 -0.09830000
v 0.03394600 0.04848600 -0.09530000
v 0.03201800 0.04618800 -0.09830000
v 0.03297500 0.04915000 -0.09530000
v 0.03153200 0.04652000 -0.09830000
v 0.03189400 0.04961200 -0.09530000
v 0.03099100 0.04675100 -0.09830000
v 0.03074200 0.04985400 -0.09530000
v 0.03041600 0.04687200 -0.09830000
v -0.04886300 -0.04106900 -0.04080000
v -0.04856300 -0.04451500 -0.04080000
v -0.03552400 0.03980700 -0.09830000
v -0.03856800 0.03789400 -0.09830000
v -0.04119700 0.03544100 -0.09830000
v -0.04331800 0.03253700 -0.09830000
v 0.03613700 0.00843700 -0.09830000
v -0.03217300 0.04111200 -0.09830000
v 0.03913700 0.00843700 -0.09530000
v 0.03913700 0.00843700 -0.04080000
v 0.03913700 -0.02599100 -0.04080000
v -0.03299300 0.04399800 -0.09530000
v -0.03687200 0.04248600 -0.09530000
v -0.04039700 0.04027100 -0.09530000
v -0.04344200 0.03743100 -0.09530000
v -0.04589700 0.03406900 -0.09530000
v 0.03906100 0.01018000 -0.04080000
v -0.04886300 0.02351400 -0.04080000
v -0.04856300 0.02696100 -0.04080000
v -0.04767500 0.03030400 -0.04080000
v -0.03299300 0.04399800 -0.04080000
v -0.03687200 0.04248600 -0.04080000
v -0.04039700 0.04027100 -0.04080000
v -0.04344200 0.03743100 -0.04080000
v -0.04589700 0.03406900 -0.04080000
f 3 2 1
f 6 5 4
f 6 7 5
f 10 9 8
f 12 11 6
f 1 13 3
f 1 14 13
f 15 14 1
f 15 16 14
f 17 16 15
f 7 10 8
f 15 18 17
f 15 19 18
f 20 19 15
f 15 22 21
f 15 23 22
f 24 23 15
f 15 25 20
f 15 26 25
f 6 26 15
f 6 27 26
f 11 27 6
f 6 28 12
f 6 29 28
f 30 29 6
f 30 31 29
f 32 31 30
f 34 6 33
f 34 7 6
f 35 7 34
f 35 10 7
f 6 36 33
f 6 37 36
f 38 37 6
f 6 39 38
f 6 40 39
f 41 40 6
f 6 42 41
f 6 43 42
f 15 43 6
f 15 44 43
f 21 44 15
f 41 45 40
f 41 46 45
f 42 46 41
f 42 47 46
f 43 47 42
f 43 48 47
f 44 48 43
f 44 49 48
f 21 49 44
f 21 50 49
f 22 50 21
f 22 51 50
f 23 51 22
f 23 52 51
f 24 52 23
f 24 53 52
f 54 40 45
f 54 39 40
f 55 39 54
f 55 38 39
f 56 38 55
f 56 37 38
f 57 37 56
f 57 36 37
f 58 36 57
f 58 33 36
f 59 33 58
f 59 34 33
f 60 34 59
f 60 35 34
f 61 35 60
f 61 10 35
f 62 10 61
f 62 9 10
f 64 8 63
f 64 7 8
f 67 66 65
f 67 68 66
f 70 65 69
f 70 67 65
f 71 67 70
f 71 72 67
f 69 73 70
f 69 74 73
f 76 6 75
f 76 30 6
f 73 71 70
f 73 77 71
f 67 78 68
f 67 79 78
f 81 5 80
f 81 4 5
f 67 82 79
f 67 72 82
f 6 81 75
f 6 4 81
f 64 81 80
f 64 75 81
f 73 82 77
f 73 79 82
f 52 53 78
f 84 83 76
f 75 84 76
f 74 86 85
f 74 87 86
f 88 87 74
f 74 89 88
f 74 90 89
f 91 90 74
f 79 52 78
f 47 73 46
f 47 48 73
f 63 57 56
f 63 58 57
f 59 58 63
f 93 64 92
f 93 75 64
f 94 75 93
f 94 84 75
f 64 95 92
f 64 96 95
f 97 96 64
f 79 51 52
f 79 50 51
f 73 50 79
f 73 49 50
f 48 49 73
f 63 60 59
f 63 61 60
f 62 61 63
f 73 45 46
f 73 54 45
f 55 54 73
f 64 98 97
f 64 99 98
f 100 99 64
f 64 85 100
f 64 74 85
f 63 74 64
f 63 73 74
f 56 73 63
f 56 55 73
f 5 64 80
f 5 7 64
f 66 24 15
f 66 53 24
f 68 53 66
f 68 78 53
f 9 63 8
f 9 62 63
f 15 65 66
f 15 1 65
f 65 74 69
f 65 91 74
f 1 91 65
f 1 2 91
f 100 20 99
f 100 19 20
f 85 19 100
f 85 18 19
f 86 18 85
f 86 17 18
f 87 17 86
f 87 16 17
f 88 16 87
f 88 14 16
f 89 14 88
f 89 13 14
f 90 13 89
f 90 3 13
f 91 3 90
f 91 2 3
f 99 25 98
f 99 20 25
f 26 98 25
f 26 97 98
f 27 97 26
f 27 96 97
f 11 96 27
f 11 95 96
f 12 95 11
f 12 92 95
f 28 92 12
f 28 93 92
f 29 93 28
f 29 94 93
f 31 94 29
f 31 84 94
f 32 84 31
f 32 83 84
f 71 82 72
f 71 77 82
f 32 76 83
f 32 30 76
f 103 102 101
f 105 101 104
f 105 103 101
f 106 103 105
f 106 107 103
f 103 108 102
f 103 109 108
f 110 109 103
f 110 111 109
f 109 113 112
f 109 114 113
f 111 114 109
f 106 115 107
f 106 116 115
f 117 116 106
f 117 118 116
f 119 118 117
f 120 105 104
f 120 121 105
f 122 121 120
f 120 123 122
f 120 124 123
f 125 124 120
f 115 126 107
f 115 127 126
f 128 127 115
f 128 129 127
f 128 130 129
f 128 131 130
f 132 131 128
f 117 133 119
f 117 134 133
f 135 134 117
f 135 136 134
f 110 103 137
f 138 110 137
f 138 111 110
f 139 111 138
f 139 114 111
f 140 114 139
f 140 113 114
f 141 113 140
f 141 112 113
f 142 112 141
f 142 109 112
f 143 109 142
f 143 108 109
f 144 108 143
f 144 102 108
f 145 102 144
f 148 147 146
f 149 147 137
f 149 150 147
f 151 147 148
f 154 153 152
f 154 155 153
f 150 155 154
f 149 155 150
f 149 156 155
f 157 156 149
f 138 143 139
f 138 137 143
f 137 144 143
f 137 145 144
f 147 145 137
f 147 158 145
f 151 158 147
f 161 160 159
f 143 140 139
f 143 141 140
f 142 141 143
f 164 163 162
f 148 164 162
f 148 165 164
f 146 165 148
f 154 161 159
f 154 166 161
f 152 166 154
f 167 156 157
f 167 168 156
f 169 168 167
f 167 170 169
f 167 171 170
f 172 171 167
f 103 149 137
f 103 107 149
f 104 101 158
f 151 104 158
f 151 120 104
f 148 120 151
f 148 125 120
f 162 125 148
f 162 124 125
f 163 124 162
f 163 123 124
f 164 123 163
f 164 122 123
f 165 122 164
f 165 121 122
f 146 121 165
f 146 105 121
f 147 105 146
f 101 145 158
f 101 102 145
f 147 106 105
f 147 150 106
f 117 106 150
f 154 117 150
f 154 135 117
f 159 135 154
f 159 136 135
f 160 136 159
f 160 134 136
f 161 134 160
f 161 133 134
f 166 133 161
f 166 119 133
f 152 119 166
f 152 118 119
f 153 118 152
f 153 116 118
f 155 116 153
f 155 115 116
f 155 156 115
f 128 115 156
f 168 128 156
f 168 132 128
f 169 132 168
f 169 131 132
f 170 131 169
f 170 130 131
f 171 130 170
f 171 129 130
f 172 129 171
f 172 127 129
f 167 127 172
f 167 126 127
f 157 126 167
f 157 107 126
f 149 107 157
f 175 174 173
f 175 176 174
f 177 176 175
f 177 178 176
f 179 178 177
f 179 180 178
f 181 180 179
f 181 182 180
f 183 182 181
f 183 184 182
f 185 184 183
f 185 186 184
f 187 186 185
f 187 188 186
f 189 188 187
f 189 190 188
f 193 192 191
f 193 194 192
f 195 194 193
f 195 196 194
f 197 196 195
f 197 198 196
f 201 200 199
f 201 202 200
f 204 199 203
f 204 201 199
f 205 201 204
f 205 206 201
f 209 208 207
f 203 210 204
f 203 211 210
f 212 211 203
f 203 213 212
f 203 214 213
f 215 214 203
f 209 216 208
f 209 217 216
f 218 217 209
f 209 219 218
f 209 220 219
f 221 220 209
f 203 222 215
f 203 223 222
f 209 223 203
f 209 224 223
f 207 224 209
f 226 202 225
f 226 200 202
f 190 228 227
f 190 189 228
f 231 230 229
f 233 205 232
f 233 206 205
f 230 206 233
f 230 234 206
f 231 234 230
f 237 236 235
f 237 238 236
f 205 239 232
f 205 238 239
f 240 238 205
f 240 236 238
f 243 242 241
f 243 244 242
f 245 244 243
f 231 243 241
f 231 246 243
f 229 246 231
f 200 247 199
f 200 226 247
f 228 249 248
f 181 179 177
f 175 181 177
f 189 249 228
f 252 251 250
f 198 194 196
f 198 192 194
f 173 192 198
f 173 187 185
f 173 189 187
f 173 249 189
f 198 249 173
f 198 250 249
f 253 250 198
f 253 252 250
f 173 181 175
f 173 183 181
f 185 183 173
f 256 255 254
f 256 257 255
f 258 257 256
f 228 256 254
f 228 259 256
f 248 259 228
f 247 203 199
f 247 209 203
f 226 225 260
f 221 209 247
f 221 234 231
f 221 260 234
f 247 260 221
f 247 226 260
f 202 260 225
f 202 201 260
f 174 262 261
f 191 195 193
f 191 197 195
f 263 262 227
f 266 265 264
f 266 261 265
f 197 261 266
f 197 174 261
f 191 174 197
f 269 268 267
f 269 270 268
f 227 271 263
f 227 268 271
f 272 268 227
f 272 267 268
f 174 227 262
f 174 190 227
f 188 190 174
f 174 180 182
f 174 178 180
f 176 178 174
f 174 186 188
f 174 184 186
f 182 184 174
f 260 206 234
f 260 201 206
f 229 230 224
f 207 229 224
f 207 246 229
f 208 246 207
f 208 243 246
f 216 243 208
f 216 245 243
f 217 245 216
f 217 244 245
f 218 244 217
f 218 242 244
f 219 242 218
f 219 241 242
f 220 241 219
f 220 231 241
f 221 231 220
f 266 198 197
f 266 253 198
f 224 233 223
f 224 230 233
f 262 250 261
f 262 249 250
f 254 227 228
f 254 272 227
f 255 272 254
f 255 267 272
f 257 267 255
f 257 269 267
f 258 269 257
f 258 270 269
f 256 270 258
f 256 268 270
f 259 268 256
f 259 271 268
f 248 271 259
f 248 263 271
f 249 263 248
f 249 262 263
f 222 223 233
f 232 222 233
f 232 215 222
f 239 215 232
f 239 214 215
f 238 214 239
f 238 213 214
f 237 213 238
f 237 212 213
f 235 212 237
f 235 211 212
f 236 211 235
f 236 210 211
f 240 210 236
f 240 204 210
f 205 204 240
f 191 173 174
f 191 192 173
f 264 253 266
f 264 252 253
f 265 252 264
f 265 251 252
f 261 251 265
f 261 250 251
f 275 274 273
f 275 276 274
f 4 273 5
f 4 275 273
f 72 278 277
f 72 71 278
f 280 278 279
f 280 277 278
f 4 280 279
f 4 5 280
f 280 72 277
f 280 274 72
f 5 274 280
f 5 273 274
f 72 276 71
f 72 274 276
f 279 275 4
f 279 276 275
f 278 276 279
f 278 71 276
f 283 282 281
f 283 276 282
f 284 276 283
f 284 274 276
f 282 286 285
f 282 276 286
f 282 287 281
f 282 285 287
f 287 289 288
f 287 290 289
f 285 290 287
f 285 286 290
f 287 283 281
f 287 288 283
f 283 289 284
f 283 288 289
f 289 274 284
f 289 290 274
f 274 286 276
f 274 290 286
f 293 292 291
f 293 294 292
f 295 294 293
f 295 296 294
f 297 296 295
f 297 298 296
f 297 293 291
f 297 295 293
f 294 298 292
f 294 296 298
f 291 298 297
f 291 292 298
f 301 300 299
f 301 302 300
f 303 302 301
f 303 304 302
f 305 304 303
f 305 306 304
f 307 306 305
f 307 308 306
f 309 308 307
f 309 310 308
f 311 310 309
f 311 312 310
f 313 312 311
f 313 314 312
f 315 314 313
f 315 316 314
f 319 318 317
f 319 320 318
f 321 320 319
f 321 322 320
f 323 322 321
f 323 324 322
f 327 326 325
f 327 328 326
f 330 325 329
f 330 327 325
f 331 327 330
f 331 332 327
f 335 334 333
f 329 336 330
f 329 337 336
f 338 337 329
f 329 339 338
f 329 340 339
f 341 340 329
f 335 342 334
f 335 343 342
f 344 343 335
f 335 345 344
f 335 346 345
f 347 346 335
f 329 348 341
f 329 349 348
f 335 349 329
f 335 350 349
f 333 350 335
f 352 328 351
f 352 326 328
f 316 354 353
f 316 315 354
f 357 356 355
f 359 331 358
f 359 332 331
f 356 332 359
f 356 360 332
f 357 360 356
f 363 362 361
f 363 364 362
f 331 365 358
f 331 364 365
f 366 364 331
f 366 362 364
f 369 368 367
f 369 370 368
f 371 370 369
f 357 369 367
f 357 372 369
f 355 372 357
f 326 373 325
f 326 352 373
f 354 375 374
f 307 305 303
f 301 307 303
f 315 375 354
f 378 377 376
f 324 320 322
f 324 318 320
f 299 318 324
f 299 313 311
f 299 315 313
f 299 375 315
f 324 375 299
f 324 376 375
f 379 376 324
f 379 378 376
f 299 307 301
f 299 309 307
f 311 309 299
f 382 381 380
f 382 383 381
f 384 383 382
f 354 382 380
f 354 385 382
f 374 385 354
f 373 329 325
f 373 335 329
f 352 351 386
f 347 335 373
f 347 360 357
f 347 386 360
f 373 386 347
f 373 352 386
f 328 386 351
f 328 327 386
f 300 388 387
f 317 321 319
f 317 323 321
f 389 388 353
f 392 391 390
f 392 387 391
f 323 387 392
f 323 300 387
f 317 300 323
f 395 394 393
f 395 396 394
f 353 397 389
f 353 394 397
f 398 394 353
f 398 393 394
f 300 353 388
f 300 316 353
f 314 316 300
f 300 306 308
f 300 304 306
f 302 304 300
f 300 312 314
f 300 310 312
f 308 310 300
f 386 332 360
f 386 327 332
f 355 356 350
f 333 355 350
f 333 372 355
f 334 372 333
f 334 369 372
f 342 369 334
f 342 371 369
f 343 371 342
f 343 370 371
f 344 370 343
f 344 368 370
f 345 368 344
f 345 367 368
f 346 367 345
f 346 357 367
f 347 357 346
f 392 324 323
f 392 379 324
f 350 359 349
f 350 356 359
f 388 376 387
f 388 375 376
f 380 353 354
f 380 398 353
f 381 398 380
f 381 393 398
f 383 393 381
f 383 395 393
f 384 395 383
f 384 396 395
f 382 396 384
f 382 394 396
f 385 394 382
f 385 397 394
f 374 397 385
f 374 389 397
f 375 389 374
f 375 388 389
f 348 349 359
f 358 348 359
f 358 341 348
f 365 341 358
f 365 340 341
f 364 340 365
f 364 339 340
f 363 339 364
f 363 338 339
f 361 338 363
f 361 337 338
f 362 337 361
f 362 336 337
f 366 336 362
f 366 330 336
f 331 330 366
f 317 299 300
f 317 318 299
f 390 379 392
f 390 378 379
f 391 378 390
f 391 377 378
f 387 377 391
f 387 376 377
f 401 400 399
f 403 399 402
f 403 401 399
f 404 401 403
f 404 405 401
f 401 406 400
f 401 407 406
f 408 407 401
f 408 409 407
f 407 411 410
f 407 412 411
f 409 412 407
f 404 413 405
f 404 414 413
f 415 414 404
f 415 416 414
f 417 416 415
f 418 403 402
f 418 419 403
f 420 419 418
f 418 421 420
f 418 422 421
f 423 422 418
f 413 424 405
f 413 425 424
f 426 425 413
f 426 427 425
f 426 428 427
f 426 429 428
f 430 429 426
f 415 431 417
f 415 432 431
f 433 432 415
f 433 434 432
f 408 401 435
f 436 408 435
f 436 409 408
f 437 409 436
f 437 412 409
f 438 412 437
f 438 411 412
f 439 411 438
f 439 410 411
f 440 410 439
f 440 407 410
f 441 407 440
f 441 406 407
f 442 406 441
f 442 400 406
f 443 400 442
f 446 445 444
f 447 445 435
f 447 448 445
f 449 445 446
f 452 451 450
f 452 453 451
f 448 453 452
f 447 453 448
f 447 454 453
f 455 454 447
f 436 441 437
f 436 435 441
f 435 442 441
f 435 443 442
f 445 443 435
f 445 456 443
f 449 456 445
f 459 458 457
f 441 438 437
f 441 439 438
f 440 439 441
f 462 461 460
f 446 462 460
f 446 463 462
f 444 463 446
f 452 459 457
f 452 464 459
f 450 464 452
f 465 454 455
f 465 466 454
f 467 466 465
f 465 468 467
f 465 469 468
f 470 469 465
f 401 447 435
f 401 405 447
f 402 399 456
f 449 402 456
f 449 418 402
f 446 418 449
f 446 423 418
f 460 423 446
f 460 422 423
f 461 422 460
f 461 421 422
f 462 421 461
f 462 420 421
f 463 420 462
f 463 419 420
f 444 419 463
f 444 403 419
f 445 403 444
f 399 443 456
f 399 400 443
f 445 404 403
f 445 448 404
f 415 404 448
f 452 415 448
f 452 433 415
f 457 433 452
f 457 434 433
f 458 434 457
f 458 432 434
f 459 432 458
f 459 431 432
f 464 431 459
f 464 417 431
f 450 417 464
f 450 416 417
f 451 416 450
f 451 414 416
f 453 414 451
f 453 413 414
f 453 454 413
f 426 413 454
f 466 426 454
f 466 430 426
f 467 430 466
f 467 429 430
f 468 429 467
f 468 428 429
f 469 428 468
f 469 427 428
f 470 427 469
f 470 425 427
f 465 425 470
f 465 424 425
f 455 424 465
f 455 405 424
f 447 405 455
f 473 472 471
f 476 475 474
f 476 477 475
f 480 479 478
f 482 481 476
f 471 483 473
f 471 484 483
f 485 484 471
f 485 486 484
f 487 486 485
f 477 480 478
f 485 488 487
f 485 489 488
f 490 489 485
f 485 492 491
f 485 493 492
f 494 493 485
f 485 495 490
f 485 496 495
f 476 496 485
f 476 497 496
f 481 497 476
f 476 498 482
f 476 499 498
f 500 499 476
f 500 501 499
f 502 501 500
f 504 476 503
f 504 477 476
f 505 477 504
f 505 480 477
f 476 506 503
f 476 507 506
f 508 507 476
f 476 509 508
f 476 510 509
f 511 510 476
f 476 512 511
f 476 513 512
f 485 513 476
f 485 514 513
f 491 514 485
f 511 515 510
f 511 516 515
f 512 516 511
f 512 517 516
f 513 517 512
f 513 518 517
f 514 518 513
f 514 519 518
f 491 519 514
f 491 520 519
f 492 520 491
f 492 521 520
f 493 521 492
f 493 522 521
f 494 522 493
f 494 523 522
f 524 510 515
f 524 509 510
f 525 509 524
f 525 508 509
f 526 508 525
f 526 507 508
f 527 507 526
f 527 506 507
f 528 506 527
f 528 503 506
f 529 503 528
f 529 504 503
f 530 504 529
f 530 505 504
f 531 505 530
f 531 480 505
f 532 480 531
f 532 479 480
f 534 478 533
f 534 477 478
f 537 536 535
f 537 538 536
f 540 535 539
f 540 537 535
f 541 537 540
f 541 542 537
f 539 543 540
f 539 544 543
f 546 476 545
f 546 500 476
f 543 541 540
f 543 547 541
f 537 548 538
f 537 549 548
f 551 475 550
f 551 474 475
f 537 552 549
f 537 542 552
f 476 551 545
f 476 474 551
f 534 551 550
f 534 545 551
f 543 552 547
f 543 549 552
f 522 523 548
f 554 553 546
f 545 554 546
f 544 556 555
f 544 557 556
f 558 557 544
f 544 559 558
f 544 560 559
f 561 560 544
f 549 522 548
f 517 543 516
f 517 518 543
f 533 527 526
f 533 528 527
f 529 528 533
f 563 534 562
f 563 545 534
f 564 545 563
f 564 554 545
f 534 565 562
f 534 566 565
f 567 566 534
f 549 521 522
f 549 520 521
f 543 520 549
f 543 519 520
f 518 519 543
f 533 530 529
f 533 531 530
f 532 531 533
f 543 515 516
f 543 524 515
f 525 524 543
f 534 568 567
f 534 569 568
f 570 569 534
f 534 555 570
f 534 544 555
f 533 544 534
f 533 543 544
f 526 543 533
f 526 525 543
f 475 534 550
f 475 477 534
f 536 494 485
f 536 523 494
f 538 523 536
f 538 548 523
f 479 533 478
f 479 532 533
f 485 535 536
f 485 471 535
f 535 544 539
f 535 561 544
f 471 561 535
f 471 472 561
f 570 490 569
f 570 489 490
f 555 489 570
f 555 488 489
f 556 488 555
f 556 487 488
f 557 487 556
f 557 486 487
f 558 486 557
f 558 484 486
f 559 484 558
f 559 483 484
f 560 483 559
f 560 473 483
f 561 473 560
f 561 472 473
f 569 495 568
f 569 490 495
f 496 568 495
f 496 567 568
f 497 567 496
f 497 566 567
f 481 566 497
f 481 565 566
f 482 565 481
f 482 562 565
f 498 562 482
f 498 563 562
f 499 563 498
f 499 564 563
f 501 564 499
f 501 554 564
f 502 554 501
f 502 553 554
f 541 552 542
f 541 547 552
f 502 546 553
f 502 500 546
f 573 572 571
f 573 574 572
f 575 574 573
f 575 576 574
f 577 576 575
f 577 578 576
f 577 573 571
f 577 575 573
f 574 578 572
f 574 576 578
f 571 578 577
f 571 572 578
f 581 580 579
f 581 582 580
f 583 582 581
f 583 584 582
f 580 586 585
f 580 582 586
f 580 587 579
f 580 585 587
f 587 589 588
f 587 590 589
f 585 590 587
f 585 586 590
f 587 581 579
f 587 588 581
f 581 589 583
f 581 588 589
f 589 584 583
f 589 590 584
f 584 586 582
f 584 590 586
f 592 584 591
f 592 582 584
f 474 591 475
f 474 592 591
f 542 594 593
f 542 541 594
f 596 594 595
f 596 593 594
f 474 596 595
f 474 475 596
f 596 542 593
f 596 584 542
f 475 584 596
f 475 591 584
f 542 582 541
f 542 584 582
f 595 592 474
f 595 582 592
f 594 582 595
f 594 541 582
f 599 598 597
f 599 600 598
f 601 600 599
f 601 602 600
f 603 602 601
f 603 604 602
f 605 604 603
f 605 606 604
f 607 606 605
f 607 608 606
f 609 608 607
f 609 610 608
f 611 610 609
f 611 612 610
f 613 612 611
f 613 614 612
f 617 616 615
f 617 618 616
f 619 618 617
f 619 620 618
f 621 620 619
f 621 622 620
f 625 624 623
f 625 626 624
f 628 623 627
f 628 625 623
f 629 625 628
f 629 630 625
f 633 632 631
f 627 634 628
f 627 635 634
f 636 635 627
f 627 637 636
f 627 638 637
f 639 638 627
f 633 640 632
f 633 641 640
f 642 641 633
f 633 643 642
f 633 644 643
f 645 644 633
f 627 646 639
f 627 647 646
f 633 647 627
f 633 648 647
f 631 648 633
f 650 626 649
f 650 624 626
f 614 652 651
f 614 613 652
f 655 654 653
f 657 629 656
f 657 630 629
f 654 630 657
f 654 658 630
f 655 658 654
f 661 660 659
f 661 662 660
f 629 663 656
f 629 662 663
f 664 662 629
f 664 660 662
f 667 666 665
f 667 668 666
f 669 668 667
f 655 667 665
f 655 670 667
f 653 670 655
f 624 671 623
f 624 650 671
f 652 673 672
f 605 603 601
f 599 605 601
f 613 673 652
f 676 675 674
f 622 618 620
f 622 616 618
f 597 616 622
f 597 611 609
f 597 613 611
f 597 673 613
f 622 673 597
f 622 674 673
f 677 674 622
f 677 676 674
f 597 605 599
f 597 607 605
f 609 607 597
f 680 679 678
f 680 681 679
f 682 681 680
f 652 680 678
f 652 683 680
f 672 683 652
f 671 627 623
f 671 633 627
f 650 649 684
f 645 633 671
f 645 658 655
f 645 684 658
f 671 684 645
f 671 650 684
f 626 684 649
f 626 625 684
f 598 686 685
f 615 619 617
f 615 621 619
f 687 686 651
f 690 689 688
f 690 685 689
f 621 685 690
f 621 598 685
f 615 598 621
f 693 692 691
f 693 694 692
f 651 695 687
f 651 692 695
f 696 692 651
f 696 691 692
f 598 651 686
f 598 614 651
f 612 614 598
f 598 604 606
f 598 602 604
f 600 602 598
f 598 610 612
f 598 608 610
f 606 608 598
f 684 630 658
f 684 625 630
f 653 654 648
f 631 653 648
f 631 670 653
f 632 670 631
f 632 667 670
f 640 667 632
f 640 669 667
f 641 669 640
f 641 668 669
f 642 668 641
f 642 666 668
f 643 666 642
f 643 665 666
f 644 665 643
f 644 655 665
f 645 655 644
f 690 622 621
f 690 677 622
f 648 657 647
f 648 654 657
f 686 674 685
f 686 673 674
f 678 651 652
f 678 696 651
f 679 696 678
f 679 691 696
f 681 691 679
f 681 693 691
f 682 693 681
f 682 694 693
f 680 694 682
f 680 692 694
f 683 692 680
f 683 695 692
f 672 695 683
f 672 687 695
f 673 687 672
f 673 686 687
f 646 647 657
f 656 646 657
f 656 639 646
f 663 639 656
f 663 638 639
f 662 638 663
f 662 637 638
f 661 637 662
f 661 636 637
f 659 636 661
f 659 635 636
f 660 635 659
f 660 634 635
f 664 634 660
f 664 628 634
f 629 628 664
f 615 597 598
f 615 616 597
f 688 677 690
f 688 676 677
f 689 676 688
f 689 675 676
f 685 675 689
f 685 674 675
f 699 698 697
f 701 697 700
f 701 699 697
f 702 699 701
f 702 703 699
f 699 704 698
f 699 705 704
f 706 705 699
f 706 707 705
f 705 709 708
f 705 710 709
f 707 710 705
f 702 711 703
f 702 712 711
f 713 712 702
f 713 714 712
f 715 714 713
f 716 701 700
f 716 717 701
f 718 717 716
f 716 719 718
f 716 720 719
f 721 720 716
f 711 722 703
f 711 723 722
f 724 723 711
f 724 725 723
f 724 726 725
f 724 727 726
f 728 727 724
f 713 729 715
f 713 730 729
f 731 730 713
f 731 732 730
f 706 699 733
f 734 706 733
f 734 707 706
f 735 707 734
f 735 710 707
f 736 710 735
f 736 709 710
f 737 709 736
f 737 708 709
f 738 708 737
f 738 705 708
f 739 705 738
f 739 704 705
f 740 704 739
f 740 698 704
f 741 698 740
f 744 743 742
f 745 743 733
f 745 746 743
f 747 743 744
f 750 749 748
f 750 751 749
f 746 751 750
f 745 751 746
f 745 752 751
f 753 752 745
f 734 739 735
f 734 733 739
f 733 740 739
f 733 741 740
f 743 741 733
f 743 754 741
f 747 754 743
f 757 756 755
f 739 736 735
f 739 737 736
f 738 737 739
f 760 759 758
f 744 760 758
f 744 761 760
f 742 761 744
f 750 757 755
f 750 762 757
f 748 762 750
f 763 752 753
f 763 764 752
f 765 764 763
f 763 766 765
f 763 767 766
f 768 767 763
f 699 745 733
f 699 703 745
f 700 697 754
f 747 700 754
f 747 716 700
f 744 716 747
f 744 721 716
f 758 721 744
f 758 720 721
f 759 720 758
f 759 719 720
f 760 719 759
f 760 718 719
f 761 718 760
f 761 717 718
f 742 717 761
f 742 701 717
f 743 701 742
f 697 741 754
f 697 698 741
f 743 702 701
f 743 746 702
f 713 702 746
f 750 713 746
f 750 731 713
f 755 731 750
f 755 732 731
f 756 732 755
f 756 730 732
f 757 730 756
f 757 729 730
f 762 729 757
f 762 715 729
f 748 715 762
f 748 714 715
f 749 714 748
f 749 712 714
f 751 712 749
f 751 711 712
f 751 752 711
f 724 711 752
f 764 724 752
f 764 728 724
f 765 728 764
f 765 727 728
f 766 727 765
f 766 726 727
f 767 726 766
f 767 725 726
f 768 725 767
f 768 723 725
f 763 723 768
f 763 722 723
f 753 722 763
f 753 703 722
f 745 703 753
f 771 770 769
f 771 772 770
f 773 772 771
f 773 774 772
f 770 776 775
f 770 772 776
f 770 777 769
f 770 775 777
f 777 779 778
f 777 780 779
f 775 780 777
f 775 776 780
f 777 771 769
f 777 778 771
f 771 779 773
f 771 778 779
f 779 774 773
f 779 780 774
f 774 776 772
f 774 780 776
f 782 774 781
f 782 772 774
f 784 781 783
f 784 782 781
f 787 786 785
f 787 788 786
f 790 786 789
f 790 785 786
f 784 790 789
f 784 783 790
f 790 787 785
f 790 774 787
f 783 774 790
f 783 781 774
f 787 772 788
f 787 774 772
f 789 782 784
f 789 772 782
f 786 772 789
f 786 788 772
f 793 792 791
f 794 783 784
f 794 795 783
f 798 797 796
f 800 799 794
f 791 801 793
f 791 802 801
f 803 802 791
f 803 804 802
f 805 804 803
f 795 798 796
f 803 806 805
f 803 807 806
f 808 807 803
f 803 810 809
f 803 811 810
f 812 811 803
f 803 813 808
f 803 814 813
f 794 814 803
f 794 815 814
f 799 815 794
f 794 816 800
f 794 817 816
f 818 817 794
f 818 819 817
f 820 819 818
f 822 794 821
f 822 795 794
f 823 795 822
f 823 798 795
f 794 824 821
f 794 825 824
f 826 825 794
f 794 827 826
f 794 828 827
f 829 828 794
f 794 830 829
f 794 831 830
f 803 831 794
f 803 832 831
f 809 832 803
f 829 833 828
f 829 834 833
f 830 834 829
f 830 835 834
f 831 835 830
f 831 836 835
f 832 836 831
f 832 837 836
f 809 837 832
f 809 838 837
f 810 838 809
f 810 839 838
f 811 839 810
f 811 840 839
f 812 840 811
f 812 841 840
f 842 828 833
f 842 827 828
f 843 827 842
f 843 826 827
f 844 826 843
f 844 825 826
f 845 825 844
f 845 824 825
f 846 824 845
f 846 821 824
f 847 821 846
f 847 822 821
f 848 822 847
f 848 823 822
f 849 823 848
f 849 798 823
f 850 798 849
f 850 797 798
f 852 796 851
f 852 795 796
f 855 854 853
f 855 856 854
f 858 853 857
f 858 855 853
f 788 855 858
f 788 787 855
f 857 859 858
f 857 860 859
f 862 794 861
f 862 818 794
f 859 788 858
f 859 863 788
f 855 864 856
f 855 865 864
f 867 783 866
f 867 784 783
f 855 868 865
f 855 787 868
f 794 867 861
f 794 784 867
f 852 867 866
f 852 861 867
f 859 868 863
f 859 865 868
f 840 841 864
f 870 869 862
f 861 870 862
f 860 872 871
f 860 873 872
f 874 873 860
f 860 875 874
f 860 876 875
f 877 876 860
f 865 840 864
f 835 859 834
f 835 836 859
f 851 845 844
f 851 846 845
f 847 846 851
f 879 852 878
f 879 861 852
f 880 861 879
f 880 870 861
f 852 881 878
f 852 882 881
f 883 882 852
f 865 839 840
f 865 838 839
f 859 838 865
f 859 837 838
f 836 837 859
f 851 848 847
f 851 849 848
f 850 849 851
f 859 833 834
f 859 842 833
f 843 842 859
f 852 884 883
f 852 885 884
f 886 885 852
f 852 871 886
f 852 860 871
f 851 860 852
f 851 859 860
f 844 859 851
f 844 843 859
f 783 852 866
f 783 795 852
f 854 812 803
f 854 841 812
f 856 841 854
f 856 864 841
f 797 851 796
f 797 850 851
f 803 853 854
f 803 791 853
f 853 860 857
f 853 877 860
f 791 877 853
f 791 792 877
f 886 808 885
f 886 807 808
f 871 807 886
f 871 806 807
f 872 806 871
f 872 805 806
f 873 805 872
f 873 804 805
f 874 804 873
f 874 802 804
f 875 802 874
f 875 801 802
f 876 801 875
f 876 793 801
f 877 793 876
f 877 792 793
f 885 813 884
f 885 808 813
f 814 884 813
f 814 883 884
f 815 883 814
f 815 882 883
f 799 882 815
f 799 881 882
f 800 881 799
f 800 878 881
f 816 878 800
f 816 879 878
f 817 879 816
f 817 880 879
f 819 880 817
f 819 870 880
f 820 870 819
f 820 869 870
f 788 868 787
f 788 863 868
f 820 862 869
f 820 818 862
f 889 888 887
f 889 890 888
f 891 890 889
f 891 892 890
f 893 892 891
f 893 894 892
f 893 889 887
f 893 891 889
f 890 894 888
f 890 892 894
f 887 894 893
f 887 888 894
f 897 896 895
f 897 898 896
f 899 898 897
f 899 900 898
f 901 900 899
f 901 902 900
f 903 902 901
f 903 904 902
f 905 904 903
f 905 906 904
f 907 906 905
f 907 908 906
f 909 908 907
f 909 910 908
f 911 910 909
f 911 912 910
f 915 914 913
f 915 916 914
f 917 916 915
f 917 918 916
f 919 918 917
f 919 920 918
f 923 922 921
f 923 924 922
f 926 921 925
f 926 923 921
f 927 923 926
f 927 928 923
f 931 930 929
f 925 932 926
f 925 933 932
f 934 933 925
f 925 935 934
f 925 936 935
f 937 936 925
f 931 938 930
f 931 939 938
f 940 939 931
f 931 941 940
f 931 942 941
f 943 942 931
f 925 944 937
f 925 945 944
f 931 945 925
f 931 946 945
f 929 946 931
f 948 924 947
f 948 922 924
f 912 950 949
f 912 911 950
f 953 952 951
f 955 927 954
f 955 928 927
f 952 928 955
f 952 956 928
f 953 956 952
f 959 958 957
f 959 960 958
f 927 961 954
f 927 960 961
f 962 960 927
f 962 958 960
f 965 964 963
f 965 966 964
f 967 966 965
f 953 965 963
f 953 968 965
f 951 968 953
f 922 969 921
f 922 948 969
f 950 971 970
f 903 901 899
f 897 903 899
f 911 971 950
f 974 973 972
f 920 916 918
f 920 914 916
f 895 914 920
f 895 909 907
f 895 911 909
f 895 971 911
f 920 971 895
f 920 972 971
f 975 972 920
f 975 974 972
f 895 903 897
f 895 905 903
f 907 905 895
f 978 977 976
f 978 979 977
f 980 979 978
f 950 978 976
f 950 981 978
f 970 981 950
f 969 925 921
f 969 931 925
f 948 947 982
f 943 931 969
f 943 956 953
f 943 982 956
f 969 982 943
f 969 948 982
f 924 982 947
f 924 923 982
f 896 984 983
f 913 917 915
f 913 919 917
f 985 984 949
f 988 987 986
f 988 983 987
f 919 983 988
f 919 896 983
f 913 896 919
f 991 990 989
f 991 992 990
f 949 993 985
f 949 990 993
f 994 990 949
f 994 989 990
f 896 949 984
f 896 912 949
f 910 912 896
f 896 902 904
f 896 900 902
f 898 900 896
f 896 908 910
f 896 906 908
f 904 906 896
f 982 928 956
f 982 923 928
f 951 952 946
f 929 951 946
f 929 968 951
f 930 968 929
f 930 965 968
f 938 965 930
f 938 967 965
f 939 967 938
f 939 966 967
f 940 966 939
f 940 964 966
f 941 964 940
f 941 963 964
f 942 963 941
f 942 953 963
f 943 953 942
f 988 920 919
f 988 975 920
f 946 955 945
f 946 952 955
f 984 972 983
f 984 971 972
f 976 949 950
f 976 994 949
f 977 994 976
f 977 989 994
f 979 989 977
f 979 991 989
f 980 991 979
f 980 992 991
f 978 992 980
f 978 990 992
f 981 990 978
f 981 993 990
f 970 993 981
f 970 985 993
f 971 985 970
f 971 984 985
f 944 945 955
f 954 944 955
f 954 937 944
f 961 937 954
f 961 936 937
f 960 936 961
f 960 935 936
f 959 935 960
f 959 934 935
f 957 934 959
f 957 933 934
f 958 933 957
f 958 932 933
f 962 932 958
f 962 926 932
f 927 926 962
f 913 895 896
f 913 914 895
f 986 975 988
f 986 974 975
f 987 974 986
f 987 973 974
f 983 973 987
f 983 972 973
f 997 996 995
f 999 995 998
f 999 997 995
f 1000 997 999
f 1000 1001 997
f 997 1002 996
f 997 1003 1002
f 1004 1003 997
f 1004 1005 1003
f 1003 1007 1006
f 1003 1008 1007
f 1005 1008 1003
f 1000 1009 1001
f 1000 1010 1009
f 1011 1010 1000
f 1011 1012 1010
f 1013 1012 1011
f 1014 999 998
f 1014 1015 999
f 1016 1015 1014
f 1014 1017 1016
f 1014 1018 1017
f 1019 1018 1014
f 1009 1020 1001
f 1009 1021 1020
f 1022 1021 1009
f 1022 1023 1021
f 1022 1024 1023
f 1022 1025 1024
f 1026 1025 1022
f 1011 1027 1013
f 1011 1028 1027
f 1029 1028 1011
f 1029 1030 1028
f 1004 997 1031
f 1032 1004 1031
f 1032 1005 1004
f 1033 1005 1032
f 1033 1008 1005
f 1034 1008 1033
f 1034 1007 1008
f 1035 1007 1034
f 1035 1006 1007
f 1036 1006 1035
f 1036 1003 1006
f 1037 1003 1036
f 1037 1002 1003
f 1038 1002 1037
f 1038 996 1002
f 1039 996 1038
f 1042 1041 1040
f 1043 1041 1031
f 1043 1044 1041
f 1045 1041 1042
f 1048 1047 1046
f 1048 1049 1047
f 1044 1049 1048
f 1043 1049 1044
f 1043 1050 1049
f 1051 1050 1043
f 1032 1037 1033
f 1032 1031 1037
f 1031 1038 1037
f 1031 1039 1038
f 1041 1039 1031
f 1041 1052 1039
f 1045 1052 1041
f 1055 1054 1053
f 1037 1034 1033
f 1037 1035 1034
f 1036 1035 1037
f 1058 1057 1056
f 1042 1058 1056
f 1042 1059 1058
f 1040 1059 1042
f 1048 1055 1053
f 1048 1060 1055
f 1046 1060 1048
f 1061 1050 1051
f 1061 1062 1050
f 1063 1062 1061
f 1061 1064 1063
f 1061 1065 1064
f 1066 1065 1061
f 997 1043 1031
f 997 1001 1043
f 998 995 1052
f 1045 998 1052
f 1045 1014 998
f 1042 1014 1045
f 1042 1019 1014
f 1056 1019 1042
f 1056 1018 1019
f 1057 1018 1056
f 1057 1017 1018
f 1058 1017 1057
f 1058 1016 1017
f 1059 1016 1058
f 1059 1015 1016
f 1040 1015 1059
f 1040 999 1015
f 1041 999 1040
f 995 1039 1052
f 995 996 1039
f 1041 1000 999
f 1041 1044 1000
f 1011 1000 1044
f 1048 1011 1044
f 1048 1029 1011
f 1053 1029 1048
f 1053 1030 1029
f 1054 1030 1053
f 1054 1028 1030
f 1055 1028 1054
f 1055 1027 1028
f 1060 1027 1055
f 1060 1013 1027
f 1046 1013 1060
f 1046 1012 1013
f 1047 1012 1046
f 1047 1010 1012
f 1049 1010 1047
f 1049 1009 1010
f 1049 1050 1009
f 1022 1009 1050
f 1062 1022 1050
f 1062 1026 1022
f 1063 1026 1062
f 1063 1025 1026
f 1064 1025 1063
f 1064 1024 1025
f 1065 1024 1064
f 1065 1023 1024
f 1066 1023 1065
f 1066 1021 1023
f 1061 1021 1066
f 1061 1020 1021
f 1051 1020 1061
f 1051 1001 1020
f 1043 1001 1051
f 1069 1068 1067
f 1072 1071 1070
f 1072 1073 1071
f 1076 1075 1074
f 1078 1077 1072
f 1067 1079 1069
f 1067 1080 1079
f 1081 1080 1067
f 1081 1082 1080
f 1083 1082 1081
f 1073 1076 1074
f 1081 1084 1083
f 1081 1085 1084
f 1086 1085 1081
f 1081 1088 1087
f 1081 1089 1088
f 1090 1089 1081
f 1081 1091 1086
f 1081 1092 1091
f 1072 1092 1081
f 1072 1093 1092
f 1077 1093 1072
f 1072 1094 1078
f 1072 1095 1094
f 1096 1095 1072
f 1096 1097 1095
f 1098 1097 1096
f 1100 1072 1099
f 1100 1073 1072
f 1101 1073 1100
f 1101 1076 1073
f 1072 1102 1099
f 1072 1103 1102
f 1104 1103 1072
f 1072 1105 1104
f 1072 1106 1105
f 1107 1106 1072
f 1072 1108 1107
f 1072 1109 1108
f 1081 1109 1072
f 1081 1110 1109
f 1087 1110 1081
f 1107 1111 1106
f 1107 1112 1111
f 1108 1112 1107
f 1108 1113 1112
f 1109 1113 1108
f 1109 1114 1113
f 1110 1114 1109
f 1110 1115 1114
f 1087 1115 1110
f 1087 1116 1115
f 1088 1116 1087
f 1088 1117 1116
f 1089 1117 1088
f 1089 1118 1117
f 1090 1118 1089
f 1090 1119 1118
f 1120 1106 1111
f 1120 1105 1106
f 1121 1105 1120
f 1121 1104 1105
f 1122 1104 1121
f 1122 1103 1104
f 1123 1103 1122
f 1123 1102 1103
f 1124 1102 1123
f 1124 1099 1102
f 1125 1099 1124
f 1125 1100 1099
f 1126 1100 1125
f 1126 1101 1100
f 1127 1101 1126
f 1127 1076 1101
f 1128 1076 1127
f 1128 1075 1076
f 1130 1074 1129
f 1130 1073 1074
f 1133 1132 1131
f 1133 1134 1132
f 1136 1131 1135
f 1136 1133 1131
f 1137 1133 1136
f 1137 1138 1133
f 1135 1139 1136
f 1135 1140 1139
f 1142 1072 1141
f 1142 1096 1072
f 1139 1137 1136
f 1139 1143 1137
f 1133 1144 1134
f 1133 1145 1144
f 1147 1071 1146
f 1147 1070 1071
f 1133 1148 1145
f 1133 1138 1148
f 1072 1147 1141
f 1072 1070 1147
f 1130 1147 1146
f 1130 1141 1147
f 1139 1148 1143
f 1139 1145 1148
f 1118 1119 1144
f 1150 1149 1142
f 1141 1150 1142
f 1140 1152 1151
f 1140 1153 1152
f 1154 1153 1140
f 1140 1155 1154
f 1140 1156 1155
f 1157 1156 1140
f 1145 1118 1144
f 1113 1139 1112
f 1113 1114 1139
f 1129 1123 1122
f 1129 1124 1123
f 1125 1124 1129
f 1159 1130 1158
f 1159 1141 1130
f 1160 1141 1159
f 1160 1150 1141
f 1130 1161 1158
f 1130 1162 1161
f 1163 1162 1130
f 1145 1117 1118
f 1145 1116 1117
f 1139 1116 1145
f 1139 1115 1116
f 1114 1115 1139
f 1129 1126 1125
f 1129 1127 1126
f 1128 1127 1129
f 1139 1111 1112
f 1139 1120 1111
f 1121 1120 1139
f 1130 1164 1163
f 1130 1165 1164
f 1166 1165 1130
f 1130 1151 1166
f 1130 1140 1151
f 1129 1140 1130
f 1129 1139 1140
f 1122 1139 1129
f 1122 1121 1139
f 1071 1130 1146
f 1071 1073 1130
f 1132 1090 1081
f 1132 1119 1090
f 1134 1119 1132
f 1134 1144 1119
f 1075 1129 1074
f 1075 1128 1129
f 1081 1131 1132
f 1081 1067 1131
f 1131 1140 1135
f 1131 1157 1140
f 1067 1157 1131
f 1067 1068 1157
f 1166 1086 1165
f 1166 1085 1086
f 1151 1085 1166
f 1151 1084 1085
f 1152 1084 1151
f 1152 1083 1084
f 1153 1083 1152
f 1153 1082 1083
f 1154 1082 1153
f 1154 1080 1082
f 1155 1080 1154
f 1155 1079 1080
f 1156 1079 1155
f 1156 1069 1079
f 1157 1069 1156
f 1157 1068 1069
f 1165 1091 1164
f 1165 1086 1091
f 1092 1164 1091
f 1092 1163 1164
f 1093 1163 1092
f 1093 1162 1163
f 1077 1162 1093
f 1077 1161 1162
f 1078 1161 1077
f 1078 1158 1161
f 1094 1158 1078
f 1094 1159 1158
f 1095 1159 1094
f 1095 1160 1159
f 1097 1160 1095
f 1097 1150 1160
f 1098 1150 1097
f 1098 1149 1150
f 1137 1148 1138
f 1137 1143 1148
f 1098 1142 1149
f 1098 1096 1142
f 1169 1168 1167
f 1169 1170 1168
f 1070 1167 1071
f 1070 1169 1167
f 1138 1172 1171
f 1138 1137 1172
f 1174 1172 1173
f 1174 1171 1172
f 1070 1174 1173
f 1070 1071 1174
f 1174 1138 1171
f 1174 1168 1138
f 1071 1168 1174
f 1071 1167 1168
f 1138 1170 1137
f 1138 1168 1170
f 1173 1169 1070
f 1173 1170 1169
f 1172 1170 1173
f 1172 1137 1170
f 1177 1176 1175
f 1177 1178 1176
f 1178 1179 1176
f 1178 1180 1179
f 1177 1180 1178
f 1177 1181 1180
f 1175 1181 1177
f 1175 1182 1181
f 1179 1181 1182
f 1179 1180 1181
f 1176 1182 1175
f 1176 1179 1182
f 1185 1184 1183
f 1185 1186 1184
f 1187 1186 1185
f 1189 1183 1188
f 1189 1185 1183
f 1190 1185 1189
f 1190 1191 1185
f 1192 1191 1190
f 1192 1193 1191
f 1194 1193 1192
f 1194 1196 1195
f 1194 1197 1196
f 1192 1197 1194
f 1192 1198 1197
f 1199 1198 1192
f 1201 1200 1194
f 1194 1202 1201
f 1194 1203 1202
f 1195 1203 1194
f 1189 1205 1204
f 1206 1186 1187
f 1206 1207 1186
f 1208 1207 1206
f 1209 1189 1188
f 1209 1205 1189
f 1210 1205 1209
f 1198 1212 1211
f 1198 1213 1212
f 1199 1213 1198
f 1212 1214 1211
f 1212 1215 1214
f 1216 1215 1212
f 1216 1217 1215
f 1209 1218 1210
f 1209 1219 1218
f 1220 1219 1209
f 1209 1221 1220
f 1209 1222 1221
f 1223 1222 1209
f 1189 1225 1224
f 1189 1226 1225
f 1227 1226 1189
f 1189 1228 1227
f 1189 1229 1228
f 1204 1229 1189
f 1232 1231 1230
f 1232 1233 1231
f 1208 1233 1232
f 1208 1234 1233
f 1206 1234 1208
f 1196 1197 1235
f 1236 1196 1235
f 1236 1195 1196
f 1237 1195 1236
f 1237 1203 1195
f 1238 1203 1237
f 1238 1202 1203
f 1239 1202 1238
f 1239 1201 1202
f 1240 1201 1239
f 1240 1200 1201
f 1241 1200 1240
f 1241 1194 1200
f 1242 1194 1241
f 1206 1243 1234
f 1206 1244 1243
f 1187 1244 1206
f 1187 1245 1244
f 1185 1245 1187
f 1185 1246 1245
f 1191 1246 1185
f 1191 1247 1246
f 1193 1247 1191
f 1193 1248 1247
f 1194 1248 1193
f 1194 1242 1248
f 1250 1249 1189
f 1224 1250 1189
f 1224 1251 1250
f 1225 1251 1224
f 1225 1252 1251
f 1226 1252 1225
f 1226 1253 1252
f 1227 1253 1226
f 1227 1254 1253
f 1228 1254 1227
f 1228 1255 1254
f 1229 1255 1228
f 1229 1256 1255
f 1204 1256 1229
f 1204 1257 1256
f 1205 1257 1204
f 1223 1209 1258
f 1259 1223 1258
f 1259 1222 1223
f 1260 1222 1259
f 1260 1221 1222
f 1261 1221 1260
f 1261 1220 1221
f 1262 1220 1261
f 1262 1219 1220
f 1263 1219 1262
f 1263 1218 1219
f 1264 1218 1263
f 1264 1210 1218
f 1265 1210 1264
f 1197 1266 1235
f 1197 1198 1266
f 1205 1265 1257
f 1205 1210 1265
f 1246 1268 1267
f 1246 1249 1268
f 1247 1249 1246
f 1247 1269 1249
f 1248 1269 1247
f 1248 1270 1269
f 1242 1270 1248
f 1242 1266 1270
f 1235 1266 1242
f 1242 1236 1235
f 1242 1237 1236
f 1238 1237 1242
f 1249 1271 1268
f 1249 1272 1271
f 1258 1272 1249
f 1242 1239 1238
f 1242 1240 1239
f 1241 1240 1242
f 1267 1245 1246
f 1267 1244 1245
f 1273 1244 1267
f 1273 1274 1244
f 1266 1275 1270
f 1266 1276 1275
f 1277 1276 1266
f 1277 1278 1276
f 1279 1278 1277
f 1249 1265 1258
f 1249 1257 1265
f 1256 1257 1249
f 1280 1278 1279
f 1280 1281 1278
f 1282 1281 1280
f 1285 1284 1283
f 1258 1263 1259
f 1258 1264 1263
f 1265 1264 1258
f 1263 1260 1259
f 1263 1261 1260
f 1262 1261 1263
f 1274 1243 1244
f 1274 1283 1243
f 1286 1283 1274
f 1286 1285 1283
f 1249 1255 1256
f 1249 1254 1255
f 1253 1254 1249
f 1249 1252 1253
f 1249 1251 1252
f 1250 1251 1249
f 1273 1208 1274
f 1273 1207 1208
f 1267 1207 1273
f 1267 1186 1207
f 1268 1186 1267
f 1268 1184 1186
f 1271 1184 1268
f 1271 1183 1184
f 1272 1183 1271
f 1272 1188 1183
f 1258 1188 1272
f 1258 1209 1188
f 1277 1266 1198
f 1211 1277 1198
f 1211 1279 1277
f 1214 1279 1211
f 1214 1280 1279
f 1215 1280 1214
f 1215 1282 1280
f 1217 1282 1215
f 1217 1281 1282
f 1216 1281 1217
f 1216 1278 1281
f 1212 1278 1216
f 1212 1276 1278
f 1213 1276 1212
f 1213 1275 1276
f 1199 1275 1213
f 1286 1230 1285
f 1286 1232 1230
f 1274 1232 1286
f 1274 1208 1232
f 1199 1270 1275
f 1199 1192 1270
f 1285 1231 1284
f 1285 1230 1231
f 1269 1192 1190
f 1269 1270 1192
f 1283 1234 1243
f 1283 1233 1234
f 1284 1233 1283
f 1284 1231 1233
f 1249 1190 1189
f 1249 1269 1190
f 1284 1287 1285
f 1284 1288 1287
f 1290 1285 1289
f 1290 1284 1285
f 1291 1284 1290
f 1291 1292 1284
f 1291 1293 1292
f 1291 1294 1293
f 1290 1294 1291
f 1290 1295 1294
f 1289 1295 1290
f 1289 1296 1295
f 1285 1296 1289
f 1285 1287 1296
f 1295 1293 1294
f 1295 1288 1293
f 1296 1288 1295
f 1296 1287 1288
f 1284 1293 1288
f 1284 1292 1293
f 1299 1298 1297
f 1299 1300 1298
f 1300 1301 1298
f 1300 1302 1301
f 1299 1302 1300
f 1299 1303 1302
f 1301 1303 1304
f 1301 1302 1303
f 1297 1303 1299
f 1297 1304 1303
f 1298 1304 1297
f 1298 1301 1304
f 1307 1306 1305
f 1307 1308 1306
f 1309 1308 1307
f 1312 1311 1310
f 1312 1313 1311
f 1314 1313 1312
f 1317 1316 1315
f 1320 1319 1318
f 1320 1321 1319
f 1307 1321 1320
f 1307 1322 1321
f 1323 1322 1307
f 1325 1323 1324
f 1325 1326 1323
f 1327 1326 1325
f 1327 1328 1326
f 1329 1328 1327
f 1312 1330 1314
f 1312 1331 1330
f 1332 1331 1312
f 1323 1333 1324
f 1323 1334 1333
f 1307 1334 1323
f 1307 1335 1334
f 1305 1335 1307
f 1338 1337 1336
f 1336 1307 1339
f 1336 1309 1307
f 1337 1309 1336
f 1342 1341 1340
f 1318 1316 1317
f 1318 1343 1316
f 1319 1343 1318
f 1319 1344 1343
f 1345 1344 1319
f 1319 1346 1345
f 1319 1347 1346
f 1348 1347 1319
f 1312 1349 1332
f 1312 1350 1349
f 1328 1350 1312
f 1328 1351 1350
f 1329 1351 1328
f 1317 1342 1340
f 1317 1352 1342
f 1315 1352 1317
f 1336 1353 1338
f 1336 1354 1353
f 1355 1354 1336
f 1336 1356 1355
f 1336 1357 1356
f 1358 1357 1336
f 1339 1360 1359
f 1339 1361 1360
f 1307 1361 1339
f 1360 1362 1359
f 1360 1363 1362
f 1364 1363 1360
f 1364 1365 1363
f 1366 1365 1364
f 1368 1325 1367
f 1368 1327 1325
f 1330 1369 1314
f 1330 1370 1369
f 1331 1370 1330
f 1331 1371 1370
f 1332 1371 1331
f 1332 1372 1371
f 1349 1372 1332
f 1349 1373 1372
f 1350 1373 1349
f 1350 1374 1373
f 1351 1374 1350
f 1351 1375 1374
f 1329 1375 1351
f 1329 1376 1375
f 1327 1376 1329
f 1327 1368 1376
f 1377 1314 1369
f 1377 1313 1314
f 1378 1309 1337
f 1378 1379 1309
f 1311 1377 1380
f 1311 1313 1377
f 1382 1381 1339
f 1359 1382 1339
f 1359 1383 1382
f 1362 1383 1359
f 1362 1384 1383
f 1363 1384 1362
f 1363 1385 1384
f 1365 1385 1363
f 1365 1386 1385
f 1366 1386 1365
f 1366 1387 1386
f 1364 1387 1366
f 1364 1388 1387
f 1360 1388 1364
f 1360 1389 1388
f 1361 1389 1360
f 1390 1378 1337
f 1338 1390 1337
f 1338 1391 1390
f 1353 1391 1338
f 1353 1392 1391
f 1354 1392 1353
f 1354 1393 1392
f 1355 1393 1354
f 1355 1394 1393
f 1356 1394 1355
f 1356 1395 1394
f 1357 1395 1356
f 1357 1396 1395
f 1358 1396 1357
f 1358 1397 1396
f 1336 1397 1358
f 1380 1310 1311
f 1380 1288 1310
f 1377 1288 1380
f 1377 1398 1288
f 1369 1398 1377
f 1398 1372 1373
f 1367 1399 1368
f 1367 1400 1399
f 1403 1402 1401
f 1403 1404 1402
f 1405 1404 1403
f 1398 1371 1372
f 1398 1370 1371
f 1369 1370 1398
f 1408 1407 1406
f 1408 1409 1407
f 1400 1409 1408
f 1400 1410 1409
f 1367 1410 1400
f 1379 1403 1401
f 1379 1381 1403
f 1397 1381 1379
f 1403 1407 1405
f 1403 1406 1407
f 1411 1406 1403
f 1411 1412 1406
f 1413 1412 1411
f 1413 1414 1412
f 1415 1414 1413
f 1415 1416 1414
f 1415 1417 1416
f 1415 1418 1417
f 1419 1418 1415
f 1399 1376 1368
f 1399 1375 1376
f 1398 1375 1399
f 1398 1374 1375
f 1373 1374 1398
f 1422 1421 1420
f 1422 1423 1421
f 1424 1423 1422
f 1381 1389 1403
f 1381 1388 1389
f 1382 1388 1381
f 1382 1383 1388
f 1397 1395 1396
f 1397 1394 1395
f 1397 1393 1394
f 1397 1392 1393
f 1391 1392 1397
f 1397 1390 1391
f 1397 1378 1390
f 1379 1378 1397
f 1413 1425 1415
f 1413 1426 1425
f 1423 1426 1413
f 1423 1427 1426
f 1424 1427 1423
f 1384 1385 1386
f 1384 1388 1383
f 1384 1387 1388
f 1386 1387 1384
f 1324 1367 1325
f 1324 1410 1367
f 1333 1410 1324
f 1333 1409 1410
f 1334 1409 1333
f 1334 1407 1409
f 1335 1407 1334
f 1335 1405 1407
f 1305 1405 1335
f 1305 1404 1405
f 1306 1404 1305
f 1306 1402 1404
f 1308 1402 1306
f 1308 1401 1402
f 1309 1401 1308
f 1309 1379 1401
f 1413 1320 1318
f 1413 1411 1320
f 1336 1381 1397
f 1336 1339 1381
f 1389 1307 1403
f 1389 1361 1307
f 1411 1307 1320
f 1411 1403 1307
f 1423 1413 1318
f 1317 1423 1318
f 1317 1421 1423
f 1340 1421 1317
f 1340 1420 1421
f 1341 1420 1340
f 1341 1422 1420
f 1342 1422 1341
f 1342 1424 1422
f 1352 1424 1342
f 1352 1427 1424
f 1315 1427 1352
f 1315 1426 1427
f 1316 1426 1315
f 1316 1425 1426
f 1343 1425 1316
f 1343 1415 1425
f 1343 1344 1415
f 1319 1321 1412
f 1414 1319 1412
f 1414 1348 1319
f 1416 1348 1414
f 1416 1347 1348
f 1417 1347 1416
f 1417 1346 1347
f 1418 1346 1417
f 1418 1345 1346
f 1419 1345 1418
f 1419 1344 1345
f 1415 1344 1419
f 1398 1310 1288
f 1398 1312 1310
f 1399 1312 1398
f 1399 1328 1312
f 1400 1328 1399
f 1400 1326 1328
f 1408 1326 1400
f 1408 1323 1326
f 1406 1323 1408
f 1406 1322 1323
f 1412 1322 1406
f 1412 1321 1322
f 1430 1429 1428
f 1430 1431 1429
f 1434 1433 1432
f 1435 1434 1432
f 1435 1436 1434
f 1437 1436 1435
f 1437 1438 1436
f 1439 1438 1437
f 1439 1440 1438
f 1441 1440 1439
f 1441 1442 1440
f 1443 1442 1441
f 1443 1429 1442
f 1428 1429 1443
f 1444 1431 1430
f 1445 1444 1430
f 1445 1446 1444
f 1447 1446 1445
f 1447 1448 1446
f 1449 1448 1447
f 1449 1450 1448
f 1451 1450 1449
f 1451 1452 1450
f 1453 1452 1451
f 1453 1454 1452
f 1455 1454 1453
f 1455 1456 1454
f 1457 1456 1455
f 1457 1458 1456
f 1459 1458 1457
f 1462 1461 1460
f 1463 1462 1460
f 1463 1433 1462
f 1432 1433 1463
f 1458 1465 1464
f 1458 1459 1465
f 1460 1467 1466
f 1460 1461 1467
f 1465 1468 1464
f 1465 1469 1468
f 1472 1471 1470
f 1473 1472 1470
f 1473 1467 1472
f 1466 1467 1473
f 1476 1475 1474
f 1476 1477 1475
f 1478 1458 1464
f 1478 1199 1458
f 1480 1479 1433
f 1434 1480 1433
f 1434 1481 1480
f 1436 1481 1434
f 1436 1482 1481
f 1438 1482 1436
f 1438 1483 1482
f 1440 1483 1438
f 1440 1484 1483
f 1442 1484 1440
f 1442 1197 1484
f 1429 1197 1442
f 1487 1486 1485
f 1487 1488 1486
f 1198 1429 1431
f 1198 1197 1429
f 1489 1485 1486
f 1490 1489 1486
f 1490 1491 1489
f 1492 1491 1490
f 1492 1493 1491
f 1494 1493 1492
f 1494 1495 1493
f 1496 1495 1494
f 1496 1497 1495
f 1498 1497 1496
f 1498 1499 1497
f 1500 1499 1498
f 1500 1501 1499
f 1502 1501 1500
f 1502 1475 1501
f 1474 1475 1502
f 1504 1503 1461
f 1462 1504 1461
f 1462 1479 1504
f 1433 1479 1462
f 1476 1466 1473
f 1460 1465 1459
f 1460 1469 1465
f 1466 1469 1460
f 1463 1460 1428
f 1474 1466 1476
f 1428 1432 1463
f 1428 1435 1432
f 1437 1435 1428
f 1459 1428 1460
f 1459 1430 1428
f 1445 1430 1459
f 1459 1453 1451
f 1459 1455 1453
f 1457 1455 1459
f 1470 1506 1505
f 1470 1507 1506
f 1508 1507 1470
f 1428 1439 1437
f 1428 1441 1439
f 1443 1441 1428
f 1459 1447 1445
f 1459 1449 1447
f 1451 1449 1459
f 1466 1509 1469
f 1466 1488 1509
f 1474 1488 1466
f 1474 1486 1488
f 1490 1486 1474
f 1474 1492 1490
f 1474 1494 1492
f 1496 1494 1474
f 1474 1498 1496
f 1474 1500 1498
f 1502 1500 1474
f 1470 1476 1473
f 1470 1510 1476
f 1505 1510 1470
f 1456 1458 1199
f 1213 1456 1199
f 1213 1454 1456
f 1212 1454 1213
f 1212 1452 1454
f 1216 1452 1212
f 1216 1450 1452
f 1217 1450 1216
f 1217 1448 1450
f 1215 1448 1217
f 1215 1446 1448
f 1214 1446 1215
f 1214 1444 1446
f 1211 1444 1214
f 1211 1431 1444
f 1198 1431 1211
f 1509 1487 1511
f 1509 1488 1487
f 1512 1468 1511
f 1512 1513 1468
f 1513 1464 1468
f 1513 1478 1464
f 1514 1477 1476
f 1510 1514 1476
f 1510 1515 1514
f 1505 1515 1510
f 1505 1516 1515
f 1506 1516 1505
f 1506 1517 1516
f 1507 1517 1506
f 1507 1518 1517
f 1508 1518 1507
f 1508 1471 1518
f 1470 1471 1508
f 1519 1485 1189
f 1519 1487 1485
f 1519 1511 1487
f 1519 1512 1511
f 1468 1509 1511
f 1468 1469 1509
f 1461 1520 1467
f 1461 1503 1520
f 1472 1467 1520
f 1521 1472 1520
f 1521 1471 1472
f 1522 1471 1521
f 1523 1210 1477
f 1514 1523 1477
f 1514 1524 1523
f 1515 1524 1514
f 1515 1525 1524
f 1516 1525 1515
f 1516 1526 1525
f 1517 1526 1516
f 1517 1527 1526
f 1518 1527 1517
f 1518 1522 1527
f 1471 1522 1518
f 1477 1205 1475
f 1477 1210 1205
f 1520 1512 1519
f 1520 1513 1512
f 1503 1513 1520
f 1503 1478 1513
f 1199 1478 1503
f 1205 1189 1224
f 1205 1519 1189
f 1210 1519 1205
f 1210 1520 1519
f 1521 1520 1210
f 1211 1216 1212
f 1481 1482 1483
f 1197 1504 1479
f 1197 1503 1504
f 1198 1503 1197
f 1198 1199 1503
f 1211 1199 1198
f 1211 1213 1199
f 1212 1213 1211
f 1479 1484 1197
f 1479 1483 1484
f 1480 1483 1479
f 1480 1481 1483
f 1210 1522 1521
f 1210 1527 1522
f 1523 1527 1210
f 1523 1526 1527
f 1524 1526 1523
f 1524 1525 1526
f 1205 1226 1227
f 1205 1225 1226
f 1224 1225 1205
f 1211 1217 1216
f 1211 1215 1217
f 1214 1215 1211
f 1205 1229 1204
f 1205 1228 1229
f 1227 1228 1205
f 1501 1475 1205
f 1204 1501 1205
f 1204 1499 1501
f 1229 1499 1204
f 1229 1497 1499
f 1228 1497 1229
f 1228 1495 1497
f 1227 1495 1228
f 1227 1493 1495
f 1226 1493 1227
f 1226 1491 1493
f 1225 1491 1226
f 1225 1489 1491
f 1224 1489 1225
f 1224 1485 1489
f 1189 1485 1224

