# https://github.com/mikedh/trimesh
v 0.00865000 0.00480000 -0.01150000
v 0.00865000 0.00480000 -0.01080000
v 0.00873400 0.00564900 -0.01150000
v 0.00873400 0.00564900 -0.01080000
v 0.00898100 0.00646500 -0.01150000
v 0.00898100 0.00646500 -0.01080000
v 0.00938300 0.00721700 -0.01150000
v 0.00938300 0.00721700 -0.01080000
v 0.00992400 0.00787600 -0.01150000
v 0.00992400 0.00787600 -0.01080000
v 0.01058300 0.00841700 -0.01150000
v 0.01058300 0.00841700 -0.01080000
v 0.01133500 0.00881900 -0.01150000
v 0.01133500 0.00881900 -0.01080000
v 0.01215100 0.00906600 -0.01150000
v 0.01215100 0.00906600 -0.01080000
v 0.01300000 0.00915000 -0.01150000
v 0.01300000 0.00915000 -0.01080000
v 0.02105000 0.00915000 -0.01150000
v 0.02105000 0.00915000 -0.01080000
v 0.01300000 -0.00915000 -0.01150000
v 0.02105000 -0.00915000 -0.01150000
v 0.01300000 -0.00915000 -0.01080000
v 0.02105000 -0.00915000 -0.01080000
v 0.01215100 -0.00906600 -0.01150000
v 0.01215100 -0.00906600 -0.01080000
v 0.01133500 -0.00881900 -0.01150000
v 0.01133500 -0.00881900 -0.01080000
v 0.01058300 -0.00841700 -0.01150000
v 0.01058300 -0.00841700 -0.01080000
v 0.00992400 -0.00787600 -0.01150000
v 0.00992400 -0.00787600 -0.01080000
v 0.00938300 -0.00721700 -0.01150000
v 0.00938300 -0.00721700 -0.01080000
v 0.00898100 -0.00646500 -0.01150000
v 0.00898100 -0.00646500 -0.01080000
v 0.00873400 -0.00564900 -0.01150000
v 0.00873400 -0.00564900 -0.01080000
v 0.00865000 -0.00480000 -0.01150000
v 0.00865000 -0.00480000 -0.01080000
v 0.02205000 0.00815000 -0.01080000
v 0.02205000 0.00815000 -0.01150000
v 0.02188100 0.00870600 -0.01080000
v 0.02188100 0.00870600 -0.01150000
v 0.02143300 0.00907400 -0.01080000
v 0.02143300 0.00907400 -0.01150000
v 0.02160600 -0.00898100 -0.01080000
v 0.02160600 -0.00898100 -0.01150000
v 0.02197400 -0.00853300 -0.01080000
v 0.02197400 -0.00853300 -0.01150000
v 0.02205000 -0.00815000 -0.01080000
v 0.02205000 -0.00815000 -0.01150000
v 0.02700000 0.00680000 -0.01110000
v 0.02700000 0.00680000 -0.00610000
v 0.02694200 0.00738500 -0.00610000
v 0.02694200 0.00738500 -0.01110000
v 0.02677200 0.00794800 -0.00610000
v 0.02677200 0.00794800 -0.01110000
v 0.02649400 0.00846700 -0.00610000
v 0.02649400 0.00846700 -0.01110000
v 0.02612100 0.00892100 -0.00610000
v 0.02612100 0.00892100 -0.01110000
v 0.02566700 0.00929400 -0.00610000
v 0.02566700 0.00929400 -0.01110000
v 0.02514800 0.00957200 -0.00610000
v 0.02514800 0.00957200 -0.01110000
v 0.02458500 0.00974200 -0.00610000
v 0.02458500 0.00974200 -0.01110000
v 0.02400000 0.00980000 -0.00610000
v 0.02400000 0.00980000 -0.01110000
v 0.00809600 0.00577500 -0.01350000
v 0.00800000 0.00480000 -0.01350000
v 0.01300000 0.00980000 -0.01350000
v 0.00809600 -0.00577500 -0.01350000
v 0.01300000 -0.00980000 -0.01350000
v 0.00800000 -0.00480000 -0.01350000
v 0.02270000 -0.00980000 -0.01350000
v 0.02270000 0.00980000 -0.01350000
v 0.01022200 -0.00895700 -0.01350000
v 0.01108700 -0.00941900 -0.01350000
v 0.00946400 -0.00833600 -0.01350000
v 0.00884300 -0.00757800 -0.01350000
v 0.00838100 -0.00671300 -0.01350000
v 0.01202500 -0.00970400 -0.01350000
v 0.01202500 0.00970400 -0.01350000
v 0.01108700 0.00941900 -0.01350000
v 0.00884300 0.00757800 -0.01350000
v 0.01022200 0.00895700 -0.01350000
v 0.00946400 0.00833600 -0.01350000
v 0.00838100 0.00671300 -0.01350000
v 0.02700000 -0.00680000 -0.00610000
v 0.02700000 -0.00680000 -0.01110000
v -0.00380000 -0.00980000 -0.01080000
v 0.01300000 -0.00980000 -0.01080000
v 0.01202500 -0.00970400 -0.01080000
v 0.01108700 -0.00941900 -0.01080000
v 0.01022200 -0.00895700 -0.01080000
v 0.00946400 -0.00833600 -0.01080000
v 0.00884300 0.00757800 -0.01080000
v 0.00946400 0.00833600 -0.01080000
v -0.00380000 0.00980000 -0.01080000
v 0.01022200 0.00895700 -0.01080000
v 0.00884300 -0.00757800 -0.01080000
v 0.00838100 -0.00671300 -0.01080000
v -0.00477500 -0.00970400 -0.01080000
v 0.00809600 -0.00577500 -0.01080000
v -0.00571300 -0.00941900 -0.01080000
v 0.01108700 0.00941900 -0.01080000
v 0.01202500 0.00970400 -0.01080000
v 0.01300000 0.00980000 -0.01080000
v 0.00800000 -0.00480000 -0.01080000
v -0.00870400 -0.00577500 -0.01080000
v -0.00841900 -0.00671300 -0.01080000
v -0.00477500 0.00970400 -0.01080000
v 0.00809600 0.00577500 -0.01080000
v 0.00838100 0.00671300 -0.01080000
v -0.00795700 -0.00757800 -0.01080000
v -0.00733600 -0.00833600 -0.01080000
v -0.00657800 -0.00895700 -0.01080000
v -0.00880000 -0.00480000 -0.01080000
v 0.00800000 0.00480000 -0.01080000
v -0.00880000 0.00480000 -0.01080000
v -0.00795700 0.00757800 -0.01080000
v -0.00841900 0.00671300 -0.01080000
v -0.00870400 0.00577500 -0.01080000
v -0.00571300 0.00941900 -0.01080000
v -0.00657800 0.00895700 -0.01080000
v -0.00733600 0.00833600 -0.01080000
v -0.00380000 -0.00980000 -0.00610000
v 0.02400000 -0.00980000 -0.00610000
v 0.02270000 -0.00980000 -0.01110000
v 0.02400000 -0.00980000 -0.01110000
v 0.02458500 -0.00974200 -0.00610000
v 0.02458500 -0.00974200 -0.01110000
v 0.02514800 -0.00957200 -0.00610000
v 0.02514800 -0.00957200 -0.01110000
v 0.02566700 -0.00929400 -0.00610000
v 0.02566700 -0.00929400 -0.01110000
v 0.02612100 -0.00892100 -0.00610000
v 0.02612100 -0.00892100 -0.01110000
v 0.02649400 -0.00846700 -0.00610000
v 0.02649400 -0.00846700 -0.01110000
v 0.02677200 -0.00794800 -0.00610000
v 0.02677200 -0.00794800 -0.01110000
v 0.02694200 -0.00738500 -0.00610000
v 0.02694200 -0.00738500 -0.01110000
v -0.00880000 -0.00480000 -0.00610000
v -0.00870400 -0.00577500 -0.00610000
v -0.00841900 -0.00671300 -0.00610000
v -0.00795700 -0.00757800 -0.00610000
v -0.00733600 -0.00833600 -0.00610000
v -0.00657800 -0.00895700 -0.00610000
v -0.00571300 -0.00941900 -0.00610000
v -0.00477500 -0.00970400 -0.00610000
v 0.02270000 0.00980000 -0.01110000
v -0.00380000 0.00980000 -0.00610000
v -0.00477500 0.00970400 -0.00610000
v -0.00880000 0.00480000 -0.00610000
v -0.00571300 0.00941900 -0.00610000
v -0.00870400 0.00577500 -0.00610000
v -0.00841900 0.00671300 -0.00610000
v -0.00795700 0.00757800 -0.00610000
v -0.00733600 0.00833600 -0.00610000
v -0.00657800 0.00895700 -0.00610000
v 0.00800000 0.00480000 0.01100000
v 0.00800000 0.00480000 0.01350000
v 0.00800000 -0.00480000 0.01100000
v 0.00800000 -0.00480000 0.01350000
v -0.00380000 -0.00980000 0.00630000
v -0.00380000 -0.00980000 0.01100000
v 0.02400000 -0.00980000 0.00630000
v 0.01300000 -0.00980000 0.01100000
v 0.02400000 -0.00980000 0.00950000
v 0.02270000 -0.00980000 0.00950000
v 0.02270000 -0.00980000 0.01350000
v 0.01300000 -0.00980000 0.01350000
v 0.02270000 0.00980000 0.01350000
v 0.02270000 0.00980000 0.00950000
v -0.00380000 0.00980000 0.01100000
v 0.01300000 0.00980000 0.01100000
v 0.01202500 0.00970400 0.01100000
v 0.01108700 0.00941900 0.01100000
v 0.01022200 0.00895700 0.01100000
v 0.00946400 0.00833600 0.01100000
v 0.00884300 -0.00757800 0.01100000
v 0.00946400 -0.00833600 0.01100000
v 0.01022200 -0.00895700 0.01100000
v 0.00884300 0.00757800 0.01100000
v 0.00838100 0.00671300 0.01100000
v -0.00477500 0.00970400 0.01100000
v 0.00809600 0.00577500 0.01100000
v -0.00571300 0.00941900 0.01100000
v 0.01108700 -0.00941900 0.01100000
v 0.01202500 -0.00970400 0.01100000
v -0.00870400 0.00577500 0.01100000
v -0.00841900 0.00671300 0.01100000
v -0.00477500 -0.00970400 0.01100000
v 0.00809600 -0.00577500 0.01100000
v 0.00838100 -0.00671300 0.01100000
v -0.00795700 0.00757800 0.01100000
v -0.00733600 0.00833600 0.01100000
v -0.00657800 0.00895700 0.01100000
v -0.00880000 0.00480000 0.01100000
v -0.00880000 -0.00480000 0.01100000
v -0.00795700 -0.00757800 0.01100000
v -0.00841900 -0.00671300 0.01100000
v -0.00870400 -0.00577500 0.01100000
v -0.00571300 -0.00941900 0.01100000
v -0.00657800 -0.00895700 0.01100000
v -0.00733600 -0.00833600 0.01100000
v -0.00477500 -0.00970400 0.00630000
v -0.00571300 -0.00941900 0.00630000
v -0.00657800 -0.00895700 0.00630000
v -0.00733600 -0.00833600 0.00630000
v -0.00795700 -0.00757800 0.00630000
v -0.00841900 -0.00671300 0.00630000
v -0.00870400 -0.00577500 0.00630000
v -0.00880000 -0.00480000 0.00630000
v 0.00809600 0.00577500 0.01350000
v 0.00838100 0.00671300 0.01350000
v 0.00884300 0.00757800 0.01350000
v 0.00946400 0.00833600 0.01350000
v 0.01022200 0.00895700 0.01350000
v 0.01108700 0.00941900 0.01350000
v 0.01202500 0.00970400 0.01350000
v 0.01300000 0.00980000 0.01350000
v 0.02700000 -0.00680000 0.00630000
v -0.00880000 0.00480000 0.00630000
v 0.02700000 0.00680000 0.00630000
v 0.02458500 -0.00974200 0.00630000
v 0.02514800 -0.00957200 0.00630000
v 0.02694200 -0.00738500 0.00630000
v 0.02677200 -0.00794800 0.00630000
v 0.02566700 -0.00929400 0.00630000
v 0.02612100 -0.00892100 0.00630000
v 0.02649400 -0.00846700 0.00630000
v 0.02400000 0.00980000 0.00630000
v -0.00380000 0.00980000 0.00630000
v -0.00870400 0.00577500 0.00630000
v -0.00477500 0.00970400 0.00630000
v -0.00571300 0.00941900 0.00630000
v 0.02694200 0.00738500 0.00630000
v 0.02677200 0.00794800 0.00630000
v 0.02458500 0.00974200 0.00630000
v 0.02649400 0.00846700 0.00630000
v 0.02612100 0.00892100 0.00630000
v 0.02566700 0.00929400 0.00630000
v 0.02514800 0.00957200 0.00630000
v -0.00657800 0.00895700 0.00630000
v -0.00733600 0.00833600 0.00630000
v -0.00841900 0.00671300 0.00630000
v -0.00795700 0.00757800 0.00630000
v 0.00809600 -0.00577500 0.01350000
v 0.01202500 -0.00970400 0.01350000
v 0.01108700 -0.00941900 0.01350000
v 0.00884300 -0.00757800 0.01350000
v 0.01022200 -0.00895700 0.01350000
v 0.00946400 -0.00833600 0.01350000
v 0.00838100 -0.00671300 0.01350000
v 0.02700000 -0.00680000 0.00950000
v 0.02700000 0.00680000 0.00950000
v 0.02400000 0.00980000 0.00950000
v 0.02458500 0.00974200 0.00950000
v 0.02514800 0.00957200 0.00950000
v 0.02566700 0.00929400 0.00950000
v 0.02612100 0.00892100 0.00950000
v 0.02649400 0.00846700 0.00950000
v 0.02677200 0.00794800 0.00950000
v 0.02694200 0.00738500 0.00950000
v 0.02694200 -0.00738500 0.00950000
v 0.02677200 -0.00794800 0.00950000
v 0.02649400 -0.00846700 0.00950000
v 0.02612100 -0.00892100 0.00950000
v 0.02566700 -0.00929400 0.00950000
v 0.02514800 -0.00957200 0.00950000
v 0.02458500 -0.00974200 0.00950000
v 0.04450800 0.00821300 -0.00896600
v 0.04450800 -0.00725000 -0.00896600
v 0.04465400 -0.00725000 -0.00893700
v 0.04488900 -0.00725000 -0.00858500
v 0.04488900 0.00821300 -0.00858500
v 0.04486000 0.00821300 -0.00873100
v 0.04477700 -0.00725000 -0.00885400
v 0.04486000 -0.00725000 -0.00873100
v 0.04465400 0.00821300 -0.00893700
v 0.04477700 0.00821300 -0.00885400
v 0.04488900 0.00941900 0.00748100
v 0.04450800 0.00980000 0.00748100
v 0.04488900 0.00941900 -0.00737800
v 0.04450800 0.00980000 -0.00737800
v 0.04488900 -0.00748600 -0.00856200
v 0.04450800 -0.00756000 -0.00893500
v 0.04488900 -0.00771200 -0.00849300
v 0.04450800 -0.00785800 -0.00884500
v 0.04488900 -0.00792100 -0.00838200
v 0.04450800 -0.00813200 -0.00869800
v 0.04488900 -0.00810300 -0.00823200
v 0.04450800 -0.00837300 -0.00850100
v 0.04488900 -0.00825300 -0.00804900
v 0.04450800 -0.00857000 -0.00826000
v 0.04488900 -0.00836500 -0.00784000
v 0.04450800 -0.00871700 -0.00798600
v 0.04488900 -0.00843400 -0.00761400
v 0.04450800 -0.00880700 -0.00768800
v 0.04488900 -0.00845700 -0.00737800
v 0.04450800 -0.00883800 -0.00737800
v 0.04477700 0.00821300 0.00895700
v 0.04488900 0.00844800 0.00866400
v 0.04486000 0.00821300 0.00883300
v 0.04488900 0.00821300 0.00868700
v 0.04465400 0.00821300 0.00903900
v 0.04450800 0.00821300 0.00906800
v 0.04450800 0.00852200 0.00903800
v 0.04488900 0.00867400 0.00859500
v 0.04450800 0.00882000 0.00894700
v 0.04488900 0.00888300 0.00848400
v 0.04450800 0.00909400 0.00880100
v 0.04488900 0.00906600 0.00833400
v 0.04450800 0.00933500 0.00860300
v 0.04488900 0.00921600 0.00815100
v 0.04450800 0.00953200 0.00836300
v 0.04488900 0.00932700 0.00794200
v 0.04450800 0.00967900 0.00808800
v 0.04488900 0.00939600 0.00771600
v 0.04450800 0.00976900 0.00779000
v 0.04450800 -0.00883800 0.00748100
v 0.04488900 -0.00845700 0.00748100
v 0.04450800 -0.00725000 0.00906800
v 0.04465400 -0.00725000 0.00903900
v 0.04477700 -0.00725000 0.00895700
v 0.04488900 -0.00725000 0.00868700
v 0.04486000 -0.00725000 0.00883300
v 0.04450800 -0.00756000 0.00903800
v 0.04488900 -0.00748600 0.00866400
v 0.04488900 -0.00843400 0.00771600
v 0.04450800 -0.00880700 0.00779000
v 0.04488900 -0.00836500 0.00794200
v 0.04450800 -0.00871700 0.00808800
v 0.04488900 -0.00825300 0.00815100
v 0.04450800 -0.00857000 0.00836300
v 0.04488900 -0.00810300 0.00833400
v 0.04450800 -0.00837300 0.00860300
v 0.04488900 -0.00792100 0.00848400
v 0.04450800 -0.00813200 0.00880100
v 0.04488900 -0.00771200 0.00859500
v 0.04450800 -0.00785800 0.00894700
v 0.04450800 0.00358300 0.00740400
v 0.04450800 0.00274600 0.00776800
v 0.04465400 0.00275400 0.00779500
v 0.04477700 0.00278000 0.00787400
v 0.04488900 0.00376900 0.00773600
v 0.04486000 0.00281700 0.00799200
v 0.04488900 0.00286200 0.00813100
v 0.04488900 0.00612900 0.00468400
v 0.04486000 0.00598800 0.00464700
v 0.04488900 0.00578300 0.00561100
v 0.04477700 0.00586900 0.00461600
v 0.04465400 0.00578900 0.00459500
v 0.04488900 0.00457900 0.00716800
v 0.04450800 0.00433000 0.00688000
v 0.04488900 0.00526000 0.00645000
v 0.04450800 0.00495800 0.00621700
v 0.04450800 0.00544200 0.00544300
v 0.04450800 0.00576100 0.00458800
v 0.04450800 0.00544200 -0.00534100
v 0.04450800 0.00576100 -0.00448500
v 0.04465400 0.00578900 -0.00449300
v 0.04477700 0.00586900 -0.00451400
v 0.04488900 0.00578300 -0.00550900
v 0.04486000 0.00598800 -0.00454500
v 0.04488900 0.00612900 -0.00458200
v 0.04488900 0.00286200 -0.00802900
v 0.04486000 0.00281700 -0.00789000
v 0.04488900 0.00376900 -0.00763400
v 0.04477700 0.00278000 -0.00777200
v 0.04465400 0.00275400 -0.00769300
v 0.04488900 0.00526000 -0.00634800
v 0.04450800 0.00495800 -0.00611500
v 0.04488900 0.00457900 -0.00706600
v 0.04450800 0.00433000 -0.00677800
v 0.04450800 0.00358300 -0.00730200
v 0.04450800 0.00274600 -0.00766600
v 0.04450800 0.00109100 -0.00801000
v 0.04488900 0.00112900 -0.00838900
v 0.04488900 0.00112900 0.00849200
v 0.04488900 -0.00064000 -0.00838300
v 0.04450800 -0.00059900 -0.00800400
v 0.04488900 -0.00237000 -0.00801000
v 0.04450800 -0.00225100 -0.00764800
v 0.04488900 -0.00398400 -0.00728600
v 0.04450800 -0.00379300 -0.00695600
v 0.04488900 -0.00541400 -0.00624300
v 0.04450800 -0.00515800 -0.00596000
v 0.04488900 -0.00659600 -0.00492600
v 0.04450800 -0.00628700 -0.00470200
v 0.04488900 -0.00747800 -0.00339200
v 0.04450800 -0.00713000 -0.00323700
v 0.04488900 -0.00802400 -0.00170900
v 0.04450800 -0.00765100 -0.00163000
v 0.04488900 -0.00820900 0.00005100
v 0.04450800 -0.00782800 0.00005100
v 0.04488900 -0.00802400 0.00181100
v 0.04450800 -0.00765100 0.00173200
v 0.04488900 -0.00747800 0.00349400
v 0.04450800 -0.00713000 0.00334000
v 0.04488900 -0.00659600 0.00502800
v 0.04450800 -0.00628700 0.00480400
v 0.04488900 -0.00541400 0.00634500
v 0.04450800 -0.00515800 0.00606200
v 0.04488900 -0.00398400 0.00738800
v 0.04450800 -0.00379300 0.00705800
v 0.04488900 -0.00237000 0.00811200
v 0.04450800 -0.00225100 0.00775000
v 0.04488900 -0.00064000 0.00848500
v 0.04450800 -0.00059900 0.00810600
v 0.04450800 0.00109100 0.00811300
v 0.02700700 0.00533000 0.00565600
v 0.03335700 0.00533000 0.00565600
v 0.02700700 0.00544100 0.00541000
v 0.03335700 0.00544100 0.00541000
v 0.02700700 0.00550900 0.00514900
v 0.03335700 0.00550900 0.00514900
v 0.02700700 0.00553200 0.00488100
v 0.03335700 0.00553200 0.00488100
v 0.02700700 0.00553200 -0.00477800
v 0.03335700 0.00553200 -0.00477800
v 0.02700700 0.00550900 -0.00504700
v 0.03335700 0.00550900 -0.00504700
v 0.02700700 0.00544100 -0.00530800
v 0.03335700 0.00544100 -0.00530800
v 0.02700700 0.00533000 -0.00555400
v 0.03335700 0.00533000 -0.00555400
v 0.03335700 0.00544200 0.00544300
v 0.03335700 0.00557900 0.00513500
v 0.03335700 0.00576100 0.00458800
v 0.03335700 0.00628000 0.00157800
v 0.03335700 0.00628000 -0.00147600
v 0.03335700 0.00576100 -0.00448500
v 0.03335700 0.00557900 -0.00503300
v 0.03335700 0.00544200 -0.00534100
v 0.04450800 0.00852200 -0.00893500
v 0.04488900 0.00844800 -0.00856200
v 0.04488900 0.00939600 -0.00761400
v 0.04450800 0.00976900 -0.00768800
v 0.04488900 0.00932700 -0.00784000
v 0.04450800 0.00967900 -0.00798600
v 0.04488900 0.00921600 -0.00804900
v 0.04450800 0.00953200 -0.00826000
v 0.04488900 0.00906600 -0.00823200
v 0.04450800 0.00933500 -0.00850100
v 0.04488900 0.00888300 -0.00838200
v 0.04450800 0.00909400 -0.00869800
v 0.04488900 0.00867400 -0.00849300
v 0.04450800 0.00882000 -0.00884500
v 0.02700700 0.00495800 -0.00611500
v 0.02700700 0.00484500 -0.00625600
v 0.02700700 0.00433000 -0.00677800
v 0.02700700 0.00423800 -0.00685500
v 0.02700700 0.00353000 -0.00733100
v 0.02700700 0.00274600 -0.00766600
v 0.03130000 0.00882000 0.00894700
v 0.03130000 0.00852200 0.00903800
v 0.03130000 0.00980000 0.00950000
v 0.03130000 0.00980000 0.00748100
v 0.03130000 0.00976900 0.00779000
v 0.03130000 0.00967900 0.00808800
v 0.03130000 0.00953200 0.00836300
v 0.03130000 0.00933500 0.00860300
v 0.03130000 0.00909400 0.00880100
v 0.03130000 -0.00980900 -0.01099800
v 0.03130000 -0.00756000 -0.00893500
v 0.03130000 -0.00725000 -0.00896600
v 0.03130000 0.00980000 -0.01099800
v 0.03130000 0.00852200 -0.00893500
v 0.03130000 0.00882000 -0.00884500
v 0.03130000 0.00909400 -0.00869800
v 0.03130000 0.00933500 -0.00850100
v 0.03130000 0.00953200 -0.00826000
v 0.03130000 0.00967900 -0.00798600
v 0.03130000 0.00976900 -0.00768800
v 0.03130000 0.00980000 -0.00737800
v 0.03130000 0.00821300 -0.00896600
v 0.03130000 0.00821300 0.00906800
v 0.03130000 -0.00725000 0.00906800
v 0.03130000 -0.00980900 0.00950000
v 0.03130000 -0.00756000 0.00903800
v 0.03130000 -0.00785800 0.00894700
v 0.03130000 -0.00813200 0.00880100
v 0.03130000 -0.00837300 0.00860300
v 0.03130000 -0.00857000 0.00836300
v 0.03130000 -0.00871700 0.00808800
v 0.03130000 -0.00880700 0.00779000
v 0.03130000 -0.00883800 0.00748100
v 0.03130000 -0.00883800 -0.00737800
v 0.03130000 -0.00880700 -0.00768800
v 0.03130000 -0.00871700 -0.00798600
v 0.03130000 -0.00857000 -0.00826000
v 0.03130000 -0.00837300 -0.00850100
v 0.03130000 -0.00813200 -0.00869800
v 0.03130000 -0.00785800 -0.00884500
v 0.02700700 0.00980000 0.00950000
v 0.02700700 0.00274600 0.00776800
v 0.02700700 0.00353000 0.00743300
v 0.02700700 0.00980000 -0.01099800
v 0.02700700 -0.00980900 -0.01099800
v 0.02700700 -0.00765100 -0.00163000
v 0.02700700 -0.00782800 0.00005100
v 0.02700700 -0.00980900 0.00950000
v 0.02700700 -0.00765100 0.00173200
v 0.02700700 -0.00713000 0.00334000
v 0.02700700 -0.00628700 0.00480400
v 0.02700700 -0.00515800 0.00606200
v 0.02700700 -0.00379300 0.00705800
v 0.02700700 -0.00225100 0.00775000
v 0.02700700 -0.00059900 0.00810600
v 0.02700700 0.00109100 0.00811300
v 0.02700700 0.00109100 -0.00801000
v 0.02700700 -0.00059900 -0.00800400
v 0.02700700 -0.00225100 -0.00764800
v 0.02700700 -0.00379300 -0.00695600
v 0.02700700 -0.00515800 -0.00596000
v 0.02700700 -0.00628700 -0.00470200
v 0.02700700 -0.00713000 -0.00323700
v 0.02700700 0.00423800 0.00695700
v 0.02700700 0.00433000 0.00688000
v 0.02700700 0.00484500 0.00635800
v 0.02700700 0.00495800 0.00621700
v 0.04450800 0.00628000 0.00157800
v 0.04488900 0.00666000 0.00161100
v 0.04488900 0.00666000 -0.00150800
v 0.04450800 0.00628000 -0.00147600
v 0.03335700 0.00544600 -0.00552700
v 0.04581900 0.00531100 -0.00574900
v 0.04581100 0.00545000 -0.00552000
v 0.03335700 0.00569100 -0.00502400
v 0.04580500 0.00555600 -0.00532100
v 0.04579700 0.00569300 -0.00501900
v 0.03335700 0.00588000 -0.00446000
v 0.04578600 0.00587100 -0.00449500
v 0.04578600 0.00588000 -0.00446000
v 0.02859500 0.00480500 -0.00639200
v 0.04582900 0.00515000 -0.00598200
v 0.02859500 0.00503500 -0.00613000
v 0.02859500 0.00531100 -0.00574900
v 0.02859500 0.00544600 -0.00552700
v 0.02859500 0.00419000 -0.00693200
v 0.04588800 0.00419000 -0.00693200
v 0.04587300 0.00442500 -0.00674900
v 0.02859500 0.00438900 -0.00677900
v 0.04585000 0.00480500 -0.00639200
v 0.04583400 0.00506500 -0.00609300
v 0.04590400 0.00393200 -0.00710600
v 0.02859500 0.00362400 -0.00728100
v 0.04592100 0.00366400 -0.00726100
v 0.04593200 0.00348600 -0.00735000
v 0.02859500 0.00293200 -0.00756900
v 0.04596800 0.00293200 -0.00756900
v 0.04618200 0.00346100 -0.00734000
v 0.04614900 0.00294600 -0.00755400
v 0.04996700 0.00236100 -0.00719400
v 0.04987300 0.00210200 -0.00734800
v 0.04614500 0.00290000 -0.00756900
v 0.04969300 0.00160900 -0.00756900
v 0.05003700 0.00255400 -0.00706100
v 0.04620000 0.00375200 -0.00718300
v 0.04619900 0.00373200 -0.00719400
v 0.04624400 0.00448700 -0.00663600
v 0.04624400 0.00447600 -0.00664600
v 0.05021500 0.00304200 -0.00663600
v 0.04623800 0.00437700 -0.00673400
v 0.04621200 0.00393800 -0.00706600
v 0.04626100 0.00477200 -0.00634900
v 0.05031400 0.00331600 -0.00632800
v 0.04627700 0.00508100 -0.00596700
v 0.05042400 0.00361600 -0.00590500
v 0.04628000 0.00512400 -0.00590600
v 0.04629400 0.00539500 -0.00546400
v 0.05051700 0.00387100 -0.00543900
v 0.04630100 0.00554100 -0.00516600
v 0.05057900 0.00404400 -0.00502800
v 0.04630500 0.00562200 -0.00497100
v 0.05064100 0.00421200 -0.00446000
v 0.04631400 0.00578700 -0.00446000
v 0.05093000 0.00085900 0.00684300
v 0.05086700 0.00093300 0.00698300
v 0.05101400 0.00133600 0.00680200
v 0.04992600 0.00151800 0.00765200
v 0.04969300 0.00160900 0.00767100
v 0.04987300 0.00210200 0.00745000
v 0.05117700 0.00104300 0.00594000
v 0.05101000 0.00058500 0.00616800
v 0.05101900 0.00066300 0.00639200
v 0.05110700 0.00116400 0.00654600
v 0.05123100 0.00150600 0.00632900
v 0.05134300 0.00181500 0.00606800
v 0.05133100 0.00146700 0.00559200
v 0.05144200 0.00208600 0.00577100
v 0.05152700 0.00232000 0.00544100
v 0.05146400 0.00183200 0.00512700
v 0.05159800 0.00251500 0.00508400
v 0.05152400 0.00199700 0.00482500
v 0.05165400 0.00266800 0.00471000
v 0.05156500 0.00211000 0.00455600
v 0.05169500 0.00278100 0.00431900
v 0.05160500 0.00222100 0.00418200
v 0.05035500 0.00130800 0.00750500
v 0.05023300 0.00137400 0.00756400
v 0.05040800 0.00185300 0.00734900
v 0.05014800 0.00141700 0.00759700
v 0.05054000 0.00119600 0.00738100
v 0.05048500 0.00123100 0.00742300
v 0.05065300 0.00169100 0.00721600
v 0.05086000 0.00151600 0.00703000
v 0.05070200 0.00108100 0.00722600
v 0.05097200 0.00079600 0.00671100
v 0.04996700 0.00236100 0.00729600
v 0.05056800 0.00229300 0.00707000
v 0.05003700 0.00255400 0.00716300
v 0.05021500 0.00304200 0.00673800
v 0.05071200 0.00268900 0.00673500
v 0.05031400 0.00331600 0.00643000
v 0.05083800 0.00303400 0.00635700
v 0.05042400 0.00361600 0.00600700
v 0.05094500 0.00333000 0.00593900
v 0.05051700 0.00387100 0.00554100
v 0.05103500 0.00357600 0.00549100
v 0.05057900 0.00404400 0.00513000
v 0.05110500 0.00376700 0.00502200
v 0.05064100 0.00421200 0.00456200
v 0.05115600 0.00390800 0.00453500
v 0.05080700 0.00211500 0.00694700
v 0.05094600 0.00249700 0.00662400
v 0.05106700 0.00283000 0.00626000
v 0.05117100 0.00311600 0.00585700
v 0.05125800 0.00335300 0.00542300
v 0.05132500 0.00353800 0.00497100
v 0.05137500 0.00367400 0.00449900
v 0.05100600 0.00191700 0.00677600
v 0.05113700 0.00227800 0.00647000
v 0.05125200 0.00259400 0.00612400
v 0.05135100 0.00286600 0.00574100
v 0.05143300 0.00309100 0.00532900
v 0.05149700 0.00326700 0.00489800
v 0.05154500 0.00339700 0.00444900
v 0.05114900 0.00170900 0.00656500
v 0.05127200 0.00204600 0.00628000
v 0.05137900 0.00234000 0.00595700
v 0.05147200 0.00259400 0.00559900
v 0.05154800 0.00280500 0.00521300
v 0.05160900 0.00297100 0.00480900
v 0.05165300 0.00309200 0.00438800
v 0.05162500 0.00361700 0.00335700
v 0.05177600 0.00269100 0.00004100
v 0.05187200 0.00326700 0.00003600
v 0.05182800 0.00314500 -0.00210000
v 0.05167000 0.00239800 0.00332100
v 0.05171900 0.00253400 0.00245300
v 0.05169500 0.00278100 -0.00421700
v 0.05160500 0.00222100 -0.00408000
v 0.05167000 0.00239800 -0.00321700
v 0.05171900 0.00253400 -0.00235100
v 0.05173600 0.00258100 -0.00196100
v 0.05133000 0.00438600 -0.00108900
v 0.05080300 0.00465600 -0.00161700
v 0.05129500 0.00429100 -0.00220800
v 0.05078100 0.00459700 -0.00222200
v 0.05123700 0.00413200 -0.00332300
v 0.05072300 0.00443700 -0.00334300
v 0.05115600 0.00390800 -0.00443300
v 0.05168200 0.00377400 0.00225400
v 0.05151300 0.00405500 0.00227900
v 0.05171600 0.00386700 0.00114300
v 0.05154800 0.00415000 0.00115500
v 0.05172700 0.00389800 0.00003600
v 0.05155900 0.00418100 0.00003500
v 0.05171500 0.00386600 -0.00106700
v 0.05154700 0.00414800 -0.00108000
v 0.05168100 0.00377200 -0.00216500
v 0.05151300 0.00405400 -0.00219000
v 0.05162400 0.00361600 -0.00325800
v 0.05145500 0.00389600 -0.00329600
v 0.05154500 0.00339700 -0.00434700
v 0.05137500 0.00367400 -0.00439700
v 0.05145600 0.00389700 0.00339500
v 0.05129500 0.00429200 0.00229700
v 0.05133000 0.00438800 0.00116400
v 0.05134200 0.00441900 0.00003500
v 0.05173200 0.00330900 0.00331100
v 0.05178800 0.00346400 0.00222400
v 0.05182800 0.00314600 0.00218900
v 0.05178800 0.00346200 -0.00213400
v 0.05173200 0.00330900 -0.00321200
v 0.05165300 0.00309200 -0.00428600
v 0.05182200 0.00355600 0.00112800
v 0.05183300 0.00358600 0.00003600
v 0.05182100 0.00355500 -0.00105200
v 0.05123700 0.00413200 0.00342100
v 0.05078100 0.00459800 0.00231000
v 0.05080300 0.00465600 0.00171900
v 0.05082800 0.00472600 0.00003500
v 0.05081600 0.00469300 -0.00109600
v 0.05101000 0.00058500 -0.00606600
v 0.05097200 0.00079600 -0.00660900
v 0.05069500 -0.00006400 -0.00674700
v 0.05083200 0.00096800 -0.00694300
v 0.05070200 0.00108100 -0.00712400
v 0.05037100 0.00017500 -0.00737500
v 0.05048500 0.00123100 -0.00732100
v 0.05020200 0.00026700 -0.00753500
v 0.05035500 0.00130800 -0.00740400
v 0.05001000 0.00036200 -0.00766500
v 0.04796200 -0.00459000 -0.00654200
v 0.04813200 -0.00412200 -0.00686600
v 0.04789300 -0.00406700 -0.00691700
v 0.04938900 0.00004400 -0.00789400
v 0.04957400 0.00055000 -0.00781700
v 0.04934000 0.00063900 -0.00783700
v 0.04714000 -0.00613600 -0.00493000
v 0.04701700 -0.00647400 -0.00440900
v 0.04726300 -0.00651100 -0.00437700
v 0.04948300 0.00103100 0.00785000
v 0.04843400 -0.00185100 0.00791400
v 0.04857200 -0.00147200 0.00798300
v 0.04880800 -0.00155500 0.00796300
v 0.04648900 -0.00719600 -0.00264900
v 0.04642500 -0.00737000 -0.00201700
v 0.04666600 -0.00743800 -0.00201200
v 0.04813000 -0.00268500 -0.00757400
v 0.04801900 -0.00299200 -0.00745500
v 0.04825600 -0.00307000 -0.00743700
v 0.05073300 -0.00012400 -0.00650700
v 0.05062900 -0.00046100 -0.00632200
v 0.05043300 -0.00094900 -0.00659700
v 0.05024000 -0.00153100 -0.00634200
v 0.04996400 -0.00223800 -0.00646500
v 0.04966300 -0.00306400 -0.00619700
v 0.04986100 -0.00257200 -0.00613100
v 0.04936600 -0.00387900 -0.00577300
v 0.04950000 -0.00356500 -0.00569400
v 0.04909300 -0.00463100 -0.00520500
v 0.04916900 -0.00447300 -0.00504300
v 0.04886000 -0.00527200 -0.00454200
v 0.04884400 -0.00536600 -0.00405800
v 0.04913700 -0.00456100 -0.00496400
v 0.04864200 -0.00586900 -0.00369700
v 0.04847000 -0.00634200 -0.00273800
v 0.04861400 -0.00599800 -0.00298200
v 0.04834800 -0.00667600 -0.00168700
v 0.04845200 -0.00644400 -0.00172300
v 0.04828500 -0.00685000 -0.00059800
v 0.04837700 -0.00665000 -0.00035800
v 0.04828000 -0.00686300 0.00051200
v 0.04839800 -0.00659200 0.00106200
v 0.04833200 -0.00672100 0.00158300
v 0.04843700 -0.00643200 0.00260800
v 0.04852000 -0.00625600 0.00245000
v 0.04858800 -0.00601800 0.00353400
v 0.04873500 -0.00566600 0.00370700
v 0.04878000 -0.00549000 0.00436700
v 0.04900200 -0.00488000 0.00507300
v 0.04902800 -0.00486000 0.00477100
v 0.04925800 -0.00417800 0.00567200
v 0.04935800 -0.00395300 0.00555100
v 0.04952600 -0.00344100 0.00612500
v 0.04973500 -0.00291700 0.00610900
v 0.04981300 -0.00265100 0.00645200
v 0.05011200 -0.00183200 0.00664500
v 0.05011500 -0.00187300 0.00640000
v 0.05041600 -0.00099500 0.00670000
v 0.05050900 -0.00079200 0.00645500
v 0.05072200 -0.00015500 0.00661500
v 0.05089000 0.00025500 0.00627500
v 0.04992600 0.00151800 -0.00755000
v 0.05023300 0.00137400 -0.00746200
v 0.04807100 -0.00357900 -0.00719800
v 0.04783300 -0.00350200 -0.00721600
v 0.04657000 -0.00697200 -0.00327100
v 0.04681100 -0.00704100 -0.00326300
v 0.04666600 -0.00670900 -0.00385800
v 0.04690600 -0.00677800 -0.00384900
v 0.04677700 -0.00640500 -0.00441900
v 0.04681500 -0.00629800 -0.00459300
v 0.04703900 -0.00568500 -0.00543900
v 0.04662000 -0.00756400 -0.00137100
v 0.04637900 -0.00749700 -0.00137400
v 0.04659100 -0.00764400 -0.00071900
v 0.04637200 -0.00751600 -0.00125200
v 0.04657900 -0.00767600 -0.00005900
v 0.04633800 -0.00760900 -0.00005900
v 0.04634400 -0.00759400 0.00059800
v 0.04658500 -0.00766000 0.00059800
v 0.04640500 -0.00742400 0.00187300
v 0.04664700 -0.00749200 0.00186900
v 0.04645200 -0.00729500 0.00241200
v 0.04677200 -0.00714700 0.00308800
v 0.04653100 -0.00707900 0.00309500
v 0.04668700 -0.00665100 0.00407700
v 0.04695200 -0.00665300 0.00419400
v 0.04671100 -0.00658400 0.00420400
v 0.04694300 -0.00594900 0.00520500
v 0.04718200 -0.00601900 0.00519300
v 0.04702700 -0.00571600 0.00550300
v 0.04745000 -0.00528300 0.00604500
v 0.04721100 -0.00521000 0.00605900
v 0.04760000 -0.00487200 0.00642500
v 0.04744800 -0.00456000 0.00663400
v 0.04752200 -0.00435600 0.00678800
v 0.04776100 -0.00443100 0.00677200
v 0.04785100 -0.00345400 0.00734200
v 0.04808800 -0.00353100 0.00732500
v 0.04792400 -0.00325200 0.00744200
v 0.04844000 -0.00256300 0.00772600
v 0.04820400 -0.00248300 0.00774500
v 0.04862300 -0.00206300 0.00786600
v 0.04899400 -0.00104200 0.00801900
v 0.04875900 -0.00095800 0.00803800
v 0.04918300 -0.00052300 0.00803100
v 0.04956000 0.00051200 0.00792700
v 0.04913900 0.00008500 0.00802000
v 0.04937300 -0.00000200 0.00800000
v 0.04895900 -0.00040800 0.00805000
v 0.04979900 0.00045700 -0.00776000
v 0.04943200 -0.00055100 -0.00786900
v 0.04849200 -0.00313300 -0.00738200
v 0.04867300 -0.00263600 -0.00756600
v 0.04843800 -0.00256900 -0.00762200
v 0.04862500 -0.00205500 -0.00776500
v 0.04838900 -0.00197400 -0.00778500
v 0.04864900 -0.00126100 -0.00790900
v 0.04830800 -0.00363800 -0.00714500
v 0.04715300 -0.00681300 -0.00382200
v 0.04705800 -0.00707300 -0.00324000
v 0.04697800 -0.00729400 -0.00262400
v 0.04653400 -0.00707000 -0.00301700
v 0.04673000 -0.00726400 -0.00264300
v 0.04691500 -0.00746700 -0.00199700
v 0.04684000 -0.00767200 -0.00071400
v 0.04683400 -0.00768900 0.00059400
v 0.04689500 -0.00752100 0.00185700
v 0.04702000 -0.00717900 0.00306700
v 0.04719800 -0.00668900 0.00416500
v 0.04742700 -0.00605900 0.00515700
v 0.04769300 -0.00532900 0.00600200
v 0.04800100 -0.00448300 0.00672300
v 0.04832600 -0.00359100 0.00727200
v 0.04903900 -0.00163000 0.00790500
v 0.04867500 -0.00263100 0.00767000
v 0.04941200 -0.00060700 0.00797300
v 0.04978500 0.00042000 0.00786900
v 0.04974400 0.00101900 0.00781100
v 0.04917500 0.00018600 -0.00790700
v 0.04896900 -0.00038000 -0.00794800
v 0.04920400 -0.00046600 -0.00792800
v 0.04891300 -0.00126600 -0.00789800
v 0.04914300 -0.00134400 -0.00783900
v 0.04885800 -0.00212700 -0.00770800
v 0.04908300 -0.00218600 -0.00761400
v 0.04872100 -0.00317900 -0.00729200
v 0.04836600 -0.00415500 -0.00678400
v 0.04804000 -0.00505100 -0.00610800
v 0.04763800 -0.00403800 -0.00690400
v 0.04772100 -0.00453900 -0.00659000
v 0.04780200 -0.00503000 -0.00618200
v 0.04752200 -0.00579800 -0.00538700
v 0.04776400 -0.00581000 -0.00532300
v 0.04750800 -0.00651300 -0.00432600
v 0.04748300 -0.00446400 -0.00660600
v 0.04756000 -0.00498200 -0.00622700
v 0.04727800 -0.00575600 -0.00542600
v 0.04738500 -0.00617500 -0.00489500
v 0.04719200 -0.00526400 -0.00590300
v 0.04730600 -0.00706900 -0.00320200
v 0.04716400 -0.00745900 -0.00197400
v 0.04709000 -0.00766100 -0.00070500
v 0.04708400 -0.00767700 0.00058800
v 0.04714400 -0.00751200 0.00183600
v 0.04726800 -0.00717300 0.00303200
v 0.04744400 -0.00668900 0.00411700
v 0.04767000 -0.00606800 0.00509700
v 0.04793300 -0.00534600 0.00593200
v 0.04823600 -0.00451200 0.00664300
v 0.04855700 -0.00363000 0.00718500
v 0.04890200 -0.00268300 0.00757800
v 0.04926100 -0.00169700 0.00781000
v 0.04962800 -0.00068800 0.00787600
v 0.04999700 0.00032500 0.00777400
v 0.04936400 -0.00141400 -0.00774300
v 0.04929300 -0.00223300 -0.00748500
v 0.04893800 -0.00320700 -0.00717000
v 0.04859000 -0.00416400 -0.00667100
v 0.04826900 -0.00504400 -0.00600700
v 0.04799800 -0.00579000 -0.00523500
v 0.04774600 -0.00648200 -0.00425600
v 0.04754700 -0.00702800 -0.00315000
v 0.04740800 -0.00741200 -0.00194200
v 0.04733500 -0.00761100 -0.00069300
v 0.04732900 -0.00762700 0.00057900
v 0.04738900 -0.00746400 0.00180800
v 0.04751000 -0.00713100 0.00298500
v 0.04768300 -0.00665500 0.00405200
v 0.04790600 -0.00604400 0.00501500
v 0.04816400 -0.00533400 0.00583600
v 0.04846200 -0.00451500 0.00653500
v 0.04877700 -0.00365000 0.00706600
v 0.04911500 -0.00272000 0.00745200
v 0.04946800 -0.00175200 0.00767900
v 0.04982800 -0.00076200 0.00774500
v 0.05018900 0.00023100 0.00764400
v 0.04964800 -0.00063200 -0.00777300
v 0.04956800 -0.00147500 -0.00761200
v 0.04948300 -0.00226500 -0.00732600
v 0.04913700 -0.00321600 -0.00701800
v 0.04879700 -0.00415100 -0.00653000
v 0.04848400 -0.00501100 -0.00588100
v 0.04821800 -0.00574000 -0.00512700
v 0.04797200 -0.00641700 -0.00416800
v 0.04777700 -0.00695200 -0.00308600
v 0.04764000 -0.00732800 -0.00190200
v 0.04756900 -0.00752300 -0.00067800
v 0.04756300 -0.00753900 0.00056900
v 0.04762200 -0.00737900 0.00177300
v 0.04774000 -0.00705300 0.00292600
v 0.04791000 -0.00658600 0.00397100
v 0.04812800 -0.00598800 0.00491400
v 0.04838000 -0.00529400 0.00571600
v 0.04867200 -0.00449300 0.00640000
v 0.04898000 -0.00364800 0.00691900
v 0.04931000 -0.00274100 0.00729500
v 0.04965400 -0.00179600 0.00751800
v 0.05000500 -0.00083000 0.00758100
v 0.05035800 0.00013900 0.00748300
v 0.04984800 -0.00070800 -0.00764200
v 0.04975200 -0.00152600 -0.00745000
v 0.04964900 -0.00228200 -0.00713900
v 0.04931300 -0.00320500 -0.00684000
v 0.04898200 -0.00411400 -0.00636600
v 0.04867700 -0.00495100 -0.00573500
v 0.04841900 -0.00566100 -0.00500000
v 0.04817900 -0.00632100 -0.00406600
v 0.04798900 -0.00684200 -0.00301100
v 0.04785600 -0.00720900 -0.00185500
v 0.04778600 -0.00740000 -0.00066100
v 0.04778100 -0.00741500 0.00055600
v 0.04783800 -0.00725900 0.00173200
v 0.04795300 -0.00694000 0.00285700
v 0.04811900 -0.00648500 0.00387600
v 0.04833100 -0.00590300 0.00479500
v 0.04857700 -0.00522700 0.00557700
v 0.04886100 -0.00444700 0.00624200
v 0.04916000 -0.00362600 0.00674700
v 0.04948100 -0.00274400 0.00711300
v 0.04981500 -0.00182600 0.00732800
v 0.05015600 -0.00088800 0.00739000
v 0.05049900 0.00005300 0.00729500
v 0.05093000 0.00085900 -0.00674100
v 0.05062000 0.00000700 -0.00697600
v 0.05086700 0.00093300 -0.00688100
v 0.04978700 -0.00228300 -0.00693000
v 0.05029500 -0.00088600 -0.00707300
v 0.05017500 -0.00083700 -0.00728700
v 0.05051100 0.00008700 -0.00718700
v 0.05002500 -0.00077700 -0.00747800
v 0.04991000 -0.00156400 -0.00726000
v 0.04946100 -0.00317600 -0.00664000
v 0.04914100 -0.00405600 -0.00618200
v 0.04884600 -0.00486600 -0.00557000
v 0.04859600 -0.00555500 -0.00485800
v 0.04836300 -0.00619500 -0.00395100
v 0.04817800 -0.00670200 -0.00292600
v 0.04804900 -0.00705800 -0.00180300
v 0.04798100 -0.00724300 -0.00064100
v 0.04797600 -0.00725800 0.00054300
v 0.04803100 -0.00710600 0.00168600
v 0.04814400 -0.00679700 0.00277900
v 0.04830400 -0.00635500 0.00377000
v 0.04851000 -0.00578900 0.00466200
v 0.04874900 -0.00513400 0.00542000
v 0.04902400 -0.00437800 0.00606500
v 0.04931300 -0.00358300 0.00655400
v 0.04962400 -0.00273000 0.00690800
v 0.04994700 -0.00184200 0.00711600
v 0.05027700 -0.00093600 0.00717600
v 0.05060800 -0.00002600 0.00708400
v 0.05038200 -0.00092400 -0.00684100
v 0.04989200 -0.00226800 -0.00670300
v 0.04957900 -0.00312900 -0.00642400
v 0.04927100 -0.00397700 -0.00598200
v 0.04898600 -0.00475900 -0.00539200
v 0.04874400 -0.00542400 -0.00470400
v 0.04851800 -0.00604300 -0.00382700
v 0.04834000 -0.00653400 -0.00283500
v 0.04821400 -0.00687900 -0.00174700
v 0.04814900 -0.00705900 -0.00062000
v 0.04814400 -0.00707300 0.00052800
v 0.04819700 -0.00692600 0.00163600
v 0.04830600 -0.00662600 0.00269600
v 0.04846200 -0.00619800 0.00365500
v 0.04866100 -0.00565000 0.00451800
v 0.04889200 -0.00501700 0.00525100
v 0.04915700 -0.00428800 0.00587300
v 0.04943700 -0.00352100 0.00634500
v 0.04973600 -0.00269900 0.00668600
v 0.05004700 -0.00184400 0.00688600
v 0.05036400 -0.00097200 0.00694400
v 0.05068300 -0.00009600 0.00685500
v 0.04594300 -0.00270600 0.00738500
v 0.04594800 -0.00257100 0.00744200
v 0.04616500 -0.00258200 0.00745400
v 0.04596800 -0.00200100 0.00765300
v 0.04605700 0.00049300 0.00805200
v 0.04607200 0.00009200 0.00804200
v 0.04602600 -0.00037000 0.00800500
v 0.04611000 -0.00100400 0.00791400
v 0.04599900 -0.00114300 0.00788300
v 0.04611300 -0.00108000 0.00790000
v 0.04612800 -0.00150100 0.00780600
v 0.04589200 -0.00415200 0.00656600
v 0.04589900 -0.00395600 0.00670100
v 0.04621200 -0.00397900 0.00672300
v 0.04591400 -0.00352400 0.00697000
v 0.04618200 -0.00307500 0.00723500
v 0.04616600 -0.00261000 0.00744200
v 0.04584900 -0.00539100 0.00547200
v 0.04585700 -0.00516500 0.00570900
v 0.04625100 -0.00520500 0.00573800
v 0.04586700 -0.00487200 0.00598700
v 0.04622800 -0.00448500 0.00636400
v 0.04621600 -0.00411000 0.00663600
v 0.04581500 -0.00637800 0.00415000
v 0.04582300 -0.00615900 0.00449700
v 0.04628100 -0.00621900 0.00452800
v 0.04582900 -0.00598700 0.00474500
v 0.04626500 -0.00568600 0.00522500
v 0.04625800 -0.00543400 0.00550500
v 0.04579200 -0.00707700 0.00264300
v 0.04579800 -0.00689900 0.00311300
v 0.04630300 -0.00697700 0.00313900
v 0.04580000 -0.00681900 0.00329800
v 0.04629300 -0.00661700 0.00388100
v 0.04629000 -0.00650500 0.00407800
v 0.04578000 -0.00744700 0.00103900
v 0.04578300 -0.00735300 0.00161700
v 0.04631600 -0.00744400 0.00163200
v 0.04578300 -0.00733400 0.00171100
v 0.04631100 -0.00725700 0.00236800
v 0.04631100 -0.00724400 0.00241300
v 0.04632000 -0.00757200 0.00076500
v 0.04632000 -0.00758500 0.00059800
v 0.04577700 -0.00750800 0.00005200
v 0.04632000 -0.00760400 0.00005200
v 0.04577700 -0.00750800 0.00005100
v 0.04577800 -0.00748100 -0.00060200
v 0.04630300 -0.00697500 -0.00304300
v 0.04579800 -0.00689700 -0.00301600
v 0.04630300 -0.00698500 -0.00301900
v 0.04578900 -0.00717500 -0.00223200
v 0.04630900 -0.00718600 -0.00248700
v 0.04631600 -0.00744500 -0.00152600
v 0.04631900 -0.00755000 -0.00086800
v 0.04631700 -0.00749600 -0.00125300
v 0.04578300 -0.00735400 -0.00151000
v 0.04578300 -0.00733400 -0.00160900
v 0.04605700 0.00049300 -0.00795000
v 0.04604300 0.00009600 -0.00794000
v 0.04608600 -0.00032800 -0.00790900
v 0.04602600 -0.00037000 -0.00790300
v 0.04611300 -0.00107300 -0.00779900
v 0.04600100 -0.00106900 -0.00779600
v 0.04611700 -0.00118600 -0.00777700
v 0.04598700 -0.00145800 -0.00770800
v 0.04614400 -0.00196000 -0.00757500
v 0.04596800 -0.00200100 -0.00755100
v 0.04616500 -0.00258400 -0.00735100
v 0.04594800 -0.00257300 -0.00733900
v 0.04617300 -0.00280400 -0.00725800
v 0.04593200 -0.00301300 -0.00714100
v 0.04619600 -0.00351100 -0.00690500
v 0.04591400 -0.00352400 -0.00686900
v 0.04621100 -0.00397400 -0.00662400
v 0.04589900 -0.00395100 -0.00660300
v 0.04622100 -0.00426700 -0.00642400
v 0.04588300 -0.00442100 -0.00626300
v 0.04624200 -0.00491600 -0.00590500
v 0.04586700 -0.00487200 -0.00588500
v 0.04625100 -0.00520500 -0.00563700
v 0.04585700 -0.00516400 -0.00560700
v 0.04626000 -0.00550800 -0.00532400
v 0.04584100 -0.00561300 -0.00512000
v 0.04627800 -0.00610100 -0.00459500
v 0.04582900 -0.00598700 -0.00464300
v 0.04628100 -0.00621900 -0.00442700
v 0.04582300 -0.00615900 -0.00439600
v 0.04629000 -0.00650200 -0.00398200
v 0.04581000 -0.00654900 -0.00374800
v 0.04580000 -0.00681900 -0.00319600
v 0.02700700 0.00385800 0.00516000
v 0.02700700 0.00385800 -0.00505800
v 0.02702700 0.00410400 -0.00513900
v 0.02703100 0.00413100 0.00524900
v 0.02710900 0.00441700 -0.00523600
v 0.02711700 0.00443900 0.00534400
v 0.02725100 0.00470300 -0.00532200
v 0.02728100 0.00475000 0.00543700
v 0.02725800 0.00471400 -0.00532500
v 0.02745900 0.00496800 -0.00539700
v 0.02745900 0.00496800 0.00549900
v 0.02769900 0.00516900 -0.00545300
v 0.02747200 0.00498100 0.00550300
v 0.02797400 0.00532000 -0.00549400
v 0.02770600 0.00517400 0.00555600
v 0.02804200 0.00534700 -0.00550100
v 0.02798600 0.00532400 0.00559700
v 0.02804200 0.00534700 0.00560300
v 0.02837600 0.00543100 -0.00552300
v 0.02827300 0.00541300 -0.00551800
v 0.02859500 0.00544600 0.00562900
v 0.02837600 0.00543100 0.00562500
v 0.02828600 0.00541600 0.00562100
v 0.05938900 0.00282400 -0.00477100
v 0.05929700 0.00285300 -0.00473800
v 0.05929200 0.00284200 -0.00473100
v 0.05984200 0.00264800 -0.00494400
v 0.05977700 0.00267900 -0.00491800
v 0.05970800 0.00265500 -0.00488300
v 0.05950300 0.00238200 -0.00473800
v 0.05987900 0.00215900 -0.00500100
v 0.05999700 0.00255300 -0.00501300
v 0.06013500 0.00240300 -0.00509700
v 0.05946600 0.00176500 -0.00478300
v 0.05931000 0.00211700 -0.00457700
v 0.05938900 0.00168900 -0.00473100
v 0.05912800 0.00185000 -0.00439800
v 0.05917200 0.00146300 -0.00456200
v 0.05896200 0.00158000 -0.00420500
v 0.05897900 0.00123500 -0.00437800
v 0.05894000 0.00118400 -0.00433700
v 0.05881200 0.00129600 -0.00400100
v 0.05876800 0.00092500 -0.00413400
v 0.05867500 0.00098600 -0.00378700
v 0.05858300 0.00091600 -0.00353700
v 0.05913900 0.00254800 -0.00452400
v 0.05899700 0.00224600 -0.00430700
v 0.05889600 0.00201500 -0.00413800
v 0.05852800 0.00090800 -0.00338000
v 0.05862800 0.00126800 -0.00360700
v 0.05868500 0.00145000 -0.00373200
v 0.05874200 0.00161600 -0.00384900
v 0.05886500 0.00193800 -0.00408200
v 0.05881900 0.00088400 0.00441200
v 0.05876800 0.00092500 0.00423500
v 0.05897900 0.00123500 0.00447900
v 0.05922900 0.00152500 0.00471200
v 0.05914000 0.00067500 0.00495100
v 0.05895400 0.00079000 0.00470200
v 0.05982500 0.00210800 0.00507900
v 0.06013500 0.00240300 0.00519800
v 0.06019200 0.00232400 0.00523800
v 0.06066300 0.00167100 0.00538500
v 0.06013200 0.00021100 0.00538500
v 0.05982600 0.00033100 0.00535100
v 0.06042200 0.00200500 0.00534800
v 0.05954900 0.00045700 0.00525400
v 0.05929900 0.00058500 0.00509800
v 0.05962700 0.00192000 0.00498000
v 0.05917200 0.00146300 0.00466400
v 0.05878500 0.00205500 -0.00397600
v 0.05892500 0.00315800 0.00447200
v 0.05906800 0.00300700 0.00468100
v 0.05892100 0.00264800 0.00439600
v 0.05908200 0.00299400 0.00469700
v 0.05912500 0.00295800 0.00473900
v 0.05916000 0.00293200 0.00476700
v 0.05880200 0.00328800 0.00420600
v 0.05876400 0.00270500 0.00407600
v 0.05871200 0.00334900 0.00395300
v 0.05865800 0.00210100 0.00378100
v 0.05867900 0.00336200 0.00384700
v 0.05853100 0.00214700 0.00333500
v 0.05847200 0.00343900 0.00296900
v 0.05831600 0.00222600 0.00194700
v 0.05833300 0.00348700 0.00199600
v 0.05822900 0.00225700 0.00005100
v 0.05823200 0.00352100 0.00004500
v 0.05833300 0.00348700 -0.00189500
v 0.05831600 0.00222600 -0.00184500
v 0.05847200 0.00343900 -0.00286500
v 0.05853100 0.00214700 -0.00323300
v 0.05871200 0.00334900 -0.00385100
v 0.05876400 0.00270500 -0.00397400
v 0.05878900 0.00329900 -0.00407100
v 0.05889300 0.00319300 -0.00431000
v 0.05912600 0.00295700 -0.00463800
v 0.05901100 0.00306300 -0.00450800
v 0.05892100 0.00264800 -0.00429400
v 0.05916000 0.00293100 -0.00466600
v 0.05864900 0.00146200 -0.00365800
v 0.05841300 0.00095400 -0.00289700
v 0.05855300 0.00149700 -0.00338500
v 0.05865800 0.00210100 -0.00367900
v 0.05835100 0.00096800 -0.00246500
v 0.05823700 0.00098800 0.00088600
v 0.05822500 0.00098900 0.00005200
v 0.05823700 0.00098800 -0.00078300
v 0.05827500 0.00098200 -0.00162000
v 0.05827500 0.00098200 0.00172200
v 0.05855300 0.00149700 0.00348700
v 0.05841300 0.00095400 0.00299800
v 0.05835100 0.00096800 0.00256700
v 0.05852800 0.00090800 0.00348200
v 0.05864900 0.00146200 0.00376000
v 0.05862700 0.00126700 0.00370800
v 0.05868500 0.00145000 0.00383400
v 0.05874100 0.00161400 0.00395000
v 0.05878500 0.00205500 0.00407800
v 0.05886400 0.00193700 0.00418400
v 0.05929700 0.00285300 0.00484000
v 0.05929300 0.00284500 0.00483500
v 0.05913900 0.00254800 0.00462600
v 0.05899700 0.00224600 0.00440900
v 0.05889600 0.00201500 0.00424000
v 0.07176700 -0.00402400 0.00538500
v 0.07229900 -0.00256400 0.00538500
v 0.05735800 -0.00276900 0.00697200
v 0.07048500 -0.00754700 0.00697200
v 0.05721900 -0.00315100 0.00695700
v 0.07034700 -0.00792500 0.00695400
v 0.05707900 -0.00353300 0.00691800
v 0.07034700 -0.00792500 -0.00685200
v 0.07048500 -0.00754700 -0.00687100
v 0.05735800 -0.00276900 -0.00687100
v 0.05722000 -0.00314700 -0.00685600
v 0.05708000 -0.00353100 -0.00681600
v 0.06999900 -0.00888300 -0.00669900
v 0.05694200 -0.00391200 -0.00675300
v 0.06985100 -0.00929000 -0.00658500
v 0.05672300 -0.00451200 -0.00658500
v 0.06953500 -0.01015700 -0.00623800
v 0.05625700 -0.00579300 -0.00601700
v 0.05584300 -0.00693100 -0.00517200
v 0.06911400 -0.01131500 -0.00550900
v 0.06938500 -0.01057100 -0.00601700
v 0.05549900 -0.00787500 -0.00408900
v 0.06875300 -0.01230700 -0.00454100
v 0.06897000 -0.01170900 -0.00517200
v 0.05524200 -0.00858100 -0.00281900
v 0.06846700 -0.01309100 -0.00337700
v 0.06862700 -0.01265300 -0.00408900
v 0.05508300 -0.00901800 -0.00141700
v 0.06827000 -0.01363300 -0.00206600
v 0.06837000 -0.01335900 -0.00281900
v 0.05502900 -0.00916600 0.00005100
v 0.06816900 -0.01391000 -0.00066500
v 0.06821100 -0.01379700 -0.00141700
v 0.05508300 -0.00901800 0.00151900
v 0.06816900 -0.01391000 0.00076700
v 0.06815700 -0.01394500 0.00005100
v 0.05524200 -0.00858100 0.00292100
v 0.06827000 -0.01363300 0.00216800
v 0.06821100 -0.01379700 0.00151900
v 0.05549900 -0.00787500 0.00419100
v 0.06846700 -0.01309100 0.00347900
v 0.06837000 -0.01335900 0.00292100
v 0.05584300 -0.00693100 0.00527400
v 0.06875300 -0.01230700 0.00464300
v 0.06862700 -0.01265300 0.00419100
v 0.05625700 -0.00579300 0.00611900
v 0.06911400 -0.01131500 0.00561100
v 0.06897000 -0.01170900 0.00527400
v 0.05672300 -0.00451200 0.00668700
v 0.06953500 -0.01015700 0.00634000
v 0.06938500 -0.01057100 0.00611900
v 0.05694100 -0.00391400 0.00685400
v 0.06999900 -0.00888300 0.00680100
v 0.06985100 -0.00929000 0.00668700
v 0.07334100 -0.00294400 0.00526800
v 0.07281000 -0.00440300 0.00526800
v 0.07433700 -0.00330600 0.00492400
v 0.07380600 -0.00476600 0.00492400
v 0.07524500 -0.00363700 0.00436600
v 0.07471400 -0.00509700 0.00436600
v 0.07602400 -0.00392000 0.00362000
v 0.07549200 -0.00538000 0.00362000
v 0.07664000 -0.00414400 0.00271800
v 0.07610800 -0.00560400 0.00271800
v 0.07706600 -0.00429900 0.00169900
v 0.07653400 -0.00575900 0.00169900
v 0.07728400 -0.00437900 0.00060900
v 0.07675200 -0.00583900 0.00060900
v 0.07728400 -0.00437900 -0.00050700
v 0.07675200 -0.00583900 -0.00050700
v 0.07706600 -0.00429900 -0.00159700
v 0.07653400 -0.00575900 -0.00159700
v 0.07664000 -0.00414400 -0.00261600
v 0.07610800 -0.00560400 -0.00261600
v 0.07602400 -0.00392000 -0.00351800
v 0.07549200 -0.00538000 -0.00351800
v 0.07524500 -0.00363700 -0.00426400
v 0.07471400 -0.00509700 -0.00426400
v 0.07433700 -0.00330600 -0.00482200
v 0.07380600 -0.00476600 -0.00482200
v 0.07334100 -0.00294400 -0.00516600
v 0.07281000 -0.00440300 -0.00516600
v 0.07229900 -0.00256400 -0.00528300
v 0.07176700 -0.00402400 -0.00528300
v 0.02859500 0.00531100 0.00585100
v 0.02859500 0.00503500 0.00623200
v 0.02837600 0.00502300 0.00622300
v 0.02859500 0.00480500 0.00649400
v 0.02859500 0.00438900 0.00688100
v 0.02837600 0.00438000 0.00686900
v 0.02859500 0.00419000 0.00703400
v 0.02859500 0.00362400 0.00738300
v 0.02837600 0.00361700 0.00737000
v 0.02859500 0.00293200 0.00767100
v 0.02804200 0.00495800 0.00617000
v 0.02773400 0.00483800 0.00607300
v 0.02746700 0.00466900 0.00593600
v 0.02725300 0.00446000 0.00576700
v 0.02710200 0.00422000 0.00557200
v 0.02702100 0.00396000 0.00536200
v 0.02700700 0.00380100 0.00523300
v 0.02702100 0.00251100 0.00635300
v 0.02700700 0.00244800 0.00615900
v 0.02700700 0.00289300 0.00597400
v 0.02702100 0.00298700 0.00615500
v 0.02710200 0.00314100 0.00645200
v 0.02712800 0.00263400 0.00673800
v 0.02837600 0.00292800 0.00765700
v 0.02798700 0.00289600 0.00755600
v 0.02804200 0.00357900 0.00729500
v 0.02773400 0.00285500 0.00743000
v 0.02773400 0.00350800 0.00715800
v 0.02747200 0.00279100 0.00722800
v 0.02746700 0.00340800 0.00696600
v 0.02725300 0.00328400 0.00672700
v 0.02804200 0.00432600 0.00680400
v 0.02773400 0.00422900 0.00668400
v 0.02746700 0.00409200 0.00651600
v 0.02725300 0.00392200 0.00630700
v 0.02710200 0.00372600 0.00606800
v 0.02702100 0.00351400 0.00580900
v 0.02700700 0.00338600 0.00565100
v 0.05877200 0.00053500 0.00413900
v 0.05905500 0.00028600 0.00401700
v 0.05898000 0.00034700 0.00374900
v 0.05858300 0.00091600 0.00363900
v 0.05888900 0.00039000 0.00348000
v 0.06059800 0.00192600 0.00537000
v 0.06044100 0.00254600 0.00519800
v 0.06050000 0.00231500 0.00528700
v 0.06054900 0.00212200 0.00533800
v 0.06037700 0.00271800 0.00511500
v 0.06007400 0.00248400 0.00515700
v 0.06024400 0.00292200 0.00500400
v 0.05996000 0.00257900 0.00509800
v 0.06010800 0.00307000 0.00491800
v 0.05955200 0.00330400 0.00484200
v 0.05965600 0.00342200 0.00470700
v 0.05998200 0.00318300 0.00485000
v 0.05975500 0.00268900 0.00501100
v 0.05934400 0.00295900 0.00488900
v 0.05944200 0.00314000 0.00490700
v 0.05891400 0.00399700 0.00004500
v 0.05894700 0.00398500 -0.00106000
v 0.07634300 -0.00234700 -0.00034100
v 0.05900700 0.00396300 0.00190200
v 0.05901100 0.00396100 -0.00184000
v 0.05914500 0.00391300 -0.00277300
v 0.05929600 0.00385800 -0.00344700
v 0.05914500 0.00391300 0.00287700
v 0.07284200 -0.00107300 0.00379700
v 0.05937000 0.00383100 0.00379700
v 0.07357400 -0.00133900 -0.00361400
v 0.07427400 -0.00159400 -0.00337200
v 0.07491100 -0.00182600 -0.00298000
v 0.05937000 0.00383100 -0.00369600
v 0.07284200 -0.00107300 -0.00369600
v 0.07619000 -0.00229100 -0.00110700
v 0.07589100 -0.00218200 -0.00182200
v 0.07491100 -0.00182600 0.00308200
v 0.07634300 -0.00234700 0.00044300
v 0.07545800 -0.00202500 -0.00245600
v 0.07427400 -0.00159400 0.00347400
v 0.07357400 -0.00133900 0.00371600
v 0.07619000 -0.00229100 0.00120900
v 0.07589100 -0.00218200 0.00192400
v 0.07545800 -0.00202500 0.00255800
v 0.04578600 0.00587100 0.00459700
v 0.04578600 0.00588000 0.00456200
v 0.04631400 0.00578700 0.00456200
v 0.04631300 0.00579400 0.00453700
v 0.05870400 0.00386000 0.00295400
v 0.05856700 0.00391300 0.00197300
v 0.05847200 0.00395000 0.00004500
v 0.05856900 0.00391200 -0.00188600
v 0.05870800 0.00386300 -0.00285000
v 0.05925800 0.00385600 -0.00373500
v 0.05893000 0.00376500 -0.00383000
v 0.05888100 0.00372500 0.00394300
v 0.05893000 0.00376500 0.00393200
v 0.05925800 0.00385600 0.00383600
v 0.05892200 0.00045900 -0.00451900
v 0.05877100 0.00053800 -0.00403800
v 0.05905500 0.00028600 -0.00391500
v 0.05912900 0.00022100 -0.00411000
v 0.05922600 0.00014800 -0.00425800
v 0.05917500 0.00019400 -0.00471600
v 0.05935800 0.00006000 -0.00439000
v 0.05953800 -0.00001600 -0.00493900
v 0.05953400 -0.00004200 -0.00450100
v 0.05973800 -0.00014300 -0.00457200
v 0.05887400 0.00084500 -0.00444600
v 0.05903200 0.00074000 -0.00471800
v 0.05985400 0.00031900 -0.00525500
v 0.05956600 0.00044900 -0.00516000
v 0.05931000 0.00057900 -0.00500400
v 0.05924000 0.00061800 -0.00494600
v 0.06013200 0.00021100 -0.00528300
v 0.05997900 -0.00020800 -0.00501900
v 0.05996900 -0.00023600 -0.00459800
v 0.04610200 0.00171200 0.00795600
v 0.04610200 0.00171600 0.00795500
v 0.04612300 0.00228800 0.00784200
v 0.04614500 0.00290000 0.00767100
v 0.04606300 0.00064600 0.00805000
v 0.04608700 0.00130900 -0.00790700
v 0.04610200 0.00171200 -0.00785400
v 0.04610200 0.00171600 -0.00785300
v 0.04612300 0.00228800 -0.00774100
v 0.05867500 0.00098500 0.00388900
v 0.05881100 0.00129500 0.00410200
v 0.05896200 0.00158000 0.00430700
v 0.05912800 0.00185000 0.00450000
v 0.05931000 0.00211700 0.00467900
v 0.05950500 0.00238500 0.00484100
v 0.05971100 0.00265700 0.00498600
v 0.04597000 0.00289600 -0.00758100
v 0.07160500 -0.00447200 -0.00459800
v 0.07161500 -0.00444300 -0.00501900
v 0.07163600 -0.00438700 -0.00510600
v 0.05956500 0.00341500 0.00474600
v 0.05954400 0.00344400 0.00471900
v 0.05964000 0.00344100 0.00468900
v 0.05962400 0.00346500 0.00466300
v 0.05297400 0.00134000 -0.00519800
v 0.05316200 0.00185600 -0.00482500
v 0.05256600 0.00199500 -0.00472900
v 0.05081400 -0.00459500 -0.00519800
v 0.05101400 -0.00404400 -0.00550800
v 0.05046100 -0.00378900 -0.00539900
v 0.05122500 -0.00346500 -0.00575400
v 0.05144400 -0.00286500 -0.00593100
v 0.05088200 -0.00263300 -0.00581300
v 0.05089400 -0.00008600 -0.00497400
v 0.05073600 -0.00016800 -0.00438100
v 0.05040200 -0.00108400 -0.00448700
v 0.05125500 0.00090500 -0.00461900
v 0.05105400 0.00070600 -0.00406800
v 0.05158100 0.00180000 -0.00404500
v 0.05134200 0.00149600 -0.00356200
v 0.05185700 0.00255900 -0.00328000
v 0.05158500 0.00216600 -0.00288700
v 0.05221200 0.00353300 -0.00132600
v 0.05189800 0.00302400 -0.00116300
v 0.05177400 0.00268300 -0.00207500
v 0.05227300 0.00370200 -0.00022800
v 0.05195200 0.00317400 -0.00019500
v 0.05225300 0.00364600 0.00088300
v 0.05193400 0.00312400 0.00078500
v 0.05215100 0.00336600 0.00195500
v 0.05184400 0.00287700 0.00173100
v 0.05172600 0.00219900 0.00378700
v 0.05147000 0.00184800 0.00334500
v 0.05168700 0.00244500 0.00259800
v 0.05142300 0.00136700 0.00446000
v 0.05120300 0.00111400 0.00393900
v 0.05107800 0.00041800 0.00492700
v 0.05089800 0.00027700 0.00435100
v 0.05070600 -0.00060300 0.00516600
v 0.05057000 -0.00062300 0.00456200
v 0.05032600 -0.00164800 0.00516600
v 0.05023500 -0.00154500 0.00456200
v 0.04995400 -0.00267000 0.00492700
v 0.04990700 -0.00244600 0.00435100
v 0.04960900 -0.00361800 0.00446000
v 0.04960200 -0.00328300 0.00393900
v 0.04930600 -0.00445100 0.00378700
v 0.04933500 -0.00401700 0.00334500
v 0.04905900 -0.00512800 0.00293900
v 0.04911800 -0.00461400 0.00259800
v 0.04888100 -0.00561700 0.00195500
v 0.04896100 -0.00504600 0.00173100
v 0.04877900 -0.00589700 0.00088300
v 0.04887100 -0.00529200 0.00078500
v 0.04875900 -0.00595400 -0.00022800
v 0.04885300 -0.00534200 -0.00019500
v 0.04882000 -0.00578500 -0.00132600
v 0.04890700 -0.00519300 -0.00116300
v 0.04896100 -0.00539800 -0.00235900
v 0.04903100 -0.00485200 -0.00207500
v 0.04917500 -0.00481100 -0.00328000
v 0.04921900 -0.00433400 -0.00288700
v 0.04977700 -0.00315600 -0.00461900
v 0.04975100 -0.00287500 -0.00406800
v 0.04946300 -0.00366500 -0.00356200
v 0.05013800 -0.00216500 -0.00497400
v 0.05006900 -0.00200100 -0.00438100
v 0.05051600 -0.00112600 -0.00509400
v 0.05197300 0.00287600 0.00293900
v 0.05207100 0.00314600 -0.00235900
v 0.05132300 -0.00142000 -0.00595400
v 0.05042300 -0.00238700 -0.00547700
v 0.05002600 -0.00347700 -0.00508600
v 0.04945100 -0.00405200 -0.00404500
v 0.04966800 -0.00446200 -0.00445500
v 0.04936400 -0.00529700 -0.00361400
v 0.05008000 -0.00483400 -0.00472900
v 0.05062600 -0.00511100 -0.00482500
v 0.04975800 -0.00572000 -0.00383600
v 0.05029700 -0.00601400 -0.00391500
v 0.05045300 -0.00558600 -0.00439600
v 0.04912900 -0.00594300 -0.00260000
v 0.04950900 -0.00640500 -0.00276200
v 0.05004300 -0.00671300 -0.00281800
v 0.05016000 -0.00639200 -0.00338700
v 0.04897400 -0.00636900 -0.00146300
v 0.04934400 -0.00685600 -0.00155500
v 0.04987600 -0.00717400 -0.00158800
v 0.04994800 -0.00697500 -0.00221600
v 0.04890600 -0.00655500 -0.00025500
v 0.04927300 -0.00705400 -0.00027400
v 0.04980200 -0.00737500 -0.00028100
v 0.04982700 -0.00730800 -0.00094000
v 0.04892900 -0.00649200 0.00096700
v 0.04929700 -0.00698800 0.00102200
v 0.04982700 -0.00730800 0.00104200
v 0.04980200 -0.00737500 0.00038300
v 0.04904100 -0.00618500 0.00214600
v 0.04941500 -0.00666100 0.00227300
v 0.04994800 -0.00697500 0.00231800
v 0.04987600 -0.00717400 0.00169000
v 0.04923700 -0.00564600 0.00322800
v 0.04962300 -0.00609000 0.00342100
v 0.05016000 -0.00639200 0.00348800
v 0.05004300 -0.00671300 0.00292000
v 0.04950800 -0.00490100 0.00416000
v 0.04991100 -0.00530000 0.00441000
v 0.05045300 -0.00558600 0.00449800
v 0.05029700 -0.00601400 0.00401600
v 0.04984100 -0.00398600 0.00490100
v 0.05026500 -0.00432900 0.00519600
v 0.05081400 -0.00459500 0.00530000
v 0.05062600 -0.00511100 0.00492700
v 0.05022100 -0.00294200 0.00541500
v 0.05066800 -0.00322100 0.00574100
v 0.05122500 -0.00346500 0.00585600
v 0.05101400 -0.00404400 0.00561000
v 0.05063000 -0.00181800 0.00567800
v 0.05110100 -0.00203000 0.00602000
v 0.05166800 -0.00225000 0.00614000
v 0.05144400 -0.00286500 0.00603300
v 0.05104900 -0.00066800 0.00567800
v 0.05154500 -0.00080900 0.00602000
v 0.05212100 -0.00100500 0.00614000
v 0.05189400 -0.00162700 0.00617600
v 0.05145700 0.00045500 0.00541500
v 0.05197900 0.00038200 0.00574100
v 0.05256300 0.00021100 0.00585600
v 0.05234500 -0.00039000 0.00603300
v 0.05183700 0.00149900 0.00490100
v 0.05238200 0.00148900 0.00519600
v 0.05297400 0.00134000 0.00530000
v 0.05277400 0.00079000 0.00561000
v 0.05217100 0.00241500 0.00416000
v 0.05273600 0.00246100 0.00441000
v 0.05333500 0.00233100 0.00449800
v 0.05316200 0.00185600 0.00492700
v 0.05244200 0.00315900 0.00322800
v 0.05374500 0.00345800 0.00292000
v 0.05362800 0.00313700 0.00348800
v 0.05302300 0.00325100 0.00342100
v 0.05349100 0.00276000 0.00401600
v 0.05263800 0.00369800 0.00214600
v 0.05275000 0.00400600 0.00096700
v 0.05323100 0.00382200 0.00227300
v 0.05384000 0.00372000 0.00231800
v 0.05335000 0.00414900 0.00102200
v 0.05396200 0.00405300 0.00104200
v 0.05391300 0.00391900 0.00169000
v 0.05277200 0.00406800 -0.00025500
v 0.05337400 0.00421500 -0.00027400
v 0.05398600 0.00412000 -0.00028100
v 0.05398600 0.00412000 0.00038300
v 0.05270500 0.00388200 -0.00146300
v 0.05330200 0.00401700 -0.00155500
v 0.05391300 0.00391900 -0.00158800
v 0.05396200 0.00405300 -0.00094000
v 0.05255000 0.00345600 -0.00260000
v 0.05313800 0.00356600 -0.00276200
v 0.05374500 0.00345800 -0.00281800
v 0.05384000 0.00372000 -0.00221600
v 0.05231500 0.00281100 -0.00361400
v 0.05333500 0.00233100 -0.00439600
v 0.05349100 0.00276000 -0.00391500
v 0.05288900 0.00288100 -0.00383600
v 0.05362800 0.00313700 -0.00338700
v 0.05201100 0.00197600 -0.00445500
v 0.05165200 0.00099000 -0.00508600
v 0.05125600 -0.00010000 -0.00547700
v 0.05218600 0.00095000 -0.00539900
v 0.05277400 0.00079000 -0.00550800
v 0.05176500 -0.00020700 -0.00581300
v 0.05234500 -0.00039000 -0.00593100
v 0.05256300 0.00021100 -0.00575400
v 0.05083900 -0.00124300 -0.00560900
v 0.05166800 -0.00225000 -0.00603900
v 0.05189400 -0.00162700 -0.00607400
v 0.05212100 -0.00100500 -0.00603900
v 0.02700700 -0.00536900 -0.00255200
v 0.02700700 0.00380100 -0.00513100
v 0.02700700 0.00338600 -0.00554900
v 0.02700700 -0.00470100 -0.00371100
v 0.02700700 0.00244800 -0.00605700
v 0.02700700 0.00289300 -0.00587200
v 0.02700700 -0.00578100 0.00138100
v 0.02700700 -0.00592100 0.00005100
v 0.02700700 -0.00578100 -0.00127900
v 0.02700700 0.00113900 0.00643200
v 0.02700700 -0.00019900 0.00642700
v 0.02700700 -0.00470100 0.00381300
v 0.02700700 -0.00150700 0.00614500
v 0.02700700 -0.00380800 0.00480900
v 0.02700700 -0.00272700 0.00559800
v 0.02700700 -0.00536900 0.00265400
v 0.02700700 -0.00150700 -0.00604300
v 0.02700700 -0.00272700 -0.00549600
v 0.02700700 -0.00380800 -0.00470700
v 0.02700700 -0.00019900 -0.00632500
v 0.02700700 0.00113900 -0.00633000
v 0.05958600 0.00339300 0.00476500
v 0.05965100 0.00342800 0.00470200
v 0.07275600 -0.00130800 -0.00455100
v 0.05965100 0.00342700 -0.00460000
v 0.05965600 0.00342200 -0.00460500
v 0.07268300 -0.00150900 -0.00481800
v 0.05944200 0.00377100 -0.00400900
v 0.05948900 0.00370200 -0.00419300
v 0.07280800 -0.00116500 -0.00424500
v 0.05951600 0.00365500 -0.00428800
v 0.07280000 -0.00118600 -0.00430300
v 0.05958900 0.00352300 -0.00449200
v 0.05964000 0.00344100 -0.00458700
v 0.06066300 0.00167100 -0.00528300
v 0.06059800 0.00192600 -0.00526800
v 0.07237300 -0.00236000 -0.00526800
v 0.06054900 0.00212200 -0.00523600
v 0.07250700 -0.00199300 -0.00516200
v 0.07259100 -0.00176000 -0.00503300
v 0.06044100 0.00254600 -0.00509700
v 0.06050000 0.00231500 -0.00518500
v 0.06013300 0.00304500 -0.00483000
v 0.06031500 0.00282600 -0.00495500
v 0.06040400 0.00265900 -0.00504200
v 0.04603400 0.00112700 -0.00792500
v 0.04601300 0.00170900 -0.00785700
v 0.04602800 0.00129900 -0.00790900
v 0.07163600 -0.00438500 0.00521000
v 0.07251300 -0.00480200 0.00459800
v 0.07264300 -0.00475300 0.00509500
v 0.07360600 -0.00510400 0.00476200
v 0.07264300 -0.00475300 -0.00499300
v 0.07338100 -0.00511800 0.00429800
v 0.07448400 -0.00542300 0.00422300
v 0.07417200 -0.00540600 0.00381200
v 0.07523700 -0.00569700 0.00350200
v 0.07485100 -0.00565300 0.00316100
v 0.07583200 -0.00591400 0.00262900
v 0.07538800 -0.00584800 0.00237500
v 0.07624400 -0.00606400 0.00164400
v 0.07575900 -0.00598400 0.00148700
v 0.07645500 -0.00614100 0.00059000
v 0.07594900 -0.00605300 0.00053700
v 0.07645500 -0.00614100 -0.00048800
v 0.07594900 -0.00605300 -0.00043500
v 0.07624400 -0.00606400 -0.00154300
v 0.07575900 -0.00598400 -0.00138600
v 0.07583200 -0.00591400 -0.00252700
v 0.07538800 -0.00584800 -0.00227300
v 0.07523700 -0.00569700 -0.00340000
v 0.07485100 -0.00565300 -0.00306000
v 0.07448400 -0.00542300 -0.00412100
v 0.07417200 -0.00540600 -0.00371000
v 0.07360600 -0.00510400 -0.00466000
v 0.07338100 -0.00511800 -0.00419600
v 0.07251300 -0.00480200 -0.00449600
v 0.07160500 -0.00447200 0.00470000
v 0.07163600 -0.00438700 0.00520800
v 0.02859500 -0.00352400 -0.00686800
v 0.02859500 -0.00200100 -0.00755100
v 0.02859500 -0.00037000 -0.00790300
v 0.04601300 0.00170900 0.00795900
v 0.04602800 0.00129900 0.00801100
v 0.02859500 0.00129900 0.00801100
v 0.04603400 0.00112700 0.00802700
v 0.02859500 -0.00037000 0.00800500
v 0.04597000 0.00289600 0.00768200
v 0.04596800 0.00293200 0.00767100
v 0.02859500 0.00129900 -0.00790900
v 0.02859500 -0.00487200 -0.00588500
v 0.02859500 -0.00598700 -0.00464300
v 0.02859500 -0.00733400 -0.00160900
v 0.02859500 -0.00681900 -0.00319600
v 0.02859500 -0.00750800 0.00005100
v 0.02859500 -0.00733400 0.00171100
v 0.02859500 -0.00681900 0.00329800
v 0.02859500 -0.00598700 0.00474500
v 0.02859500 -0.00487200 0.00598700
v 0.02859500 -0.00352400 0.00697000
v 0.02859500 -0.00200100 0.00765300
v 0.05951100 0.00335200 0.00480900
v 0.05940000 0.00326200 0.00485400
v 0.05926700 0.00311700 0.00485200
v 0.05932100 0.00380400 -0.00399800
v 0.05938800 0.00370800 -0.00424200
v 0.05956600 0.00341400 -0.00464400
v 0.05950800 0.00349800 -0.00455800
v 0.05946300 0.00357600 -0.00446100
v 0.05996900 -0.00023600 0.00470000
v 0.06000000 -0.00015000 0.00521000
v 0.04592100 0.00366400 0.00736300
v 0.04593500 0.00344900 0.00746900
v 0.04585000 0.00480500 0.00649400
v 0.04587300 0.00442500 0.00685100
v 0.04588800 0.00419000 0.00703400
v 0.04590400 0.00393200 0.00720800
v 0.03335700 0.00544600 0.00562900
v 0.04581900 0.00531100 0.00585100
v 0.04582900 0.00515000 0.00608400
v 0.04583400 0.00506500 0.00619500
v 0.03335700 0.00588000 0.00456200
v 0.03335700 0.00569100 0.00512600
v 0.04579700 0.00569300 0.00512100
v 0.04580500 0.00555600 0.00542300
v 0.04581100 0.00545000 0.00562200
v 0.05950600 0.00334500 0.00481500
v 0.05943200 0.00329000 0.00484600
v 0.05905800 0.00354700 0.00445100
v 0.05926500 0.00326400 0.00480200
v 0.05927800 0.00384400 0.00392500
v 0.05935600 0.00375800 0.00423200
v 0.05947300 0.00355900 0.00458500
v 0.05938300 0.00371600 0.00432900
v 0.06019200 0.00232400 -0.00513700
v 0.06042200 0.00200500 -0.00524600
v 0.04631300 0.00579400 -0.00443500
v 0.04631600 0.00604300 -0.00333100
v 0.04631900 0.00622200 -0.00221600
v 0.04632000 0.00633000 -0.00108800
v 0.04631600 0.00604300 0.00343300
v 0.04631900 0.00622200 0.00231800
v 0.04632000 0.00633000 0.00119000
v 0.04632000 0.00636600 0.00005100
v 0.05955500 0.00358400 0.00450900
v 0.05947300 0.00372800 0.00423500
v 0.05939900 0.00381400 0.00393100
v 0.07250700 -0.00199300 0.00526400
v 0.07259100 -0.00176000 0.00513400
v 0.07237300 -0.00236000 0.00537000
v 0.07280000 -0.00118600 0.00440500
v 0.07268300 -0.00150900 0.00492000
v 0.05987200 -0.00019900 0.00469500
v 0.05965900 -0.00010500 0.00465300
v 0.05951500 0.00001100 0.00505500
v 0.05911400 0.00023300 0.00418200
v 0.05917300 0.00022200 0.00486000
v 0.05932400 0.00008200 0.00446300
v 0.05889600 0.00049900 0.00459500
v 0.05920200 0.00016500 0.00433000
v 0.05947200 -0.00000700 0.00457000
v 0.05345600 0.00136300 -0.00508100
v 0.05361900 0.00181100 -0.00473700
v 0.05375300 0.00217900 -0.00439600
v 0.05392700 0.00266000 -0.00384900
v 0.05328700 0.00090100 -0.00537000
v 0.05339200 0.00118800 -0.00519800
v 0.05253800 -0.00115700 -0.00603900
v 0.05256600 -0.00108000 -0.00602900
v 0.05293700 -0.00006200 -0.00579600
v 0.05298100 0.00005900 -0.00575400
v 0.05311400 0.00042600 -0.00560700
v 0.05208500 -0.00240200 -0.00603900
v 0.05217700 -0.00215100 -0.00606200
v 0.05198100 -0.00268900 -0.00599800
v 0.05164300 -0.00361700 -0.00575400
v 0.05141800 -0.00423500 -0.00548900
v 0.05123200 -0.00474700 -0.00519800
v 0.05107900 -0.00516600 -0.00490200
v 0.05087100 -0.00573800 -0.00439600
v 0.05078400 -0.00597800 -0.00413900
v 0.05057800 -0.00654400 -0.00338700
v 0.05054200 -0.00664100 -0.00322900
v 0.05036600 -0.00712700 -0.00221600
v 0.05022000 -0.00752700 0.00038300
v 0.05021700 -0.00753500 0.00005100
v 0.05024400 -0.00746000 -0.00094000
v 0.05025400 -0.00743400 0.00119800
v 0.05029300 -0.00732600 0.00169000
v 0.05036400 -0.00713200 0.00230400
v 0.05046100 -0.00686500 0.00292000
v 0.05054200 -0.00664100 0.00333100
v 0.05071500 -0.00616600 0.00401600
v 0.05078400 -0.00597800 0.00424100
v 0.05104400 -0.00526300 0.00492700
v 0.05107900 -0.00516600 0.00500400
v 0.05143200 -0.00419600 0.00561000
v 0.05178800 -0.00321800 0.00598200
v 0.05404600 0.00298500 -0.00338700
v 0.05406400 0.00303400 -0.00330800
v 0.05418200 0.00335800 -0.00271300
v 0.05425800 0.00356800 -0.00221600
v 0.05434800 0.00381600 -0.00138500
v 0.05437900 0.00390100 -0.00094000
v 0.05440700 0.00397700 0.00005100
v 0.05440400 0.00396800 0.00038300
v 0.05434800 0.00381600 0.00148700
v 0.05433100 0.00376700 0.00169000
v 0.05427700 0.00362100 0.00217100
v 0.05416300 0.00330600 0.00292000
v 0.05406400 0.00303400 0.00341000
v 0.05390900 0.00260800 0.00401600
v 0.05361900 0.00181100 0.00483800
v 0.05358000 0.00170400 0.00492700
v 0.05328700 0.00090100 0.00547200
v 0.05319200 0.00063800 0.00561000
v 0.05293700 -0.00006200 0.00589800
v 0.05276200 -0.00054200 0.00603300
v 0.05256600 -0.00108000 0.00613100
v 0.05231200 -0.00177900 0.00617600
v 0.05217700 -0.00215100 0.00616400
v 0.05186100 -0.00301700 0.00603300
v 0.05935200 0.00327200 -0.00473300
v 0.05922200 0.00312800 -0.00472100
v 0.05951500 0.00338900 -0.00467600
v 0.05901800 0.00362100 -0.00422300
v 0.05958600 0.00339300 -0.00466300
v 0.05958200 0.00339600 -0.00466000
v 0.05942300 0.00328200 -0.00474600
v 0.05888900 0.00039000 -0.00337800
v 0.05898000 0.00034700 -0.00364700
v 0.05918100 0.00297700 -0.00469500
v 0.05928500 0.00313900 -0.00475500
v 0.05883200 0.00041100 0.00330900
v 0.05883200 0.00041100 -0.00320700
v 0.07363400 -0.00185600 0.00481400
v 0.07365100 -0.00149600 0.00431000
v 0.07446500 -0.00179200 0.00402900
v 0.07520500 -0.00206100 0.00357300
v 0.07584100 -0.00229300 0.00296400
v 0.07634400 -0.00247600 0.00222800
v 0.07669200 -0.00260200 0.00139600
v 0.07686900 -0.00266700 0.00050600
v 0.07686900 -0.00266700 -0.00040400
v 0.07669200 -0.00260200 -0.00129400
v 0.07634400 -0.00247600 -0.00212600
v 0.07584100 -0.00229300 -0.00286200
v 0.07520500 -0.00206100 -0.00347100
v 0.07446500 -0.00179200 -0.00392700
v 0.07365100 -0.00149600 -0.00420800
v 0.07363400 -0.00185600 -0.00471200
v 0.07454400 -0.00218700 -0.00439700
v 0.07537200 -0.00248800 -0.00388800
v 0.07608300 -0.00274700 -0.00320700
v 0.07664500 -0.00295200 -0.00238400
v 0.07703400 -0.00309300 -0.00145400
v 0.07723300 -0.00316600 -0.00045800
v 0.07723300 -0.00316600 0.00056000
v 0.07703400 -0.00309300 0.00155600
v 0.07664500 -0.00295200 0.00248500
v 0.07608300 -0.00274700 0.00330900
v 0.07537200 -0.00248800 0.00399000
v 0.07454400 -0.00218700 0.00449900
v 0.07352500 -0.00236400 0.00515000
v 0.07449900 -0.00271900 0.00481300
v 0.07538600 -0.00304100 0.00426900
v 0.07614700 -0.00331800 0.00353900
v 0.07674900 -0.00353800 0.00265800
v 0.07716600 -0.00368900 0.00166200
v 0.07737800 -0.00376700 0.00059600
v 0.07737800 -0.00376700 -0.00049400
v 0.07716600 -0.00368900 -0.00156000
v 0.07674900 -0.00353800 -0.00255600
v 0.07614700 -0.00331800 -0.00343700
v 0.07538600 -0.00304100 -0.00416700
v 0.07449900 -0.00271900 -0.00471100
v 0.07352500 -0.00236400 -0.00504800
v 0.04577800 0.00639700 0.00156900
v 0.04578000 0.00631500 0.00233100
v 0.03335700 0.00639700 0.00156900
v 0.04578100 0.00624300 0.00283500
v 0.04578200 0.00613400 0.00345200
v 0.04577800 0.00642500 -0.00109500
v 0.04577800 0.00644000 -0.00083800
v 0.03335700 0.00639700 -0.00146700
v 0.04577700 0.00646200 0.00005100
v 0.04577800 0.00642500 0.00119700
v 0.04578200 0.00613400 -0.00335000
v 0.04578000 0.00631500 -0.00222900
v 0.05855900 0.00051100 0.00000300
v 0.05857100 0.00050600 -0.00076800
v 0.05860800 0.00049300 -0.00158700
v 0.05867300 0.00046900 -0.00234100
v 0.05873900 0.00044500 -0.00280900
v 0.05855600 0.00051200 0.00005100
v 0.05855900 0.00051100 0.00005200
v 0.05857100 0.00050600 0.00087100
v 0.05860800 0.00049300 0.00169000
v 0.05866900 0.00047000 0.00240800
v 0.05873900 0.00044500 0.00291000
v 0.05883000 0.00041200 0.00330500
v 0.05934400 0.00295800 -0.00478700
v 0.05944200 0.00314000 -0.00480500
v 0.05955200 0.00330300 -0.00474000
v 0.05944200 0.00313800 -0.00480500
v 0.05855200 0.00051300 -0.00337800
v 0.05855200 0.00051300 -0.00302300
v 0.05855200 0.00051300 -0.00195800
v 0.05855200 0.00051300 0.00348000
v 0.05855200 0.00051300 0.00206000
v 0.07089900 -0.00641100 -0.00665500
v 0.07071800 -0.00690700 -0.00680400
v 0.07205700 -0.00739500 -0.00665400
v 0.07485300 -0.00913600 -0.00507800
v 0.07531900 -0.00930600 -0.00458000
v 0.07550500 -0.00864900 -0.00453600
v 0.07180800 -0.00802800 0.00682800
v 0.07071800 -0.00690700 0.00690600
v 0.07205700 -0.00739500 0.00675600
v 0.07183800 -0.00803900 0.00682100
v 0.07333800 -0.00786100 0.00631300
v 0.07450400 -0.00828500 0.00559600
v 0.07419300 -0.00889600 0.00573700
v 0.07313100 -0.00851000 0.00637400
v 0.07550500 -0.00864900 0.00463800
v 0.07485300 -0.00913600 0.00518000
v 0.07430800 -0.00893800 0.00565100
v 0.07629600 -0.00893700 0.00347800
v 0.07576500 -0.00946800 0.00409400
v 0.07531900 -0.00930600 0.00468200
v 0.07712400 -0.00923900 0.00076700
v 0.07667100 -0.00979800 0.00219000
v 0.07684400 -0.00913700 0.00216900
v 0.07645400 -0.00971900 0.00280100
v 0.07611800 -0.00959700 0.00351200
v 0.07696400 -0.00990500 0.00066700
v 0.07695700 -0.00990200 0.00073600
v 0.07695400 -0.00990100 0.00077400
v 0.07712400 -0.00923900 -0.00066600
v 0.07695600 -0.00990200 -0.00065100
v 0.07696100 -0.00990400 -0.00059200
v 0.07698400 -0.00991200 0.00032100
v 0.07697800 -0.00991000 0.00045600
v 0.07697100 -0.00990700 0.00057300
v 0.07696800 -0.00990600 -0.00050700
v 0.07697600 -0.00990900 -0.00039700
v 0.07698200 -0.00991200 -0.00026800
v 0.07698700 -0.00991300 -0.00012600
v 0.07698900 -0.00991400 0.00002400
v 0.07698800 -0.00991400 0.00017600
v 0.07695400 -0.00990100 -0.00067300
v 0.07684400 -0.00913700 -0.00206700
v 0.07667100 -0.00979800 -0.00208800
v 0.07629600 -0.00893700 -0.00337600
v 0.07576500 -0.00946800 -0.00399200
v 0.07611800 -0.00959700 -0.00341000
v 0.07645400 -0.00971900 -0.00269900
v 0.07430800 -0.00893800 -0.00554900
v 0.07450400 -0.00828500 -0.00549400
v 0.07419300 -0.00889600 -0.00563600
v 0.07333800 -0.00786100 -0.00621100
v 0.07313100 -0.00851000 -0.00627200
v 0.07183800 -0.00803900 -0.00671900
v 0.07180800 -0.00802800 -0.00672600
v 0.07224900 -0.00674200 -0.00645000
v 0.07095000 -0.00627000 -0.00659500
v 0.07349000 -0.00719400 -0.00602100
v 0.07462100 -0.00760600 -0.00532600
v 0.07559100 -0.00795900 -0.00439600
v 0.07635900 -0.00823800 -0.00327200
v 0.07689000 -0.00843100 -0.00200300
v 0.07716100 -0.00853000 -0.00064400
v 0.07716100 -0.00853000 0.00074600
v 0.07689000 -0.00843100 0.00210500
v 0.07635900 -0.00823800 0.00337400
v 0.07559100 -0.00795900 0.00449800
v 0.07462100 -0.00760600 0.00542800
v 0.07349000 -0.00719400 0.00612300
v 0.07224900 -0.00674200 0.00655200
v 0.07133000 -0.00522600 -0.00584800
v 0.07116300 -0.00568500 -0.00625400
v 0.07239500 -0.00613300 -0.00611600
v 0.07112900 -0.00577700 -0.00631900
v 0.07089000 -0.00643400 0.00676500
v 0.07095000 -0.00627000 0.00669700
v 0.07112300 -0.00579400 0.00643300
v 0.07239500 -0.00613300 0.00621800
v 0.07357300 -0.00656200 0.00581100
v 0.07464500 -0.00695200 0.00515200
v 0.07556600 -0.00728700 0.00427000
v 0.07629400 -0.00755200 0.00320300
v 0.07679800 -0.00773600 0.00199900
v 0.07705500 -0.00782900 0.00071000
v 0.07705500 -0.00782900 -0.00060800
v 0.07679800 -0.00773600 -0.00189700
v 0.07629400 -0.00755200 -0.00310100
v 0.07556600 -0.00728700 -0.00416800
v 0.07464500 -0.00695200 -0.00505000
v 0.07357300 -0.00656200 -0.00570900
v 0.07149100 -0.00478300 -0.00526100
v 0.07134800 -0.00517700 -0.00579400
v 0.07249000 -0.00559200 -0.00566600
v 0.07358200 -0.00599000 -0.00528900
v 0.07457600 -0.00635200 -0.00467800
v 0.07543000 -0.00666200 -0.00386000
v 0.07610400 -0.00690800 -0.00287100
v 0.07657100 -0.00707800 -0.00175500
v 0.07681000 -0.00716500 -0.00056000
v 0.07681000 -0.00716500 0.00066200
v 0.07657100 -0.00707800 0.00185700
v 0.07610400 -0.00690800 0.00297300
v 0.07543000 -0.00666200 0.00396200
v 0.07457600 -0.00635200 0.00478000
v 0.07358200 -0.00599000 0.00539100
v 0.07249000 -0.00559200 0.00576800
v 0.07149700 -0.00476700 -0.00523400
v 0.07253000 -0.00514300 -0.00511900
v 0.07116300 -0.00568500 0.00635600
v 0.07132600 -0.00523700 0.00596100
v 0.07134800 -0.00517700 0.00589600
v 0.07148900 -0.00478900 0.00537300
v 0.07351700 -0.00550200 -0.00477700
v 0.07441600 -0.00582900 -0.00422500
v 0.07518800 -0.00611000 -0.00348500
v 0.07579800 -0.00633200 -0.00259200
v 0.07622000 -0.00648600 -0.00158200
v 0.07643600 -0.00656400 -0.00050100
v 0.07643600 -0.00656400 0.00060300
v 0.07622000 -0.00648600 0.00168400
v 0.07579800 -0.00633200 0.00269400
v 0.07518800 -0.00611000 0.00358700
v 0.07441600 -0.00582900 0.00432700
v 0.07351700 -0.00550200 0.00487900
v 0.07253000 -0.00514300 0.00522100
v 0.07149700 -0.00476700 0.00533600
v 0.05738300 -0.00270000 0.00697200
v 0.05836200 -0.00001100 0.00537300
v 0.05845500 0.00024500 0.00486400
v 0.05847800 0.00030800 0.00469600
v 0.05852100 0.00042700 0.00427600
v 0.05854100 0.00048200 0.00396100
v 0.05828200 -0.00023000 0.00569300
v 0.05819800 -0.00045900 0.00596100
v 0.05812000 -0.00067300 0.00616800
v 0.05799600 -0.00101600 0.00643300
v 0.05782400 -0.00148600 0.00669500
v 0.05776300 -0.00165600 0.00676500
v 0.05760600 -0.00208700 0.00689600
v 0.05751100 -0.00234800 0.00694400
v 0.05673600 -0.00447700 -0.00662700
v 0.05672900 -0.00449600 -0.00662200
v 0.05621500 -0.00590700 0.00611300
v 0.05627600 -0.00574000 0.00620800
v 0.05576000 -0.00715800 0.00515900
v 0.05581200 -0.00701600 0.00529200
v 0.05594200 -0.00665800 0.00559900
v 0.05597800 -0.00655900 0.00567500
v 0.05673500 -0.00448100 0.00672800
v 0.05680200 -0.00429700 0.00677900
v 0.05687100 -0.00410600 0.00682400
v 0.05586700 -0.00686600 0.00542600
v 0.05592100 -0.00671700 0.00555100
v 0.05507500 -0.00904200 -0.00177700
v 0.05505700 -0.00909000 -0.00157700
v 0.05504200 -0.00913200 -0.00137900
v 0.05502800 -0.00917000 -0.00117600
v 0.05634000 -0.00556400 0.00630100
v 0.05640300 -0.00539200 0.00638500
v 0.05646900 -0.00521100 0.00646600
v 0.05525200 -0.00855500 0.00321100
v 0.05528400 -0.00846600 0.00339000
v 0.05519200 -0.00872000 -0.00274200
v 0.05516500 -0.00879400 -0.00255500
v 0.05603500 -0.00640400 0.00579000
v 0.05609500 -0.00623900 0.00590500
v 0.05615300 -0.00607800 0.00601000
v 0.05543400 -0.00805500 0.00408300
v 0.05547600 -0.00793800 0.00425100
v 0.05551900 -0.00782000 0.00441100
v 0.05556500 -0.00769500 0.00457000
v 0.05561000 -0.00756900 0.00472100
v 0.05565900 -0.00743500 0.00487300
v 0.05570800 -0.00730100 0.00501500
v 0.05516300 -0.00879800 0.00264800
v 0.05519100 -0.00872100 0.00284100
v 0.05522000 -0.00864200 0.00302400
v 0.05597900 -0.00655600 -0.00557600
v 0.05594200 -0.00665800 -0.00549700
v 0.05592300 -0.00671100 -0.00545400
v 0.05647000 -0.00520800 -0.00636600
v 0.05640600 -0.00538400 -0.00628600
v 0.05653300 -0.00503500 0.00653900
v 0.05660000 -0.00485000 0.00660900
v 0.05666600 -0.00466800 0.00667100
v 0.05499500 -0.00926100 -0.00036100
v 0.05499200 -0.00927000 -0.00016000
v 0.05556600 -0.00769300 -0.00447100
v 0.05552100 -0.00781600 -0.00431400
v 0.05547700 -0.00793600 -0.00415200
v 0.05543500 -0.00805000 -0.00398800
v 0.05586800 -0.00686300 -0.00532700
v 0.05581400 -0.00701000 -0.00519700
v 0.05576100 -0.00715600 -0.00505900
v 0.05531900 -0.00836900 0.00357100
v 0.05535500 -0.00827000 0.00374300
v 0.05539400 -0.00816300 0.00391800
v 0.05499000 -0.00927300 0.00004900
v 0.05499100 -0.00927000 0.00025200
v 0.05499500 -0.00926100 0.00045900
v 0.05501700 -0.00920100 -0.00097600
v 0.05500700 -0.00922700 -0.00077000
v 0.05500000 -0.00924700 -0.00056800
v 0.05513900 -0.00886500 -0.00236200
v 0.05511600 -0.00892900 -0.00217000
v 0.05509400 -0.00898800 -0.00197300
v 0.05539500 -0.00816100 -0.00381900
v 0.05535700 -0.00826600 -0.00364800
v 0.05532000 -0.00836700 -0.00347200
v 0.05528500 -0.00846200 -0.00329500
v 0.05525200 -0.00855400 -0.00311300
v 0.05522100 -0.00863900 -0.00293000
v 0.05571000 -0.00729500 -0.00492000
v 0.05566000 -0.00743300 -0.00477400
v 0.05561300 -0.00756400 -0.00462600
v 0.05634200 -0.00556100 -0.00620000
v 0.05627900 -0.00573200 -0.00611000
v 0.05621700 -0.00590400 -0.00601300
v 0.05687200 -0.00410200 -0.00672300
v 0.05680400 -0.00428900 -0.00667900
v 0.05502800 -0.00917000 0.00127400
v 0.05504100 -0.00913400 0.00147200
v 0.05505700 -0.00909100 0.00167600
v 0.05507400 -0.00904400 0.00187100
v 0.05509400 -0.00898900 0.00207200
v 0.05511500 -0.00893200 0.00226400
v 0.05513800 -0.00886600 0.00246100
v 0.05500000 -0.00924700 0.00066000
v 0.05500700 -0.00922700 0.00086800
v 0.05501600 -0.00920200 0.00106800
v 0.05615600 -0.00607100 -0.00591200
v 0.05609600 -0.00623600 -0.00580500
v 0.05603700 -0.00639700 -0.00569300
v 0.05666900 -0.00466100 -0.00657100
v 0.05660200 -0.00484600 -0.00650800
v 0.05653600 -0.00502700 -0.00644000
v 0.05144800 -0.00786600 0.00121800
v 0.05714900 0.00131500 -0.00213300
v 0.05689100 0.00151400 -0.00219700
v 0.05681000 0.00129400 -0.00328500
v 0.05699800 0.00088800 -0.00430400
v 0.05730500 0.00080700 -0.00426200
v 0.05735400 0.00094300 -0.00370400
v 0.05614700 0.00039200 -0.00534400
v 0.05646800 0.00035600 -0.00534000
v 0.05659400 0.00070000 -0.00486300
v 0.05731100 -0.00101700 -0.00642100
v 0.05720700 -0.00130100 -0.00656500
v 0.05751800 -0.00138500 -0.00658600
v 0.05772100 -0.00082700 -0.00626400
v 0.05802800 -0.00092800 -0.00626900
v 0.05820200 -0.00044800 -0.00584800
v 0.05415000 -0.00786600 -0.00355300
v 0.05320200 -0.00676700 0.00449000
v 0.05275900 -0.00798000 0.00243500
v 0.05571600 -0.00355100 0.00674600
v 0.05668100 -0.00089600 0.00645800
v 0.05677900 -0.00062800 0.00629700
v 0.05741000 -0.00074600 0.00635100
v 0.05758900 -0.00025800 0.00593100
v 0.05784500 0.00043600 0.00487700
v 0.05768100 0.00094600 0.00212900
v 0.05796000 0.00078300 0.00209200
v 0.05795600 0.00075000 0.00316100
v 0.05825000 0.00063700 0.00206800
v 0.05322100 -0.00304800 -0.00611700
v 0.05282900 -0.00411200 -0.00582100
v 0.05264200 -0.00462000 -0.00559500
v 0.05387300 -0.00493300 -0.00582800
v 0.05229400 -0.00556500 -0.00499500
v 0.05320200 -0.00676700 -0.00438800
v 0.05351400 -0.00591300 -0.00519900
v 0.05426600 -0.00386000 -0.00625100
v 0.05302200 -0.00358600 -0.00599600
v 0.05294700 -0.00746400 -0.00342100
v 0.05264300 -0.00829700 -0.00116200
v 0.05275900 -0.00798000 -0.00233300
v 0.05319100 -0.00127200 -0.00606200
v 0.05279700 -0.00234800 -0.00609500
v 0.05299600 -0.00180600 -0.00610600
v 0.05356300 -0.00024800 -0.00581600
v 0.05453900 0.00058500 -0.00536300
v 0.05469400 0.00102200 -0.00503100
v 0.05437400 0.00012200 -0.00564300
v 0.05420000 -0.00036800 -0.00587000
v 0.05338000 -0.00075200 -0.00596500
v 0.05438100 0.00202500 -0.00429600
v 0.05498000 0.00180700 -0.00421300
v 0.05482400 0.00229000 -0.00377200
v 0.05511400 0.00215500 -0.00372000
v 0.05495600 0.00262700 -0.00323200
v 0.05523800 0.00246800 -0.00317900
v 0.05507300 0.00291800 -0.00264300
v 0.05534800 0.00273700 -0.00259500
v 0.05543900 0.00295600 -0.00197200
v 0.05453000 0.00242000 -0.00381300
v 0.05466800 0.00277600 -0.00327200
v 0.05423200 0.00254400 -0.00383900
v 0.05647600 0.00215500 -0.00116400
v 0.05600400 0.00265200 -0.00124500
v 0.05643700 0.00205900 -0.00175700
v 0.05594900 0.00252200 -0.00187200
v 0.05613100 0.00213800 -0.00240600
v 0.05587500 0.00234500 -0.00247400
v 0.05605300 0.00194900 -0.00297200
v 0.05578500 0.00212700 -0.00304600
v 0.05596600 0.00172900 -0.00351300
v 0.05568400 0.00187400 -0.00358700
v 0.05557500 0.00159000 -0.00409400
v 0.05527800 0.00169900 -0.00415700
v 0.05514900 0.00134700 -0.00460600
v 0.05484100 0.00142900 -0.00464900
v 0.05422800 0.00160700 -0.00471200
v 0.05392300 0.00170500 -0.00473000
v 0.05401600 -0.00087900 -0.00603900
v 0.05382300 -0.00140800 -0.00614900
v 0.05362400 -0.00195100 -0.00619600
v 0.05342200 -0.00250100 -0.00618400
v 0.05647600 0.00215500 0.00126600
v 0.05603800 0.00273300 0.00070300
v 0.05650900 0.00223500 0.00005100
v 0.05605000 0.00276100 0.00005100
v 0.05603800 0.00273300 -0.00060100
v 0.05554900 0.00321700 0.00074000
v 0.05556400 0.00325100 0.00005100
v 0.05554900 0.00321700 -0.00063800
v 0.05550700 0.00311700 -0.00131600
v 0.05408000 0.00213500 -0.00432000
v 0.05550700 0.00311700 0.00141800
v 0.05600400 0.00265200 0.00134700
v 0.05543900 0.00295600 0.00207400
v 0.05594900 0.00252200 0.00197400
v 0.05568400 0.00187400 0.00368900
v 0.05511400 0.00215500 0.00382200
v 0.05578500 0.00212700 0.00314800
v 0.05523800 0.00246800 0.00328100
v 0.05587500 0.00234500 0.00257600
v 0.05534800 0.00273700 0.00269700
v 0.05532500 0.00090400 0.00508200
v 0.05550200 0.00045900 0.00545400
v 0.05518000 0.00049600 0.00545800
v 0.05566800 -0.00001000 0.00582500
v 0.05498000 0.00180700 0.00431500
v 0.05514900 0.00134700 0.00470800
v 0.05484100 0.00142900 0.00475100
v 0.05467800 -0.00273100 0.00655600
v 0.05405000 -0.00262400 0.00641200
v 0.05488800 -0.00215900 0.00657300
v 0.05425500 -0.00206300 0.00642600
v 0.05509700 -0.00158700 0.00651400
v 0.05445900 -0.00150700 0.00637300
v 0.05530000 -0.00102900 0.00636700
v 0.05465700 -0.00096400 0.00624600
v 0.05549200 -0.00049900 0.00613400
v 0.05484400 -0.00044400 0.00604700
v 0.05501900 0.00004500 0.00578200
v 0.05426600 -0.00386000 0.00635300
v 0.05342200 -0.00250100 0.00628600
v 0.05362400 -0.00195100 0.00629800
v 0.05382300 -0.00140800 0.00625100
v 0.05401600 -0.00087900 0.00614100
v 0.05420000 -0.00036800 0.00597200
v 0.05437400 0.00012200 0.00574500
v 0.05453900 0.00058500 0.00546500
v 0.05469400 0.00102200 0.00513300
v 0.05453000 0.00242000 0.00391500
v 0.05482400 0.00229000 0.00387400
v 0.05495600 0.00262700 0.00333400
v 0.05466800 0.00277600 0.00337400
v 0.05507300 0.00291800 0.00274500
v 0.05478900 0.00308300 0.00278200
v 0.05488800 0.00333200 0.00214400
v 0.05392300 0.00170500 0.00483200
v 0.05423200 0.00254400 0.00394100
v 0.05438100 0.00202500 0.00439800
v 0.05422800 0.00160700 0.00481400
v 0.05407000 0.00117000 0.00516900
v 0.05390700 0.00071400 0.00547000
v 0.05437100 0.00291200 0.00340000
v 0.05449200 0.00323100 0.00280600
v 0.05459100 0.00348900 0.00216400
v 0.05466500 0.00368000 0.00148200
v 0.05302200 -0.00358600 0.00609800
v 0.05279700 -0.00234800 0.00619700
v 0.05299600 -0.00180600 0.00620800
v 0.05319100 -0.00127200 0.00616400
v 0.05338000 -0.00075200 0.00606600
v 0.05356300 -0.00024800 0.00591800
v 0.05373800 0.00024100 0.00571900
v 0.05496200 0.00351600 0.00146800
v 0.05500800 0.00363000 0.00076600
v 0.05471100 0.00379900 0.00077300
v 0.05502400 0.00366900 0.00005100
v 0.05472700 0.00383900 0.00005100
v 0.05500800 0.00363000 -0.00066400
v 0.05471100 0.00379900 -0.00067100
v 0.05496200 0.00351600 -0.00136600
v 0.05466500 0.00368000 -0.00138000
v 0.05488800 0.00333200 -0.00204200
v 0.05459100 0.00348900 -0.00206200
v 0.05478900 0.00308300 -0.00268000
v 0.05449200 0.00323100 -0.00270400
v 0.05202800 -0.00444100 0.00562000
v 0.05229400 -0.00556500 0.00509700
v 0.05387300 -0.00493300 0.00593000
v 0.05264200 -0.00462000 0.00569700
v 0.05240300 -0.00342000 0.00601400
v 0.05199100 -0.00638900 0.00431900
v 0.05174400 -0.00706200 0.00339100
v 0.05791600 0.00063000 0.00430000
v 0.05765100 0.00083400 0.00375800
v 0.05795000 0.00072600 0.00372200
v 0.05737800 0.00101300 0.00325400
v 0.05761100 0.00072100 0.00432800
v 0.05722300 0.00058300 0.00491300
v 0.05766700 -0.00004700 0.00568900
v 0.05773500 0.00013900 0.00543100
v 0.05731100 -0.00101700 0.00652300
v 0.05720700 -0.00130100 0.00666700
v 0.05710000 -0.00159600 0.00678000
v 0.05657900 -0.00117700 0.00659300
v 0.05636500 -0.00176500 0.00677600
v 0.05714900 0.00131500 0.00223500
v 0.05741200 0.00112400 0.00217800
v 0.05719800 0.00146000 0.00005100
v 0.05730500 0.00080700 0.00436400
v 0.05735400 0.00094300 0.00380600
v 0.05705700 0.00105100 0.00386200
v 0.05709300 0.00115200 0.00331700
v 0.05681000 0.00129400 0.00338600
v 0.05689100 0.00151400 0.00229800
v 0.05643700 0.00205900 0.00185900
v 0.05663700 0.00172000 0.00236700
v 0.05658600 0.00159000 0.00292000
v 0.05699800 0.00088800 0.00440600
v 0.05676100 0.00115900 0.00392400
v 0.05652800 0.00143800 0.00346100
v 0.05710700 0.00026700 0.00543500
v 0.05690900 0.00064400 0.00493800
v 0.05669100 0.00096700 0.00445400
v 0.05646400 0.00126700 0.00399100
v 0.05624700 0.00158400 0.00353800
v 0.05632000 0.00176900 0.00299700
v 0.05638400 0.00192900 0.00243700
v 0.05663800 -0.00009800 0.00588700
v 0.05695800 -0.00014000 0.00590500
v 0.05687200 -0.00037500 0.00611200
v 0.05750300 -0.00049200 0.00615200
v 0.05646000 -0.00058600 0.00626100
v 0.05703600 0.00007400 0.00567800
v 0.05678900 0.00031500 0.00543900
v 0.05646800 0.00035600 0.00544200
v 0.05659400 0.00070000 0.00496500
v 0.05627700 0.00075200 0.00499300
v 0.05638200 0.00104300 0.00450500
v 0.05607400 0.00111800 0.00455700
v 0.05616800 0.00137400 0.00406000
v 0.05587200 0.00148200 0.00412900
v 0.05596600 0.00172900 0.00361500
v 0.05605300 0.00194900 0.00307400
v 0.05613100 0.00213800 0.00250800
v 0.05613800 -0.00055300 0.00622100
v 0.05631600 -0.00006400 0.00586800
v 0.05599200 -0.00003600 0.00584700
v 0.05614700 0.00039200 0.00544600
v 0.05582400 0.00042600 0.00545000
v 0.05596000 0.00080200 0.00502300
v 0.05564200 0.00085200 0.00505300
v 0.05576500 0.00119300 0.00461000
v 0.05545700 0.00126900 0.00466100
v 0.05557500 0.00159000 0.00419600
v 0.05527800 0.00169900 0.00425900
v 0.05593100 -0.00296000 0.00682600
v 0.05530600 -0.00283900 0.00670000
v 0.05614700 -0.00236500 0.00684700
v 0.05551900 -0.00225400 0.00671900
v 0.05573300 -0.00166700 0.00665400
v 0.05594200 -0.00109300 0.00648700
v 0.05699000 -0.00189800 0.00686300
v 0.05676900 -0.00250800 0.00693700
v 0.05550500 -0.00413200 0.00660800
v 0.05530000 -0.00469800 0.00641300
v 0.05473300 -0.00626100 0.00550600
v 0.05510100 -0.00524500 0.00616300
v 0.05351400 -0.00591300 0.00530100
v 0.05294700 -0.00746400 0.00352300
v 0.05156100 -0.00756100 0.00234500
v 0.05264300 -0.00829700 0.00126400
v 0.05383700 -0.00872800 -0.00120800
v 0.05379700 -0.00883800 0.00005100
v 0.05395600 -0.00840000 -0.00242400
v 0.05473300 -0.00626100 -0.00540400
v 0.05441200 -0.00714500 -0.00455800
v 0.05571200 -0.00542300 -0.00613800
v 0.05612000 -0.00429700 -0.00659000
v 0.05655000 -0.00311100 -0.00681300
v 0.05510100 -0.00524500 -0.00606100
v 0.05676900 -0.00250800 -0.00683500
v 0.05777100 -0.00163300 -0.00665500
v 0.05782400 -0.00148600 -0.00659300
v 0.05800200 -0.00099900 -0.00631900
v 0.05699000 -0.00189800 -0.00676100
v 0.05729900 -0.00198500 -0.00678500
v 0.05738300 -0.00270000 -0.00687000
v 0.05752100 -0.00231900 -0.00683800
v 0.05760600 -0.00208700 -0.00679400
v 0.05784500 0.00043600 -0.00477500
v 0.05773500 0.00013900 -0.00532900
v 0.05804400 0.00005500 -0.00532700
v 0.05790000 -0.00033900 -0.00583600
v 0.05852100 0.00042700 -0.00417400
v 0.05854100 0.00048200 -0.00385700
v 0.05824900 0.00061700 -0.00359600
v 0.05825200 0.00062800 -0.00303300
v 0.05825000 0.00063700 -0.00196600
v 0.05824600 0.00064600 0.00005100
v 0.05834900 -0.00004500 -0.00532700
v 0.05836400 -0.00000500 -0.00526100
v 0.05845500 0.00024500 -0.00476200
v 0.05847800 0.00031000 -0.00458700
v 0.05668100 -0.00089600 -0.00635600
v 0.05657900 -0.00117700 -0.00649100
v 0.05636500 -0.00176500 -0.00667500
v 0.05614700 -0.00236500 -0.00674500
v 0.05695800 -0.00014000 -0.00580300
v 0.05687200 -0.00037500 -0.00601000
v 0.05750300 -0.00049200 -0.00605000
v 0.05758900 -0.00025800 -0.00582900
v 0.05766700 -0.00004700 -0.00558700
v 0.05703600 0.00007400 -0.00557600
v 0.05742300 0.00020900 -0.00533100
v 0.05710700 0.00026700 -0.00533400
v 0.05765100 0.00083400 -0.00365600
v 0.05761100 0.00072100 -0.00422600
v 0.05795000 0.00072600 -0.00362000
v 0.05791600 0.00063000 -0.00419800
v 0.05821900 0.00053200 -0.00418000
v 0.05737800 0.00101300 -0.00315200
v 0.05795600 0.00075000 -0.00305900
v 0.05768100 0.00094600 -0.00202700
v 0.05796000 0.00078300 -0.00199000
v 0.05796100 0.00081200 0.00005100
v 0.05593100 -0.00296000 -0.00672400
v 0.05550500 -0.00413200 -0.00650600
v 0.05678900 0.00031500 -0.00533700
v 0.05690900 0.00064400 -0.00483600
v 0.05722300 0.00058300 -0.00481100
v 0.05753500 0.00051500 -0.00479100
v 0.05594200 -0.00109300 -0.00638500
v 0.05530000 -0.00102900 -0.00626500
v 0.05573300 -0.00166700 -0.00655200
v 0.05509700 -0.00158700 -0.00641200
v 0.05551900 -0.00225400 -0.00661700
v 0.05488800 -0.00215900 -0.00647100
v 0.05530600 -0.00283900 -0.00659800
v 0.05467800 -0.00273100 -0.00645400
v 0.05566800 -0.00001000 -0.00572300
v 0.05549200 -0.00049900 -0.00603200
v 0.05599200 -0.00003600 -0.00574500
v 0.05613800 -0.00055300 -0.00611900
v 0.05631600 -0.00006400 -0.00576600
v 0.05663800 -0.00009800 -0.00578500
v 0.05741000 -0.00074600 -0.00624900
v 0.05677900 -0.00062800 -0.00619500
v 0.05646000 -0.00058600 -0.00615900
v 0.05705700 0.00105100 -0.00376000
v 0.05669100 0.00096700 -0.00435200
v 0.05627700 0.00075200 -0.00489100
v 0.05582400 0.00042600 -0.00534800
v 0.05744000 0.00122400 0.00005100
v 0.05769300 0.00100600 0.00005100
v 0.05741200 0.00112400 -0.00207600
v 0.05709300 0.00115200 -0.00321500
v 0.05676100 0.00115900 -0.00382200
v 0.05646400 0.00126700 -0.00388900
v 0.05638200 0.00104300 -0.00440300
v 0.05607400 0.00111800 -0.00445500
v 0.05596000 0.00080200 -0.00492100
v 0.05564200 0.00085200 -0.00495100
v 0.05550200 0.00045900 -0.00535200
v 0.05518000 0.00049600 -0.00535600
v 0.05501900 0.00004500 -0.00568000
v 0.05652800 0.00143800 -0.00335900
v 0.05624700 0.00158400 -0.00343600
v 0.05616800 0.00137400 -0.00395800
v 0.05587200 0.00148200 -0.00402700
v 0.05576500 0.00119300 -0.00450800
v 0.05545700 0.00126900 -0.00455900
v 0.05532500 0.00090400 -0.00498000
v 0.05663700 0.00172000 -0.00226500
v 0.05638400 0.00192900 -0.00233500
v 0.05658600 0.00159000 -0.00281800
v 0.05632000 0.00176900 -0.00289500
v 0.05694500 0.00165900 0.00118400
v 0.05696400 0.00171000 0.00005100
v 0.05694500 0.00165900 -0.00108200
v 0.05260400 -0.00840400 0.00005100
v 0.05484400 -0.00044400 -0.00594500
v 0.05465700 -0.00096400 -0.00614400
v 0.05445900 -0.00150700 -0.00627100
v 0.05425500 -0.00206300 -0.00632400
v 0.05405000 -0.00262400 -0.00631000
v 0.05141000 -0.00797000 0.00005100
v 0.07087800 -0.01058400 0.00620800
v 0.07046500 -0.01171700 0.00549300
v 0.07011200 -0.01268800 0.00454600
v 0.06983200 -0.01345500 0.00340600
v 0.06963900 -0.01398500 0.00212200
v 0.06954100 -0.01425600 0.00075000
v 0.06954100 -0.01425600 -0.00065200
v 0.06964000 -0.01398400 -0.00202500
v 0.06983300 -0.01345300 -0.00330800
v 0.07011300 -0.01268500 -0.00444700
v 0.07046600 -0.01171400 -0.00539400
v 0.07087900 -0.01058000 -0.00610800
v 0.07674100 -0.01014100 0.00145800
v 0.07551300 -0.01016100 -0.00390300
v 0.07133300 -0.00933200 -0.00655900
v 0.07260100 -0.00968900 -0.00615800
v 0.07380800 -0.00995600 -0.00549900
v 0.07451200 -0.01007200 -0.00495800
v 0.07630700 -0.01012300 -0.00264800
v 0.07680100 -0.00997600 -0.00139600
v 0.07133200 -0.00933600 0.00665900
v 0.07626100 -0.01024900 0.00271900
v 0.07548100 -0.01024800 0.00398400
v 0.07449200 -0.01012600 0.00504700
v 0.07379400 -0.00999400 0.00559200
v 0.07259400 -0.00970500 0.00625600
v 0.07217400 -0.01086100 -0.00573600
v 0.07342600 -0.01100400 -0.00512500
v 0.07416800 -0.01101800 -0.00462300
v 0.07524100 -0.01090800 -0.00364300
v 0.07612100 -0.01063300 -0.00247800
v 0.07670100 -0.01025100 -0.00131600
v 0.07178600 -0.01192700 -0.00506700
v 0.07307900 -0.01195800 -0.00452900
v 0.07385400 -0.01187900 -0.00408700
v 0.07499300 -0.01158900 -0.00322500
v 0.07595100 -0.01110100 -0.00220000
v 0.07660800 -0.01050500 -0.00117800
v 0.07145400 -0.01284000 -0.00417900
v 0.07278100 -0.01277600 -0.00373700
v 0.07358500 -0.01261800 -0.00337500
v 0.07477900 -0.01217500 -0.00266700
v 0.07580400 -0.01150400 -0.00182600
v 0.07652800 -0.01072600 -0.00098700
v 0.07119100 -0.01356200 -0.00310900
v 0.07254600 -0.01342300 -0.00278300
v 0.07337200 -0.01320400 -0.00251500
v 0.07461000 -0.01264000 -0.00199300
v 0.07568700 -0.01182700 -0.00137200
v 0.07646200 -0.01090600 -0.00075200
v 0.07100900 -0.01406200 -0.00190500
v 0.07238200 -0.01387200 -0.00170800
v 0.07322400 -0.01361000 -0.00154600
v 0.07449200 -0.01296500 -0.00123100
v 0.07560400 -0.01205400 -0.00085600
v 0.07641500 -0.01103700 -0.00048200
v 0.07091500 -0.01431900 -0.00061700
v 0.07229800 -0.01410300 -0.00055800
v 0.07314700 -0.01382100 -0.00050900
v 0.07443000 -0.01313600 -0.00041500
v 0.07555900 -0.01217700 -0.00030200
v 0.07638700 -0.01111300 -0.00019000
v 0.07091500 -0.01432000 0.00070000
v 0.07229700 -0.01410700 0.00061900
v 0.07314500 -0.01382700 0.00055200
v 0.07442600 -0.01314500 0.00042200
v 0.07555400 -0.01219100 0.00026700
v 0.07638100 -0.01113000 0.00011300
v 0.07100700 -0.01406800 0.00198900
v 0.07237800 -0.01388300 0.00177100
v 0.07321800 -0.01362700 0.00159200
v 0.07448200 -0.01299300 0.00124300
v 0.07559000 -0.01209400 0.00082700
v 0.07639600 -0.01108900 0.00041300
v 0.07118800 -0.01357100 0.00319500
v 0.07253900 -0.01344200 0.00285000
v 0.07336200 -0.01323100 0.00256600
v 0.07459400 -0.01268500 0.00201200
v 0.07566300 -0.01189000 0.00135400
v 0.07643200 -0.01099000 0.00069800
v 0.07144900 -0.01285200 0.00426700
v 0.07277200 -0.01280100 0.00380900
v 0.07357200 -0.01265500 0.00343200
v 0.07475800 -0.01223400 0.00269800
v 0.07577300 -0.01159000 0.00182500
v 0.07648700 -0.01083900 0.00095400
v 0.07178100 -0.01194000 0.00515800
v 0.07306800 -0.01198900 0.00460700
v 0.07383800 -0.01192300 0.00415400
v 0.07496700 -0.01166100 0.00327100
v 0.07591300 -0.01120400 0.00222000
v 0.07655900 -0.01064100 0.00117300
v 0.07216800 -0.01087700 0.00583100
v 0.07341300 -0.01103900 0.00521000
v 0.07414900 -0.01106800 0.00470000
v 0.07521100 -0.01098900 0.00370500
v 0.07607800 -0.01075100 0.00252300
v 0.07664500 -0.01040500 0.00134300
v 0.04614900 0.00294600 0.00765600
v 0.04630500 0.00562200 0.00507300
v 0.04630100 0.00554100 0.00526800
v 0.04629400 0.00539500 0.00556500
v 0.04628000 0.00512400 0.00600800
v 0.04627700 0.00508100 0.00606900
v 0.04626100 0.00477200 0.00645100
v 0.04624400 0.00448700 0.00673800
v 0.04624400 0.00447600 0.00674800
v 0.04623800 0.00437700 0.00683600
v 0.04621200 0.00393800 0.00716800
v 0.04620000 0.00375200 0.00728500
v 0.04619900 0.00373200 0.00729600
v 0.04618200 0.00346100 0.00744200
v 0.05146400 0.00183200 -0.00502500
v 0.05133100 0.00146700 -0.00549000
v 0.05117700 0.00104300 -0.00583800
v 0.05156500 0.00211000 -0.00445400
v 0.05152400 0.00199700 -0.00472300
v 0.05065300 0.00169100 -0.00711400
v 0.05165400 0.00266800 -0.00460800
v 0.05159800 0.00251500 -0.00498200
v 0.05152700 0.00232000 -0.00533900
v 0.05144200 0.00208600 -0.00566900
v 0.05110700 0.00116400 -0.00644400
v 0.05123100 0.00150600 -0.00622700
v 0.05134300 0.00181500 -0.00596600
v 0.05101400 0.00133600 -0.00670000
v 0.05086000 0.00151600 -0.00692800
v 0.05040800 0.00185300 -0.00724700
v 0.05114900 0.00170900 -0.00646300
v 0.05127200 0.00204600 -0.00617800
v 0.05137900 0.00234000 -0.00585500
v 0.05147200 0.00259400 -0.00549700
v 0.05154800 0.00280500 -0.00511100
v 0.05160900 0.00297100 -0.00470700
v 0.05100600 0.00191700 -0.00667400
v 0.05113700 0.00227800 -0.00636800
v 0.05125200 0.00259400 -0.00602200
v 0.05135100 0.00286600 -0.00563900
v 0.05143300 0.00309100 -0.00522700
v 0.05149700 0.00326700 -0.00479600
v 0.05080700 0.00211500 -0.00684500
v 0.05094600 0.00249700 -0.00652200
v 0.05106700 0.00283000 -0.00615800
v 0.05117100 0.00311600 -0.00575500
v 0.05125800 0.00335300 -0.00532100
v 0.05132500 0.00353800 -0.00486900
v 0.05056800 0.00229300 -0.00696800
v 0.05071200 0.00268900 -0.00663300
v 0.05083800 0.00303400 -0.00625500
v 0.05094500 0.00333000 -0.00583700
v 0.05103500 0.00357600 -0.00538900
v 0.05110500 0.00376700 -0.00492000
v 0.02702100 0.00396000 -0.00526000
v 0.02710200 0.00422000 -0.00547000
v 0.02725300 0.00446000 -0.00566500
v 0.02746700 0.00466900 -0.00583400
v 0.02773400 0.00483800 -0.00597100
v 0.02804200 0.00495800 -0.00606800
v 0.02837600 0.00502300 -0.00612100
v 0.02837600 0.00438000 -0.00676700
v 0.02837600 0.00292800 -0.00755500
v 0.02837600 0.00361700 -0.00726800
v 0.02804200 0.00290200 -0.00747400
v 0.02804200 0.00357900 -0.00719300
v 0.02798700 0.00289600 -0.00745400
v 0.02773400 0.00350800 -0.00705600
v 0.02710200 0.00314100 -0.00635000
v 0.02712800 0.00263400 -0.00663600
v 0.02725300 0.00328400 -0.00662500
v 0.02725300 0.00270700 -0.00686500
v 0.02746700 0.00340800 -0.00686400
v 0.02746700 0.00278900 -0.00712100
v 0.02773400 0.00285500 -0.00732800
v 0.02702100 0.00298700 -0.00605300
v 0.02702100 0.00251100 -0.00625100
v 0.02710200 0.00261300 -0.00657000
v 0.02702100 0.00351400 -0.00570700
v 0.02710200 0.00372600 -0.00596600
v 0.02725300 0.00392200 -0.00620600
v 0.02746700 0.00409200 -0.00641400
v 0.02773400 0.00422900 -0.00658200
v 0.02804200 0.00432600 -0.00670200
v 0.02712800 0.00120000 0.00703600
v 0.02798700 0.00128700 0.00789100
v 0.02798700 -0.00035700 0.00788500
v 0.02798700 -0.00196400 0.00753800
v 0.02798700 -0.00346400 0.00686600
v 0.02798700 -0.00479100 0.00589700
v 0.02798700 -0.00588900 0.00467400
v 0.02798700 -0.00670900 0.00324900
v 0.02798700 -0.00721600 0.00168600
v 0.02798700 -0.00738700 0.00005100
v 0.02798700 -0.00721600 -0.00158400
v 0.02798700 -0.00670900 -0.00314700
v 0.02798700 -0.00588900 -0.00457200
v 0.02798700 -0.00479100 -0.00579500
v 0.02798700 -0.00346400 -0.00676400
v 0.02798700 -0.00196400 -0.00743600
v 0.02798700 -0.00035700 -0.00778300
v 0.02798700 0.00128700 -0.00778900
v 0.02747200 0.00125200 0.00754900
v 0.02747200 -0.00032000 0.00754300
v 0.02747200 -0.00185600 0.00721100
v 0.02747200 -0.00329100 0.00656800
v 0.02747200 -0.00456000 0.00564200
v 0.02747200 -0.00561000 0.00447200
v 0.02747200 -0.00639500 0.00311000
v 0.02747200 -0.00687900 0.00161400
v 0.02747200 -0.00704300 0.00005100
v 0.02747200 -0.00687900 -0.00151200
v 0.02747200 -0.00639500 -0.00300800
v 0.02747200 -0.00561000 -0.00437000
v 0.02747200 -0.00456000 -0.00554000
v 0.02747200 -0.00329100 -0.00646600
v 0.02747200 -0.00185600 -0.00710900
v 0.02747200 -0.00032000 -0.00744100
v 0.02747200 0.00125200 -0.00744700
v 0.02712800 0.00120000 -0.00693400
v 0.02712800 -0.00026400 -0.00692900
v 0.02712800 -0.00169600 -0.00662000
v 0.02712800 -0.00303200 -0.00602100
v 0.02712800 -0.00421500 -0.00515800
v 0.02712800 -0.00519300 -0.00406800
v 0.02712800 -0.00592400 -0.00279900
v 0.02712800 -0.00637500 -0.00140500
v 0.02712800 -0.00652800 0.00005100
v 0.02712800 -0.00637500 0.00150700
v 0.02712800 -0.00592400 0.00290100
v 0.02712800 -0.00519300 0.00417000
v 0.02712800 -0.00421500 0.00526000
v 0.02712800 -0.00303200 0.00612300
v 0.02712800 -0.00169600 0.00672200
v 0.02712800 -0.00026400 0.00703100
v 0.02080000 0.01420000 -0.01375000
v -0.00300000 0.01420000 -0.01375000
v 0.02080000 0.01420000 0.01375000
v -0.00300000 0.01420000 0.01375000
v 0.02080000 0.01180000 -0.01375000
v 0.02080000 0.01180000 -0.01425000
v 0.02080000 0.01420000 -0.01425000
v 0.02080000 0.01439100 0.01421200
v 0.02080000 0.01420000 0.01425000
v 0.02080000 0.01180000 0.01375000
v 0.02080000 0.01180000 0.01425000
v 0.02080000 0.01470000 0.01375000
v 0.02080000 0.01470000 -0.01375000
v 0.02080000 0.01466200 -0.01394100
v -0.00300000 0.01190000 0.01425000
v -0.00300000 0.01190000 0.01375000
v -0.00300000 0.01420000 0.01425000
v -0.00300000 0.01439100 0.01421200
v -0.00300000 0.01190000 -0.01375000
v -0.00300000 0.01190000 -0.01425000
v -0.00300000 0.01420000 -0.01425000
v -0.00300000 0.01466200 -0.01394100
v -0.00300000 0.01470000 -0.01375000
v -0.00300000 0.01470000 0.01375000
v 0.02202000 0.00352400 -0.01375000
v 0.03130000 0.00880000 -0.01375000
v 0.03130000 0.00260000 -0.01375000
v 0.01834600 0.00815300 -0.01375000
v 0.01659400 0.00911100 -0.01375000
v 0.01468700 0.00970100 -0.01375000
v 0.02255400 0.00160000 -0.01375000
v 0.03030000 0.00160000 -0.01375000
v 0.03085600 0.00176900 -0.01375000
v 0.03122400 0.00221700 -0.01375000
v 0.01270000 0.00990000 -0.01375000
v 0.00487300 0.00990000 -0.01375000
v 0.00364500 0.01045000 -0.01375000
v 0.02083800 0.01141000 -0.01375000
v 0.02095200 0.01103500 -0.01375000
v 0.03113100 0.00935600 -0.01375000
v 0.03068300 0.00972400 -0.01375000
v 0.03030000 0.00980000 -0.01375000
v 0.02111500 0.00530300 -0.01375000
v 0.02280000 0.00980000 -0.01375000
v 0.01987300 0.00686700 -0.01375000
v 0.02241000 0.00983800 -0.01375000
v 0.02203500 0.00995200 -0.01375000
v -0.00000000 0.01090000 -0.01375000
v 0.00100000 0.01090000 -0.01375000
v 0.02113700 0.01068900 -0.01375000
v 0.02138600 0.01038600 -0.01375000
v 0.02168900 0.01013700 -0.01375000
v 0.00234100 0.01078700 -0.01375000
v 0.03130000 0.00260000 -0.01425000
v 0.03130000 0.00880000 -0.01425000
v 0.02202000 0.00352400 -0.01425000
v 0.01834600 0.00815300 -0.01425000
v 0.01659400 0.00911100 -0.01425000
v 0.01468700 0.00970100 -0.01425000
v -0.00000000 0.01090000 -0.01425000
v 0.03085600 0.00176900 -0.01425000
v 0.03122400 0.00221700 -0.01425000
v 0.03030000 0.00160000 -0.01425000
v 0.02255400 0.00160000 -0.01425000
v 0.00100000 0.01090000 -0.01425000
v 0.00234100 0.01078700 -0.01425000
v 0.00364500 0.01045000 -0.01425000
v 0.02113700 0.01068900 -0.01425000
v 0.02095200 0.01103500 -0.01425000
v 0.02083800 0.01141000 -0.01425000
v 0.00487300 0.00990000 -0.01425000
v 0.01270000 0.00990000 -0.01425000
v 0.03113100 0.00935600 -0.01425000
v 0.03068300 0.00972400 -0.01425000
v 0.02111500 0.00530300 -0.01425000
v 0.03030000 0.00980000 -0.01425000
v 0.01987300 0.00686700 -0.01425000
v 0.02280000 0.00980000 -0.01425000
v 0.02241000 0.00983800 -0.01425000
v 0.02203500 0.00995200 -0.01425000
v 0.02168900 0.01013700 -0.01425000
v 0.02138600 0.01038600 -0.01425000
v 0.03030000 0.00980000 0.01425000
v 0.03030000 0.00980000 0.01375000
v 0.03068300 0.00972400 0.01375000
v 0.03068300 0.00972400 0.01425000
v 0.03113100 0.00935600 0.01375000
v 0.03113100 0.00935600 0.01425000
v 0.03130000 0.00880000 0.01375000
v 0.03130000 0.00880000 0.01425000
v 0.03130000 0.00260000 0.01425000
v 0.03130000 0.00260000 0.01375000
v 0.03122400 0.00221700 0.01375000
v 0.03122400 0.00221700 0.01425000
v 0.03085600 0.00176900 0.01375000
v 0.03085600 0.00176900 0.01425000
v 0.03030000 0.00160000 0.01375000
v 0.03030000 0.00160000 0.01425000
v 0.02255400 0.00160000 0.01375000
v 0.02255400 0.00160000 0.01425000
v 0.01270000 0.00990000 0.01375000
v 0.01270000 0.00990000 0.01425000
v 0.01468700 0.00970100 0.01375000
v 0.01468700 0.00970100 0.01425000
v 0.01659400 0.00911100 0.01375000
v 0.01659400 0.00911100 0.01425000
v 0.01834600 0.00815300 0.01375000
v 0.01834600 0.00815300 0.01425000
v 0.01987300 0.00686700 0.01375000
v 0.01987300 0.00686700 0.01425000
v 0.02111500 0.00530300 0.01375000
v 0.02111500 0.00530300 0.01425000
v 0.02202000 0.00352400 0.01375000
v 0.02202000 0.00352400 0.01425000
v 0.00487300 0.00990000 0.01425000
v 0.00487300 0.00990000 0.01375000
v -0.00000000 0.01090000 0.01375000
v 0.00100000 0.01090000 0.01375000
v 0.00234100 0.01078700 0.01375000
v 0.00364500 0.01045000 0.01375000
v 0.02280000 0.00980000 0.01375000
v 0.02241000 0.00983800 0.01375000
v 0.02113700 0.01068900 0.01375000
v 0.02095200 0.01103500 0.01375000
v 0.02083800 0.01141000 0.01375000
v 0.02203500 0.00995200 0.01375000
v 0.02168900 0.01013700 0.01375000
v 0.02138600 0.01038600 0.01375000
v 0.00100000 0.01090000 0.01425000
v 0.00234100 0.01078700 0.01425000
v 0.00364500 0.01045000 0.01425000
v -0.00000000 0.01090000 0.01425000
v 0.02083800 0.01141000 0.01425000
v 0.02095200 0.01103500 0.01425000
v 0.02280000 0.00980000 0.01425000
v 0.02241000 0.00983800 0.01425000
v 0.02203500 0.00995200 0.01425000
v 0.02113700 0.01068900 0.01425000
v 0.02138600 0.01038600 0.01425000
v 0.02168900 0.01013700 0.01425000
v 0.03130000 0.00980000 -0.01110000
v 0.03130000 0.00980000 -0.01350000
v 0.03130000 -0.00980000 -0.01110000
v 0.03130000 -0.00980000 -0.01350000
v 0.03130000 -0.00980000 0.00950000
v 0.03130000 -0.00980000 0.01350000
v 0.03130000 0.00980000 0.01350000
f 3 2 1
f 3 4 2
f 5 4 3
f 5 6 4
f 7 6 5
f 7 8 6
f 9 8 7
f 9 10 8
f 11 10 9
f 11 12 10
f 13 12 11
f 13 14 12
f 15 14 13
f 15 16 14
f 17 16 15
f 17 18 16
f 20 17 19
f 20 18 17
f 23 22 21
f 23 24 22
f 25 23 21
f 25 26 23
f 27 26 25
f 27 28 26
f 29 28 27
f 29 30 28
f 31 30 29
f 31 32 30
f 33 32 31
f 33 34 32
f 35 34 33
f 35 36 34
f 37 36 35
f 37 38 36
f 39 38 37
f 39 40 38
f 2 39 1
f 2 40 39
f 43 42 41
f 43 44 42
f 45 44 43
f 45 46 44
f 20 46 45
f 20 19 46
f 47 22 24
f 47 48 22
f 49 48 47
f 49 50 48
f 51 50 49
f 51 52 50
f 51 42 52
f 51 41 42
f 23 18 20
f 16 18 2
f 24 49 47
f 24 51 49
f 8 12 6
f 8 10 12
f 2 14 16
f 2 12 14
f 4 12 2
f 4 6 12
f 41 45 43
f 41 20 45
f 51 20 41
f 51 23 20
f 24 23 51
f 23 2 18
f 23 40 2
f 38 40 23
f 23 30 32
f 23 28 30
f 26 28 23
f 23 36 38
f 23 34 36
f 32 34 23
f 55 54 53
f 56 55 53
f 56 57 55
f 58 57 56
f 58 59 57
f 60 59 58
f 60 61 59
f 62 61 60
f 62 63 61
f 64 63 62
f 64 65 63
f 66 65 64
f 66 67 65
f 68 67 66
f 68 69 67
f 70 69 68
f 73 72 71
f 76 75 74
f 76 77 75
f 72 77 76
f 72 78 77
f 73 78 72
f 81 80 79
f 81 82 80
f 75 83 74
f 75 82 83
f 84 82 75
f 84 80 82
f 87 86 85
f 87 88 86
f 89 88 87
f 73 87 85
f 73 90 87
f 71 90 73
f 92 54 91
f 92 53 54
f 95 94 93
f 93 96 95
f 93 97 96
f 98 97 93
f 101 100 99
f 101 102 100
f 93 103 98
f 93 104 103
f 105 104 93
f 105 106 104
f 107 106 105
f 101 108 102
f 101 109 108
f 110 109 101
f 113 112 111
f 101 115 114
f 101 116 115
f 99 116 101
f 111 117 113
f 111 118 117
f 106 118 111
f 106 119 118
f 107 119 106
f 120 111 112
f 120 121 111
f 122 121 120
f 121 124 123
f 121 125 124
f 122 125 121
f 115 126 114
f 115 127 126
f 121 127 115
f 121 128 127
f 123 128 121
f 131 130 129
f 131 132 130
f 94 129 93
f 94 131 129
f 75 131 94
f 75 77 131
f 133 130 132
f 134 133 132
f 134 135 133
f 136 135 134
f 136 137 135
f 138 137 136
f 138 139 137
f 140 139 138
f 140 141 139
f 142 141 140
f 142 143 141
f 144 143 142
f 144 145 143
f 146 145 144
f 146 91 145
f 92 91 146
f 71 72 121
f 115 71 121
f 115 90 71
f 116 90 115
f 116 87 90
f 99 87 116
f 99 89 87
f 100 89 99
f 100 88 89
f 102 88 100
f 102 86 88
f 108 86 102
f 108 85 86
f 109 85 108
f 109 73 85
f 110 73 109
f 121 76 111
f 121 72 76
f 106 111 76
f 74 106 76
f 74 104 106
f 83 104 74
f 83 103 104
f 82 103 83
f 82 98 103
f 81 98 82
f 81 97 98
f 79 97 81
f 79 96 97
f 80 96 79
f 80 95 96
f 84 95 80
f 84 94 95
f 75 94 84
f 148 147 120
f 112 148 120
f 112 149 148
f 113 149 112
f 113 150 149
f 117 150 113
f 117 151 150
f 118 151 117
f 118 152 151
f 119 152 118
f 119 153 152
f 107 153 119
f 107 154 153
f 105 154 107
f 105 129 154
f 93 129 105
f 155 77 78
f 155 131 77
f 69 101 156
f 69 110 101
f 155 69 70
f 155 110 69
f 78 110 155
f 78 73 110
f 54 69 156
f 158 156 157
f 158 54 156
f 147 54 158
f 147 91 54
f 54 67 69
f 54 65 67
f 55 65 54
f 55 57 65
f 65 61 63
f 65 59 61
f 57 59 65
f 147 130 91
f 147 129 130
f 148 129 147
f 148 154 129
f 153 154 148
f 159 158 157
f 159 160 158
f 161 160 159
f 159 162 161
f 159 163 162
f 164 163 159
f 130 145 91
f 130 143 145
f 133 143 130
f 133 141 143
f 133 139 141
f 133 137 139
f 135 137 133
f 148 152 153
f 148 151 152
f 149 151 148
f 149 150 151
f 1 17 15
f 31 29 27
f 25 31 27
f 39 17 1
f 44 46 19
f 52 48 50
f 52 22 48
f 21 22 52
f 21 37 35
f 21 39 37
f 21 17 39
f 52 17 21
f 52 19 17
f 42 19 52
f 42 44 19
f 21 31 25
f 21 33 31
f 35 33 21
f 11 5 3
f 11 7 5
f 9 7 11
f 1 11 3
f 1 13 11
f 15 13 1
f 122 147 158
f 122 120 147
f 157 156 101
f 114 157 101
f 114 159 157
f 126 159 114
f 126 164 159
f 127 164 126
f 127 163 164
f 128 163 127
f 128 162 163
f 123 162 128
f 123 161 162
f 124 161 123
f 124 160 161
f 125 160 124
f 125 158 160
f 122 158 125
f 132 92 146
f 53 70 68
f 53 155 70
f 92 155 53
f 92 131 155
f 132 131 92
f 66 53 68
f 66 56 53
f 58 56 66
f 66 60 58
f 66 62 60
f 64 62 66
f 144 132 146
f 144 134 132
f 136 134 144
f 144 138 136
f 144 140 138
f 142 140 144
f 167 166 165
f 167 168 166
f 171 170 169
f 171 172 170
f 174 171 173
f 174 172 171
f 175 172 174
f 175 176 172
f 174 177 175
f 174 178 177
f 181 180 179
f 179 182 181
f 179 183 182
f 184 183 179
f 170 186 185
f 170 187 186
f 179 188 184
f 179 189 188
f 190 189 179
f 190 191 189
f 192 191 190
f 170 193 187
f 170 194 193
f 172 194 170
f 196 195 165
f 170 198 197
f 170 199 198
f 185 199 170
f 165 200 196
f 165 201 200
f 191 201 165
f 191 202 201
f 192 202 191
f 203 165 195
f 203 167 165
f 204 167 203
f 167 206 205
f 167 207 206
f 204 207 167
f 198 208 197
f 198 209 208
f 167 209 198
f 167 210 209
f 205 210 167
f 211 169 170
f 197 211 170
f 197 212 211
f 208 212 197
f 208 213 212
f 209 213 208
f 209 214 213
f 210 214 209
f 210 215 214
f 205 215 210
f 205 216 215
f 206 216 205
f 206 217 216
f 207 217 206
f 207 218 217
f 204 218 207
f 191 165 166
f 219 191 166
f 219 189 191
f 220 189 219
f 220 188 189
f 221 188 220
f 221 184 188
f 222 184 221
f 222 183 184
f 223 183 222
f 223 182 183
f 224 182 223
f 224 181 182
f 225 181 224
f 225 180 181
f 226 180 225
f 227 171 169
f 218 169 211
f 218 227 169
f 228 227 218
f 228 229 227
f 227 230 171
f 227 231 230
f 232 231 227
f 232 233 231
f 231 235 234
f 231 236 235
f 233 236 231
f 228 237 229
f 228 238 237
f 239 238 228
f 239 240 238
f 241 240 239
f 212 218 211
f 212 217 218
f 216 217 212
f 212 215 216
f 212 214 215
f 213 214 212
f 237 242 229
f 237 243 242
f 244 243 237
f 244 245 243
f 244 246 245
f 244 247 246
f 248 247 244
f 239 249 241
f 239 250 249
f 251 250 239
f 251 252 250
f 176 168 253
f 166 226 219
f 166 177 226
f 168 177 166
f 168 175 177
f 176 175 168
f 222 224 223
f 222 221 224
f 226 220 219
f 226 221 220
f 225 221 226
f 225 224 221
f 256 255 254
f 256 257 255
f 258 257 256
f 176 256 254
f 176 259 256
f 253 259 176
f 203 218 204
f 203 228 218
f 253 168 167
f 198 253 167
f 198 259 253
f 199 259 198
f 199 256 259
f 185 256 199
f 185 258 256
f 186 258 185
f 186 257 258
f 187 257 186
f 187 255 257
f 193 255 187
f 193 254 255
f 194 254 193
f 194 176 254
f 172 176 194
f 227 261 260
f 227 229 261
f 239 228 203
f 195 239 203
f 195 251 239
f 196 251 195
f 196 252 251
f 200 252 196
f 200 250 252
f 201 250 200
f 201 249 250
f 202 249 201
f 202 241 249
f 192 241 202
f 192 240 241
f 190 240 192
f 190 238 240
f 179 238 190
f 238 179 180
f 178 262 237
f 178 226 177
f 178 180 226
f 237 180 178
f 237 238 180
f 244 237 262
f 263 244 262
f 263 248 244
f 264 248 263
f 264 247 248
f 265 247 264
f 265 246 247
f 266 246 265
f 266 245 246
f 267 245 266
f 267 243 245
f 268 243 267
f 268 242 243
f 269 242 268
f 269 229 242
f 261 229 269
f 232 227 260
f 270 232 260
f 270 233 232
f 271 233 270
f 271 236 233
f 272 236 271
f 272 235 236
f 273 235 272
f 273 234 235
f 274 234 273
f 274 231 234
f 275 231 274
f 275 230 231
f 276 230 275
f 276 171 230
f 173 171 276
f 262 261 269
f 260 173 276
f 260 174 173
f 261 174 260
f 261 178 174
f 262 178 261
f 275 260 276
f 275 270 260
f 271 270 275
f 275 272 271
f 275 273 272
f 274 273 275
f 268 262 269
f 268 263 262
f 264 263 268
f 268 265 264
f 268 266 265
f 267 266 268
f 91 130 129
f 147 129 154
f 147 91 129
f 158 91 147
f 158 54 91
f 91 133 130
f 91 135 133
f 145 135 91
f 145 143 135
f 135 139 137
f 135 141 139
f 143 141 135
f 158 69 54
f 158 156 69
f 160 156 158
f 160 157 156
f 159 157 160
f 153 147 154
f 153 148 147
f 149 148 153
f 153 150 149
f 153 151 150
f 152 151 153
f 69 55 54
f 69 57 55
f 67 57 69
f 67 59 57
f 67 61 59
f 67 63 61
f 65 63 67
f 160 164 159
f 160 163 164
f 161 163 160
f 161 162 163
f 145 91 227
f 232 145 227
f 232 143 145
f 233 143 232
f 233 141 143
f 236 141 233
f 236 139 141
f 235 139 236
f 235 137 139
f 234 137 235
f 234 135 137
f 231 135 234
f 231 133 135
f 230 133 231
f 230 130 133
f 171 130 230
f 212 218 217
f 229 218 227
f 229 228 218
f 211 218 212
f 239 240 241
f 239 238 240
f 228 238 239
f 229 238 228
f 229 237 238
f 242 237 229
f 232 231 233
f 232 227 231
f 227 230 231
f 227 171 230
f 218 171 227
f 218 169 171
f 211 169 218
f 250 252 251
f 231 236 233
f 231 235 236
f 234 235 231
f 215 214 213
f 212 215 213
f 212 216 215
f 217 216 212
f 239 250 251
f 239 249 250
f 241 249 239
f 243 237 242
f 243 244 237
f 248 244 243
f 243 247 248
f 243 246 247
f 245 246 243
f 91 229 227
f 91 54 229
f 154 129 169
f 211 154 169
f 211 153 154
f 212 153 211
f 212 152 153
f 213 152 212
f 213 151 152
f 214 151 213
f 214 150 151
f 215 150 214
f 215 149 150
f 216 149 215
f 216 148 149
f 217 148 216
f 217 147 148
f 218 147 217
f 129 171 169
f 129 130 171
f 218 158 147
f 218 228 158
f 160 158 228
f 239 160 228
f 239 161 160
f 251 161 239
f 251 162 161
f 252 162 251
f 252 163 162
f 250 163 252
f 250 164 163
f 249 164 250
f 249 159 164
f 241 159 249
f 241 157 159
f 240 157 241
f 240 156 157
f 238 156 240
f 238 69 156
f 238 237 69
f 67 69 237
f 244 67 237
f 244 65 67
f 248 65 244
f 248 63 65
f 247 63 248
f 247 61 63
f 246 61 247
f 246 59 61
f 245 59 246
f 245 57 59
f 243 57 245
f 243 55 57
f 242 55 243
f 242 54 55
f 229 54 242
f 279 278 277
f 282 281 280
f 277 283 279
f 277 284 283
f 285 284 277
f 285 280 284
f 286 280 285
f 286 282 280
f 289 288 287
f 289 290 288
f 284 291 283
f 284 280 291
f 292 278 279
f 291 279 283
f 291 292 279
f 293 292 291
f 293 294 292
f 295 294 293
f 295 296 294
f 297 296 295
f 297 298 296
f 299 298 297
f 299 300 298
f 301 300 299
f 301 302 300
f 303 302 301
f 303 304 302
f 305 304 303
f 305 306 304
f 309 308 307
f 309 310 308
f 313 312 311
f 308 311 307
f 308 313 311
f 314 313 308
f 314 315 313
f 316 315 314
f 316 317 315
f 318 317 316
f 318 319 317
f 320 319 318
f 320 321 319
f 322 321 320
f 322 323 321
f 324 323 322
f 324 325 323
f 287 325 324
f 287 288 325
f 306 327 326
f 306 305 327
f 329 312 328
f 329 330 312
f 331 310 309
f 332 312 330
f 332 311 312
f 331 311 332
f 331 307 311
f 309 307 331
f 329 333 330
f 329 328 333
f 334 331 332
f 335 326 327
f 335 336 326
f 337 336 335
f 337 338 336
f 339 338 337
f 339 340 338
f 341 340 339
f 341 342 340
f 343 342 341
f 343 344 342
f 345 344 343
f 345 346 344
f 334 346 345
f 334 333 346
f 332 333 334
f 332 330 333
f 349 348 347
f 351 350 349
f 351 352 350
f 353 352 351
f 356 355 354
f 356 357 355
f 358 357 356
f 347 351 349
f 347 359 351
f 360 359 347
f 360 361 359
f 362 361 360
f 362 356 361
f 363 356 362
f 363 358 356
f 364 358 363
f 367 366 365
f 369 368 367
f 369 370 368
f 371 370 369
f 374 373 372
f 374 375 373
f 376 375 374
f 365 369 367
f 365 377 369
f 378 377 365
f 378 379 377
f 380 379 378
f 380 374 379
f 381 374 380
f 381 376 374
f 382 376 381
f 376 382 383
f 384 375 376
f 384 373 375
f 372 373 384
f 385 352 353
f 385 350 352
f 349 350 385
f 383 384 376
f 383 386 384
f 387 386 383
f 387 388 386
f 389 388 387
f 389 390 388
f 391 390 389
f 391 392 390
f 393 392 391
f 393 394 392
f 395 394 393
f 395 396 394
f 397 396 395
f 397 398 396
f 399 398 397
f 399 400 398
f 401 400 399
f 401 402 400
f 403 402 401
f 403 404 402
f 405 404 403
f 405 406 404
f 407 406 405
f 407 408 406
f 409 408 407
f 409 410 408
f 411 410 409
f 411 412 410
f 413 412 411
f 413 414 412
f 415 414 413
f 415 385 414
f 416 385 415
f 416 349 385
f 348 349 416
f 419 418 417
f 419 420 418
f 421 420 419
f 421 422 420
f 423 422 421
f 423 424 422
f 427 426 425
f 427 428 426
f 429 428 427
f 429 430 428
f 431 430 429
f 431 432 430
f 420 433 418
f 420 434 433
f 434 424 435
f 434 422 424
f 420 422 434
f 424 436 435
f 424 437 436
f 426 437 424
f 426 438 437
f 428 438 426
f 428 439 438
f 430 439 428
f 430 440 439
f 432 440 430
f 285 441 286
f 285 277 441
f 442 281 282
f 443 290 289
f 443 444 290
f 445 444 443
f 445 446 444
f 447 446 445
f 447 448 446
f 449 448 447
f 449 450 448
f 451 450 449
f 451 452 450
f 453 452 451
f 453 454 452
f 442 454 453
f 442 441 454
f 282 441 442
f 282 286 441
f 439 366 438
f 439 365 366
f 365 432 378
f 365 440 432
f 439 440 365
f 455 432 431
f 455 378 432
f 456 378 455
f 456 380 378
f 457 380 456
f 458 380 457
f 458 381 380
f 459 381 458
f 459 382 381
f 460 382 459
f 463 462 461
f 463 465 464
f 463 466 465
f 467 466 463
f 463 468 467
f 463 469 468
f 461 469 463
f 472 471 470
f 475 474 473
f 473 476 475
f 473 477 476
f 478 477 473
f 473 479 478
f 473 480 479
f 481 480 473
f 473 472 470
f 473 482 472
f 474 482 473
f 463 483 462
f 463 484 483
f 485 484 463
f 485 486 484
f 485 487 486
f 485 488 487
f 489 488 485
f 485 490 489
f 485 491 490
f 492 491 485
f 485 493 492
f 485 494 493
f 470 494 485
f 470 495 494
f 470 496 495
f 470 497 496
f 498 497 470
f 470 499 498
f 470 500 499
f 471 500 470
f 503 502 501
f 504 429 427
f 507 506 505
f 508 507 505
f 508 509 507
f 510 509 508
f 508 511 510
f 508 512 511
f 513 512 508
f 508 514 513
f 508 515 514
f 501 515 508
f 501 516 515
f 502 516 501
f 504 460 459
f 504 517 460
f 505 517 504
f 505 518 517
f 505 519 518
f 505 520 519
f 521 520 505
f 501 421 419
f 501 423 421
f 504 423 501
f 504 425 423
f 427 425 504
f 505 522 521
f 505 523 522
f 506 523 505
f 501 524 503
f 501 525 524
f 526 525 501
f 501 527 526
f 501 417 527
f 419 417 501
f 504 431 429
f 504 455 431
f 456 455 504
f 504 457 456
f 504 458 457
f 459 458 504
f 504 470 505
f 504 473 470
f 501 463 464
f 481 473 504
f 481 288 290
f 481 464 288
f 504 464 481
f 504 501 464
f 508 470 485
f 508 505 470
f 358 364 528
f 529 357 358
f 529 355 357
f 354 355 529
f 530 370 371
f 530 368 370
f 367 368 530
f 528 529 358
f 528 530 529
f 531 530 528
f 531 367 530
f 366 367 531
f 517 382 460
f 517 383 382
f 518 383 517
f 518 387 383
f 519 387 518
f 519 389 387
f 520 389 519
f 520 391 389
f 521 391 520
f 521 393 391
f 522 393 521
f 522 395 393
f 523 395 522
f 523 397 395
f 506 397 523
f 506 399 397
f 507 399 506
f 507 401 399
f 509 401 507
f 509 403 401
f 510 403 509
f 510 405 403
f 511 405 510
f 511 407 405
f 512 407 511
f 512 409 407
f 513 409 512
f 513 411 409
f 514 411 513
f 514 413 411
f 515 413 514
f 515 415 413
f 516 415 515
f 516 416 415
f 502 416 516
f 502 348 416
f 508 463 501
f 508 485 463
f 472 277 278
f 472 482 277
f 425 424 423
f 425 426 424
f 436 364 435
f 436 528 364
f 437 528 436
f 437 531 528
f 438 531 437
f 438 366 531
f 292 472 278
f 292 471 472
f 294 471 292
f 294 500 471
f 296 500 294
f 296 499 500
f 298 499 296
f 298 498 499
f 300 498 298
f 300 497 498
f 302 497 300
f 302 496 497
f 304 496 302
f 304 495 496
f 306 495 304
f 306 494 495
f 494 326 493
f 494 306 326
f 336 493 326
f 336 492 493
f 338 492 336
f 338 491 492
f 340 491 338
f 340 490 491
f 342 490 340
f 342 489 490
f 344 489 342
f 344 488 489
f 346 488 344
f 346 487 488
f 333 487 346
f 333 486 487
f 328 486 333
f 328 484 486
f 313 483 312
f 313 462 483
f 315 462 313
f 315 461 462
f 317 461 315
f 317 469 461
f 319 469 317
f 319 468 469
f 321 468 319
f 321 467 468
f 323 467 321
f 323 466 467
f 325 466 323
f 325 465 466
f 288 465 325
f 288 464 465
f 444 481 290
f 444 480 481
f 446 480 444
f 446 479 480
f 448 479 446
f 448 478 479
f 450 478 448
f 450 477 478
f 452 477 450
f 452 476 477
f 454 476 452
f 454 475 476
f 441 475 454
f 441 474 475
f 277 474 441
f 277 482 474
f 327 404 406
f 385 331 414
f 385 310 331
f 353 310 385
f 408 339 337
f 327 402 404
f 327 400 402
f 305 400 327
f 305 398 400
f 281 384 280
f 281 372 384
f 374 372 281
f 331 412 414
f 331 410 412
f 334 410 331
f 334 408 410
f 345 408 334
f 280 388 390
f 280 386 388
f 384 386 280
f 310 359 361
f 310 351 359
f 353 351 310
f 408 327 406
f 408 335 327
f 337 335 408
f 408 341 339
f 408 343 341
f 345 343 408
f 392 295 293
f 392 297 295
f 299 297 392
f 305 396 398
f 305 394 396
f 303 394 305
f 303 392 394
f 301 392 303
f 301 299 392
f 392 280 390
f 392 291 280
f 293 291 392
f 356 316 314
f 356 318 316
f 356 320 318
f 322 320 356
f 356 324 322
f 356 287 324
f 354 287 356
f 443 369 445
f 443 289 369
f 369 447 445
f 369 449 447
f 451 449 369
f 289 371 369
f 289 530 371
f 287 530 289
f 287 529 530
f 354 529 287
f 356 310 361
f 356 308 310
f 314 308 356
f 281 379 374
f 281 377 379
f 442 377 281
f 442 369 377
f 453 369 442
f 453 451 369
f 484 312 483
f 484 328 312
f 433 362 418
f 433 363 362
f 434 363 433
f 434 364 363
f 435 364 434
f 347 502 503
f 347 348 502
f 524 347 503
f 524 360 347
f 525 360 524
f 526 360 525
f 526 362 360
f 527 362 526
f 527 418 362
f 417 418 527
f 534 533 532
f 535 534 532
f 535 536 534
f 535 537 536
f 538 537 535
f 538 539 537
f 540 539 538
f 543 542 541
f 543 533 542
f 544 533 543
f 544 532 533
f 545 532 544
f 548 547 546
f 549 548 546
f 549 550 548
f 541 550 549
f 541 551 550
f 542 551 541
f 552 546 547
f 552 553 546
f 554 553 552
f 555 553 554
f 555 556 553
f 557 556 555
f 560 559 558
f 561 559 560
f 561 562 559
f 563 562 561
f 560 565 564
f 560 566 565
f 558 566 560
f 569 568 567
f 569 570 568
f 564 570 569
f 564 571 570
f 565 571 564
f 572 569 567
f 572 573 569
f 574 573 572
f 574 575 573
f 576 575 574
f 577 575 576
f 577 578 575
f 579 578 577
f 579 580 578
f 581 580 579
f 581 582 580
f 583 582 581
f 586 585 584
f 589 588 587
f 592 591 590
f 590 594 593
f 590 595 594
f 596 595 590
f 596 597 595
f 596 598 597
f 599 598 596
f 599 600 598
f 601 600 599
f 601 602 600
f 603 602 601
f 603 604 602
f 605 604 603
f 608 607 606
f 608 609 607
f 587 609 608
f 612 611 610
f 612 606 611
f 610 614 613
f 585 613 614
f 593 592 590
f 593 615 592
f 584 615 593
f 608 589 587
f 608 616 589
f 617 616 608
f 617 618 616
f 617 619 618
f 620 619 617
f 620 621 619
f 622 621 620
f 622 623 621
f 624 623 622
f 624 625 623
f 626 625 624
f 626 627 625
f 628 627 626
f 628 629 627
f 630 629 628
f 612 608 606
f 612 617 608
f 631 617 612
f 631 620 617
f 632 620 631
f 632 622 620
f 633 622 632
f 633 624 622
f 634 624 633
f 634 626 624
f 635 626 634
f 635 628 626
f 636 628 635
f 636 630 628
f 637 630 636
f 613 612 610
f 613 631 612
f 638 631 613
f 638 632 631
f 639 632 638
f 639 633 632
f 640 633 639
f 640 634 633
f 641 634 640
f 641 635 634
f 642 635 641
f 642 636 635
f 643 636 642
f 643 637 636
f 644 637 643
f 586 613 585
f 586 638 613
f 645 638 586
f 645 639 638
f 646 639 645
f 646 640 639
f 647 640 646
f 647 641 640
f 648 641 647
f 648 642 641
f 649 642 648
f 649 643 642
f 650 643 649
f 650 644 643
f 651 644 650
f 593 586 584
f 593 645 586
f 594 645 593
f 594 646 645
f 595 646 594
f 595 647 646
f 597 647 595
f 597 648 647
f 598 648 597
f 598 649 648
f 600 649 598
f 600 650 649
f 602 650 600
f 602 651 650
f 604 651 602
f 637 644 652
f 655 654 653
f 604 605 656
f 657 604 656
f 660 659 658
f 655 661 660
f 655 662 661
f 653 662 655
f 665 664 663
f 665 666 664
f 667 666 665
f 667 668 666
f 669 668 667
f 669 582 668
f 672 671 670
f 672 673 671
f 674 673 672
f 674 675 673
f 676 675 674
f 676 677 675
f 678 677 676
f 678 679 677
f 680 679 678
f 680 681 679
f 682 681 680
f 682 683 681
f 684 652 670
f 673 685 671
f 673 686 685
f 675 686 673
f 675 687 686
f 677 687 675
f 677 663 687
f 679 663 677
f 679 665 663
f 681 665 679
f 681 667 665
f 683 667 681
f 683 669 667
f 690 689 688
f 690 654 689
f 657 654 690
f 657 653 654
f 690 604 657
f 690 651 604
f 688 651 690
f 692 691 655
f 658 655 660
f 658 692 655
f 693 692 658
f 654 694 689
f 654 695 694
f 655 695 654
f 655 696 695
f 691 696 655
f 684 637 652
f 684 630 637
f 697 630 684
f 697 629 630
f 698 629 697
f 671 684 670
f 671 697 684
f 685 697 671
f 685 698 697
f 686 698 685
f 686 699 698
f 687 699 686
f 687 700 699
f 663 700 687
f 663 701 700
f 664 701 663
f 688 644 651
f 688 652 644
f 689 652 688
f 689 670 652
f 694 670 689
f 694 672 670
f 695 672 694
f 695 674 672
f 696 674 695
f 696 676 674
f 691 676 696
f 691 678 676
f 692 678 691
f 692 680 678
f 693 680 692
f 693 682 680
f 704 703 702
f 707 706 705
f 709 708 706
f 711 710 708
f 714 713 712
f 717 716 715
f 720 719 718
f 587 588 721
f 724 723 722
f 727 726 725
f 730 729 728
f 732 731 702
f 732 733 731
f 734 733 732
f 734 735 733
f 734 736 735
f 737 736 734
f 737 738 736
f 739 738 737
f 739 740 738
f 741 740 739
f 740 743 742
f 740 744 743
f 741 744 740
f 743 745 742
f 743 746 745
f 747 746 743
f 747 748 746
f 749 748 747
f 749 750 748
f 751 750 749
f 751 752 750
f 753 752 751
f 753 754 752
f 753 755 754
f 756 755 753
f 756 757 755
f 758 757 756
f 758 759 757
f 758 760 759
f 761 760 758
f 761 762 760
f 763 762 761
f 763 764 762
f 765 764 763
f 765 766 764
f 765 767 766
f 768 767 765
f 768 769 767
f 770 769 768
f 770 771 769
f 772 771 770
f 772 592 771
f 591 592 772
f 773 717 563
f 773 716 717
f 774 716 773
f 775 729 730
f 775 776 729
f 714 776 775
f 779 778 777
f 779 780 778
f 781 780 779
f 781 719 780
f 782 719 781
f 782 718 719
f 783 718 782
f 784 726 727
f 784 785 726
f 786 785 784
f 786 787 785
f 788 787 786
f 791 790 789
f 791 792 790
f 793 792 791
f 793 794 792
f 795 794 793
f 795 796 794
f 795 797 796
f 798 797 795
f 798 799 797
f 798 800 799
f 801 800 798
f 801 802 800
f 803 802 801
f 803 804 802
f 805 804 803
f 808 807 806
f 808 809 807
f 810 809 808
f 810 811 809
f 812 811 810
f 812 813 811
f 814 813 812
f 815 723 724
f 815 816 723
f 817 816 815
f 819 818 721
f 819 820 818
f 821 820 819
f 822 774 710
f 822 716 774
f 823 716 822
f 823 715 716
f 826 825 824
f 826 827 825
f 828 827 826
f 828 829 827
f 775 713 714
f 775 830 713
f 730 830 775
f 831 719 720
f 831 780 719
f 832 780 831
f 832 778 780
f 833 778 832
f 835 725 834
f 835 727 725
f 836 727 835
f 836 784 727
f 837 784 836
f 837 786 784
f 838 786 837
f 838 788 786
f 788 789 787
f 788 791 789
f 838 791 788
f 838 793 791
f 839 793 838
f 839 795 793
f 840 795 839
f 840 798 795
f 841 798 840
f 841 801 798
f 842 801 841
f 842 803 801
f 843 803 842
f 843 805 803
f 844 805 843
f 810 845 812
f 810 844 845
f 808 844 810
f 808 805 844
f 806 805 808
f 806 804 805
f 812 846 814
f 812 847 846
f 845 847 812
f 814 722 813
f 814 724 722
f 846 724 814
f 846 815 724
f 848 815 846
f 848 817 815
f 849 817 848
f 818 850 721
f 818 849 850
f 820 849 818
f 820 817 849
f 821 817 820
f 821 816 817
f 853 852 851
f 853 854 852
f 855 854 853
f 855 856 854
f 857 856 855
f 857 858 856
f 854 829 852
f 854 827 829
f 856 827 854
f 856 825 827
f 858 825 856
f 858 824 825
f 859 824 858
f 826 728 828
f 826 730 728
f 824 730 826
f 824 830 730
f 859 830 824
f 859 713 830
f 860 713 859
f 860 712 713
f 714 861 776
f 714 862 861
f 712 862 714
f 712 863 862
f 860 863 712
f 860 864 863
f 865 864 860
f 865 866 864
f 862 867 861
f 862 868 867
f 863 868 862
f 863 869 868
f 864 869 863
f 864 870 869
f 866 870 864
f 868 871 867
f 868 783 871
f 869 783 868
f 869 718 783
f 870 718 869
f 870 720 718
f 866 720 870
f 866 831 720
f 872 831 866
f 872 832 831
f 873 832 872
f 873 833 832
f 778 834 777
f 778 835 834
f 833 835 778
f 833 836 835
f 873 836 833
f 873 837 836
f 874 837 873
f 874 838 837
f 875 838 874
f 875 839 838
f 876 839 875
f 876 840 839
f 877 840 876
f 877 841 840
f 878 841 877
f 878 842 841
f 879 842 878
f 879 843 842
f 880 843 879
f 880 844 843
f 881 844 880
f 881 845 844
f 882 845 881
f 882 847 845
f 883 847 882
f 883 846 847
f 884 846 883
f 884 848 846
f 885 848 884
f 885 849 848
f 886 849 885
f 850 587 721
f 850 609 587
f 849 609 850
f 849 607 609
f 886 607 849
f 886 606 607
f 611 606 886
f 715 851 717
f 715 853 851
f 823 853 715
f 823 855 853
f 887 855 823
f 887 857 855
f 888 857 887
f 888 858 857
f 889 858 888
f 889 859 858
f 890 859 889
f 890 860 859
f 891 860 890
f 891 865 860
f 892 865 891
f 892 866 865
f 893 866 892
f 893 872 866
f 894 872 893
f 894 873 872
f 895 873 894
f 895 874 873
f 896 874 895
f 896 875 874
f 897 875 896
f 897 876 875
f 898 876 897
f 898 877 876
f 899 877 898
f 899 878 877
f 900 878 899
f 900 879 878
f 901 879 900
f 901 880 879
f 902 880 901
f 902 881 880
f 903 881 902
f 903 882 881
f 904 882 903
f 904 883 882
f 905 883 904
f 905 884 883
f 906 884 905
f 906 885 884
f 907 885 906
f 907 886 885
f 908 886 907
f 908 611 886
f 610 611 908
f 711 822 710
f 711 823 822
f 909 823 711
f 909 887 823
f 910 887 909
f 910 888 887
f 911 888 910
f 911 889 888
f 912 889 911
f 912 890 889
f 913 890 912
f 913 891 890
f 914 891 913
f 914 892 891
f 915 892 914
f 915 893 892
f 916 893 915
f 916 894 893
f 917 894 916
f 917 895 894
f 918 895 917
f 918 896 895
f 919 896 918
f 919 897 896
f 920 897 919
f 920 898 897
f 921 898 920
f 921 899 898
f 922 899 921
f 922 900 899
f 923 900 922
f 923 901 900
f 924 901 923
f 924 902 901
f 925 902 924
f 925 903 902
f 926 903 925
f 926 904 903
f 927 904 926
f 927 905 904
f 928 905 927
f 928 906 905
f 929 906 928
f 929 907 906
f 930 907 929
f 930 908 907
f 931 908 930
f 931 610 908
f 614 610 931
f 709 711 708
f 709 909 711
f 932 909 709
f 932 910 909
f 933 910 932
f 933 911 910
f 934 911 933
f 934 912 911
f 935 912 934
f 935 913 912
f 936 913 935
f 936 914 913
f 937 914 936
f 937 915 914
f 938 915 937
f 938 916 915
f 939 916 938
f 939 917 916
f 940 917 939
f 940 918 917
f 941 918 940
f 941 919 918
f 942 919 941
f 942 920 919
f 943 920 942
f 943 921 920
f 944 921 943
f 944 922 921
f 945 922 944
f 945 923 922
f 946 923 945
f 946 924 923
f 947 924 946
f 947 925 924
f 948 925 947
f 948 926 925
f 949 926 948
f 949 927 926
f 950 927 949
f 950 928 927
f 951 928 950
f 951 929 928
f 952 929 951
f 952 930 929
f 953 930 952
f 953 931 930
f 954 931 953
f 954 614 931
f 585 614 954
f 956 955 703
f 956 957 955
f 960 959 958
f 960 956 959
f 961 956 960
f 961 957 956
f 705 957 961
f 961 707 705
f 961 962 707
f 960 962 961
f 960 963 962
f 958 963 960
f 707 709 706
f 707 932 709
f 962 932 707
f 962 933 932
f 963 933 962
f 963 934 933
f 958 934 963
f 958 935 934
f 964 935 958
f 964 936 935
f 965 936 964
f 965 937 936
f 966 937 965
f 966 938 937
f 967 938 966
f 967 939 938
f 968 939 967
f 968 940 939
f 969 940 968
f 969 941 940
f 970 941 969
f 970 942 941
f 971 942 970
f 971 943 942
f 972 943 971
f 972 944 943
f 973 944 972
f 973 945 944
f 974 945 973
f 974 946 945
f 975 946 974
f 975 947 946
f 976 947 975
f 976 948 947
f 977 948 976
f 977 949 948
f 978 949 977
f 978 950 949
f 979 950 978
f 979 951 950
f 980 951 979
f 980 952 951
f 981 952 980
f 981 953 952
f 982 953 981
f 982 954 953
f 983 954 982
f 983 585 954
f 584 585 983
f 704 956 703
f 704 959 956
f 984 959 704
f 984 958 959
f 985 958 984
f 985 964 958
f 986 964 985
f 986 965 964
f 987 965 986
f 987 966 965
f 988 966 987
f 988 967 966
f 989 967 988
f 989 968 967
f 990 968 989
f 990 969 968
f 991 969 990
f 991 970 969
f 992 970 991
f 992 971 970
f 993 971 992
f 993 972 971
f 994 972 993
f 994 973 972
f 995 973 994
f 995 974 973
f 996 974 995
f 996 975 974
f 997 975 996
f 997 976 975
f 998 976 997
f 998 977 976
f 999 977 998
f 999 978 977
f 1000 978 999
f 1000 979 978
f 1001 979 1000
f 1001 980 979
f 1002 980 1001
f 1002 981 980
f 1003 981 1002
f 1003 982 981
f 1004 982 1003
f 1004 983 982
f 1005 983 1004
f 1005 584 983
f 615 584 1005
f 731 704 702
f 731 984 704
f 733 984 731
f 733 985 984
f 735 985 733
f 735 986 985
f 736 986 735
f 736 987 986
f 738 987 736
f 738 988 987
f 740 988 738
f 740 989 988
f 742 989 740
f 742 990 989
f 745 990 742
f 745 991 990
f 746 991 745
f 746 992 991
f 748 992 746
f 748 993 992
f 750 993 748
f 750 994 993
f 752 994 750
f 752 995 994
f 754 995 752
f 754 996 995
f 755 996 754
f 755 997 996
f 757 997 755
f 757 998 997
f 759 998 757
f 759 999 998
f 760 999 759
f 760 1000 999
f 762 1000 760
f 762 1001 1000
f 764 1001 762
f 764 1002 1001
f 766 1002 764
f 766 1003 1002
f 767 1003 766
f 767 1004 1003
f 769 1004 767
f 769 1005 1004
f 771 1005 769
f 771 615 1005
f 592 615 771
f 1008 1007 1006
f 1008 1009 1007
f 1012 1011 1010
f 1012 1013 1011
f 1014 1013 1012
f 1014 1015 1013
f 1009 1015 1014
f 1009 1016 1015
f 1008 1016 1009
f 1019 1018 1017
f 1019 1020 1018
f 1021 1020 1019
f 1021 1006 1020
f 1022 1006 1021
f 1022 1008 1006
f 1025 1024 1023
f 1025 1026 1024
f 1027 1026 1025
f 1027 1017 1026
f 1028 1017 1027
f 1028 1019 1017
f 1031 1030 1029
f 1031 1032 1030
f 1033 1032 1031
f 1033 1023 1032
f 1034 1023 1033
f 1034 1025 1023
f 1037 1036 1035
f 1037 1038 1036
f 1039 1038 1037
f 1039 1029 1038
f 1040 1029 1039
f 1040 1031 1029
f 1043 1042 1041
f 1043 1044 1042
f 1045 1044 1043
f 1045 1035 1044
f 1046 1035 1045
f 1046 1037 1035
f 1041 1047 1043
f 1041 1048 1047
f 1049 1048 1041
f 1049 1050 1048
f 1051 1050 1049
f 1051 1052 1050
f 1055 1054 1053
f 1055 1056 1054
f 1057 1056 1055
f 1057 1058 1056
f 1052 1059 1050
f 1052 1060 1059
f 1061 1060 1052
f 1061 1058 1060
f 1062 1058 1061
f 1062 1056 1058
f 1065 1064 1063
f 1065 1066 1064
f 1067 1066 1065
f 1067 1068 1066
f 1069 1068 1067
f 1069 1070 1068
f 1071 1070 1069
f 1071 1072 1070
f 1073 1072 1071
f 1073 1074 1072
f 1075 1074 1073
f 1075 1076 1074
f 1077 1076 1075
f 1077 1078 1076
f 1079 1078 1077
f 1079 1080 1078
f 1081 1080 1079
f 1081 1082 1080
f 1083 1082 1081
f 1083 1084 1082
f 1085 1084 1083
f 1085 1086 1084
f 1087 1086 1085
f 1087 1088 1086
f 1089 1088 1087
f 1089 1090 1088
f 1091 1090 1089
f 1091 1092 1090
f 1093 1092 1091
f 1093 1094 1092
f 1053 1094 1093
f 1053 1095 1094
f 1054 1095 1053
f 1098 1097 1096
f 1099 1098 1096
f 1099 1100 1098
f 1101 1100 1099
f 1101 1102 1100
f 1103 1102 1101
f 1103 1104 1102
f 1103 1105 1104
f 1106 1105 1103
f 1106 1107 1105
f 1108 1107 1106
f 1108 1109 1107
f 1110 1109 1108
f 1110 1111 1109
f 1112 1111 1110
f 1114 1113 545
f 1114 1112 1113
f 1115 1112 1114
f 1115 1111 1112
f 545 1117 1116
f 545 1118 1117
f 1113 1118 545
f 1121 1120 1119
f 1124 1123 1122
f 1124 1119 1123
f 1125 1119 1124
f 1127 1126 1122
f 1127 1128 1126
f 1126 1124 1122
f 1126 1125 1124
f 1129 1125 1126
f 1129 1130 1125
f 1131 1130 1129
f 1131 1132 1130
f 1133 1132 1131
f 1133 1134 1132
f 1135 1134 1133
f 1136 1134 1135
f 1136 1137 1134
f 1138 1137 1136
f 1138 1139 1137
f 1140 1139 1138
f 1125 1121 1119
f 1125 1141 1121
f 1130 1141 1125
f 1130 1142 1141
f 1132 1142 1130
f 1132 1143 1142
f 1134 1143 1132
f 1145 1140 1144
f 1145 1139 1140
f 1146 1139 1145
f 1146 1137 1139
f 1147 1137 1146
f 1147 1134 1137
f 1148 1134 1147
f 1148 1143 1134
f 1151 1150 1149
f 1154 1153 1152
f 1157 1156 1155
f 1160 1159 1158
f 1161 1160 1158
f 1161 1162 1160
f 1157 1162 1161
f 1157 1163 1162
f 1155 1163 1157
f 1163 1152 1153
f 1163 1164 1152
f 1155 1164 1163
f 1154 1151 1149
f 1154 1165 1151
f 1152 1165 1154
f 1166 1143 1148
f 1169 1168 1167
f 1169 1170 1168
f 1169 1171 1170
f 1172 1171 1169
f 1175 1174 1173
f 1175 1176 1174
f 1177 1176 1175
f 1177 1178 1176
f 1179 1178 1177
f 1179 1180 1178
f 1181 1180 1179
f 1181 1183 1182
f 1184 1182 1183
f 1184 1185 1182
f 1186 1185 1184
f 1188 1187 1186
f 1188 1189 1187
f 1190 1189 1188
f 1190 1191 1189
f 1194 1193 1192
f 1195 1194 1192
f 1194 1143 1166
f 1194 1142 1143
f 1194 1141 1142
f 1195 1141 1194
f 1195 1121 1141
f 1120 1121 1195
f 1196 1145 1144
f 1196 1146 1145
f 1166 1146 1196
f 1166 1147 1146
f 1148 1147 1166
f 1187 1198 1197
f 1187 1199 1198
f 1189 1199 1187
f 1187 1185 1186
f 1187 1200 1185
f 1197 1200 1187
f 1182 1202 1201
f 1182 1203 1202
f 1185 1203 1182
f 1185 1204 1203
f 1200 1204 1185
f 1182 1180 1181
f 1182 1205 1180
f 1201 1205 1182
f 1178 1206 1176
f 1178 1207 1206
f 1180 1207 1178
f 1180 1208 1207
f 1205 1208 1180
f 1211 1210 1209
f 1211 1212 1210
f 1213 1210 1212
f 1213 1214 1210
f 1215 1214 1213
f 1172 1217 1216
f 1172 1218 1217
f 1169 1218 1172
f 1169 1219 1218
f 1214 1219 1169
f 1214 1220 1219
f 1215 1220 1214
f 1210 1207 1209
f 1210 1206 1207
f 1214 1206 1210
f 1214 1176 1206
f 1169 1176 1214
f 1169 1174 1176
f 1167 1174 1169
f 1167 1173 1174
f 1198 1144 1197
f 1198 1196 1144
f 1199 1196 1198
f 1199 1166 1196
f 1189 1166 1199
f 1189 1194 1166
f 1191 1194 1189
f 1191 1193 1194
f 1221 1158 1159
f 1221 1222 1158
f 1225 1224 1223
f 1225 1226 1224
f 1227 1226 1225
f 1230 1229 1228
f 1228 1231 1230
f 1228 1232 1231
f 1233 1232 1228
f 1233 1234 1232
f 1235 1234 1233
f 1235 1236 1234
f 1237 1236 1235
f 1237 1238 1236
f 1238 1240 1239
f 1238 1241 1240
f 1237 1241 1238
f 1239 1243 1242
f 1239 1244 1243
f 1240 1244 1239
f 1242 1246 1245
f 1242 1247 1246
f 1243 1247 1242
f 1245 1249 1248
f 1245 1250 1249
f 1246 1250 1245
f 1248 1252 1251
f 1248 1253 1252
f 1249 1253 1248
f 1251 1255 1254
f 1251 1256 1255
f 1252 1256 1251
f 1254 1258 1257
f 1254 1259 1258
f 1255 1259 1254
f 1257 1261 1260
f 1257 1262 1261
f 1258 1262 1257
f 1260 1264 1263
f 1260 1265 1264
f 1261 1265 1260
f 1263 1267 1266
f 1263 1268 1267
f 1264 1268 1263
f 1266 1270 1269
f 1266 1271 1270
f 1267 1271 1266
f 1272 1226 1227
f 1272 1273 1226
f 1269 1273 1272
f 1269 1274 1273
f 1270 1274 1269
f 1275 1222 1221
f 1276 1275 1221
f 1276 1277 1275
f 1278 1277 1276
f 1278 1279 1277
f 1280 1279 1278
f 1280 1281 1279
f 1282 1281 1280
f 1282 1283 1281
f 1284 1283 1282
f 1284 1285 1283
f 1286 1285 1284
f 1286 1287 1285
f 1288 1287 1286
f 1288 1289 1287
f 1290 1289 1288
f 1290 1291 1289
f 1292 1291 1290
f 1292 1293 1291
f 1294 1293 1292
f 1294 1295 1293
f 1296 1295 1294
f 1296 1297 1295
f 1298 1297 1296
f 1298 1299 1297
f 1300 1299 1298
f 1300 1301 1299
f 1302 1301 1300
f 1302 1303 1301
f 1304 1303 1302
f 1307 1306 1305
f 1310 1309 1308
f 1313 1312 1311
f 1313 1314 1312
f 1117 1305 1116
f 1117 1307 1305
f 1118 1307 1117
f 1118 1315 1307
f 1113 1315 1118
f 1113 1316 1315
f 1112 1316 1113
f 1110 1316 1112
f 1110 1317 1316
f 1108 1317 1110
f 1106 1317 1108
f 1106 1318 1317
f 1103 1318 1106
f 1103 1319 1318
f 1101 1319 1103
f 1101 1320 1319
f 1099 1320 1101
f 1099 1321 1320
f 1096 1321 1099
f 1324 1323 1322
f 1322 1325 1324
f 1322 1326 1325
f 1327 1326 1322
f 1313 1328 1314
f 1313 1329 1328
f 1330 1329 1313
f 1330 1331 1329
f 1332 1331 1330
f 1332 1333 1331
f 1334 1333 1332
f 1334 1327 1333
f 1335 1327 1334
f 1335 1326 1327
f 1307 1308 1306
f 1307 1310 1308
f 1315 1310 1307
f 1315 1336 1310
f 1316 1336 1315
f 1316 1337 1336
f 1317 1337 1316
f 1317 1338 1337
f 1318 1338 1317
f 1318 1339 1338
f 1319 1339 1318
f 1319 1340 1339
f 1320 1340 1319
f 1320 1341 1340
f 1321 1341 1320
f 1321 1342 1341
f 1310 1311 1309
f 1310 1313 1311
f 1336 1313 1310
f 1336 1330 1313
f 1337 1330 1336
f 1337 1332 1330
f 1338 1332 1337
f 1338 1334 1332
f 1339 1334 1338
f 1339 1335 1334
f 1340 1335 1339
f 1340 1326 1335
f 1341 1326 1340
f 1341 1325 1326
f 1342 1325 1341
f 1342 1324 1325
f 1345 1344 1343
f 1346 1343 1150
f 1346 1345 1343
f 1347 1345 1346
f 1161 1158 1348
f 1157 1349 1156
f 1157 1350 1349
f 1161 1350 1157
f 1161 1351 1350
f 1348 1351 1161
f 1352 1156 1349
f 1352 1353 1156
f 1354 1353 1352
f 1354 1355 1353
f 1356 1355 1354
f 1359 1358 1357
f 1361 1216 1360
f 1356 1360 1355
f 1356 1361 1360
f 1359 1361 1356
f 1359 1362 1361
f 1357 1362 1359
f 1365 1364 1363
f 1366 1365 1363
f 1365 1367 1364
f 1365 1368 1367
f 1369 1368 1365
f 1370 1365 1366
f 1370 1371 1365
f 1372 1371 1370
f 1375 1374 1373
f 1365 1376 1369
f 1365 1377 1376
f 1378 1377 1365
f 1378 1379 1377
f 1381 1365 1380
f 1377 1375 1373
f 1377 1382 1375
f 1379 1382 1377
f 1365 1383 1380
f 1365 1384 1383
f 1371 1384 1365
f 1381 1386 1385
f 1381 1387 1386
f 1380 1387 1381
f 1390 1389 1388
f 1390 1391 1389
f 1393 1392 1370
f 1366 1393 1370
f 1366 1394 1393
f 1363 1394 1366
f 1364 1394 1363
f 1364 1395 1394
f 1367 1395 1364
f 1367 1396 1395
f 1368 1396 1367
f 1369 1376 1397
f 1369 1396 1368
f 1369 1398 1396
f 1397 1398 1369
f 1392 1179 1177
f 1392 1181 1179
f 1393 1181 1392
f 1393 1183 1181
f 1394 1183 1393
f 1394 1184 1183
f 1395 1184 1394
f 1395 1186 1184
f 1396 1186 1395
f 1396 1188 1186
f 1398 1188 1396
f 1177 1175 1399
f 1400 1177 1399
f 1400 1392 1177
f 1401 1392 1400
f 1401 1370 1392
f 1372 1370 1401
f 1404 1403 1402
f 1402 1405 1404
f 1402 1406 1405
f 1407 1406 1402
f 1407 1408 1406
f 1409 1408 1407
f 1409 1410 1408
f 1411 1410 1409
f 1412 1403 1138
f 1412 1402 1403
f 1413 1402 1412
f 1413 1407 1402
f 1409 1415 1414
f 1409 1416 1415
f 1407 1416 1409
f 1407 1417 1416
f 1413 1417 1407
f 1419 1414 1418
f 1419 1409 1414
f 1420 1409 1419
f 1420 1411 1409
f 722 1013 1015
f 588 1422 1421
f 588 1423 1422
f 1424 1423 588
f 723 1013 722
f 816 1013 723
f 816 1011 1013
f 821 1011 816
f 1421 721 588
f 1421 819 721
f 1425 819 1421
f 1425 821 819
f 1010 821 1425
f 1010 1011 821
f 807 1028 806
f 807 1019 1028
f 809 1019 807
f 809 1021 1019
f 811 1021 809
f 811 1022 1021
f 813 1022 811
f 813 1008 1022
f 722 1008 813
f 722 1016 1008
f 1015 1016 722
f 1040 797 799
f 800 1040 799
f 800 1031 1040
f 802 1031 800
f 802 1033 1031
f 802 1034 1033
f 804 1034 802
f 804 1025 1034
f 806 1025 804
f 806 1027 1025
f 1028 1027 806
f 1047 1048 790
f 792 1047 790
f 792 1043 1047
f 792 1045 1043
f 794 1045 792
f 794 1046 1045
f 796 1046 794
f 796 1037 1046
f 797 1037 796
f 797 1039 1037
f 1040 1039 797
f 1050 790 1048
f 1050 789 790
f 1059 789 1050
f 1059 787 789
f 1060 787 1059
f 1058 787 1060
f 1058 785 787
f 1057 785 1058
f 781 1091 782
f 781 1093 1091
f 1057 726 785
f 1057 725 726
f 1055 725 1057
f 1055 834 725
f 1053 834 1055
f 1053 777 834
f 1093 777 1053
f 1093 779 777
f 781 779 1093
f 783 1085 871
f 783 1087 1085
f 782 1087 783
f 782 1089 1087
f 1091 1089 782
f 829 1067 1065
f 829 1069 1067
f 828 1069 829
f 828 1071 1069
f 728 1071 828
f 728 1073 1071
f 729 1073 728
f 729 1075 1073
f 776 1075 729
f 776 1077 1075
f 861 1077 776
f 861 1079 1077
f 867 1079 861
f 867 1081 1079
f 871 1081 867
f 871 1083 1081
f 1085 1083 871
f 1063 829 1065
f 1063 852 829
f 1426 852 1063
f 1426 851 852
f 1427 851 1426
f 1427 717 851
f 1428 717 1427
f 1429 717 1428
f 1429 563 717
f 562 563 1429
f 1155 1156 1353
f 1346 1211 1209
f 1346 1430 1211
f 1150 1430 1346
f 1430 1212 1211
f 1430 1431 1212
f 1150 1431 1430
f 1150 1432 1431
f 1151 1432 1150
f 1151 1433 1432
f 1165 1433 1151
f 1165 1434 1433
f 1152 1434 1165
f 1152 1435 1434
f 1164 1435 1152
f 1164 1436 1435
f 1155 1436 1164
f 1431 1213 1212
f 1431 1215 1213
f 1432 1215 1431
f 1432 1220 1215
f 1433 1220 1432
f 1433 1219 1220
f 1433 1218 1219
f 1434 1218 1433
f 1434 1217 1218
f 1435 1217 1434
f 1435 1216 1217
f 1436 1216 1435
f 1436 1360 1216
f 1155 1360 1436
f 1155 1355 1360
f 1353 1355 1155
f 1437 559 562
f 1437 557 559
f 1420 1439 1438
f 1420 1419 1439
f 1418 1439 1419
f 1418 1440 1439
f 1304 1440 1418
f 1443 1442 1441
f 1443 1444 1442
f 1447 1446 1445
f 1450 1449 1448
f 1453 1452 1451
f 1456 1455 1454
f 1455 1458 1457
f 1458 1460 1459
f 1460 1462 1461
f 661 1461 1462
f 1465 1464 1463
f 1464 1467 1466
f 1467 1469 1468
f 1469 1471 1470
f 657 1470 1471
f 1474 1473 1472
f 1473 1476 1475
f 1476 1478 1477
f 1478 1480 1479
f 1480 1482 1481
f 1482 1484 1483
f 1484 1486 1485
f 1486 1488 1487
f 1488 1490 1489
f 1490 1492 1491
f 1492 1494 1493
f 1494 1496 1495
f 1496 1498 1497
f 1498 1500 1499
f 1500 1502 1501
f 1505 1504 1503
f 1504 1507 1506
f 1507 1456 1508
f 657 1474 1509
f 661 1465 1510
f 1453 1511 1452
f 1453 1512 1511
f 1513 1512 1453
f 1513 1503 1512
f 1514 1503 1513
f 1514 1505 1503
f 1502 1505 1514
f 1514 1501 1502
f 1514 1515 1501
f 1513 1515 1514
f 1513 1450 1515
f 1453 1450 1513
f 1453 1449 1450
f 1451 1449 1453
f 1501 1499 1500
f 1501 1516 1499
f 1515 1516 1501
f 1515 1517 1516
f 1450 1517 1515
f 1450 1518 1517
f 1448 1518 1450
f 1521 1520 1519
f 1499 1497 1498
f 1499 1522 1497
f 1516 1522 1499
f 1516 1519 1522
f 1517 1519 1516
f 1517 1521 1519
f 1518 1521 1517
f 1525 1524 1523
f 1497 1495 1496
f 1497 1526 1495
f 1522 1526 1497
f 1522 1523 1526
f 1519 1523 1522
f 1519 1525 1523
f 1520 1525 1519
f 1529 1528 1527
f 1495 1493 1494
f 1495 1530 1493
f 1526 1530 1495
f 1526 1527 1530
f 1523 1527 1526
f 1523 1529 1527
f 1524 1529 1523
f 1533 1532 1531
f 1493 1491 1492
f 1493 1534 1491
f 1530 1534 1493
f 1530 1531 1534
f 1527 1531 1530
f 1527 1533 1531
f 1528 1533 1527
f 1537 1536 1535
f 1491 1489 1490
f 1491 1538 1489
f 1534 1538 1491
f 1534 1535 1538
f 1531 1535 1534
f 1531 1537 1535
f 1532 1537 1531
f 1541 1540 1539
f 1489 1487 1488
f 1489 1542 1487
f 1538 1542 1489
f 1538 1539 1542
f 1535 1539 1538
f 1535 1541 1539
f 1536 1541 1535
f 1545 1544 1543
f 1487 1485 1486
f 1487 1546 1485
f 1542 1546 1487
f 1542 1543 1546
f 1539 1543 1542
f 1539 1545 1543
f 1540 1545 1539
f 1549 1548 1547
f 1485 1483 1484
f 1485 1550 1483
f 1546 1550 1485
f 1546 1547 1550
f 1543 1547 1546
f 1543 1549 1547
f 1544 1549 1543
f 1553 1552 1551
f 1483 1481 1482
f 1483 1554 1481
f 1550 1554 1483
f 1550 1551 1554
f 1547 1551 1550
f 1547 1553 1551
f 1548 1553 1547
f 1557 1556 1555
f 1481 1479 1480
f 1481 1558 1479
f 1554 1558 1481
f 1554 1555 1558
f 1551 1555 1554
f 1551 1557 1555
f 1552 1557 1551
f 1561 1560 1559
f 1479 1477 1478
f 1479 1562 1477
f 1558 1562 1479
f 1558 1559 1562
f 1555 1559 1558
f 1555 1561 1559
f 1556 1561 1555
f 1565 1564 1563
f 1477 1475 1476
f 1477 1566 1475
f 1562 1566 1477
f 1562 1563 1566
f 1559 1563 1562
f 1559 1565 1563
f 1560 1565 1559
f 1569 1568 1567
f 1475 1472 1473
f 1475 1570 1472
f 1566 1570 1475
f 1566 1567 1570
f 1563 1567 1566
f 1563 1569 1567
f 1564 1569 1563
f 1573 1572 1571
f 1472 1509 1474
f 1472 1574 1509
f 1570 1574 1472
f 1570 1571 1574
f 1567 1571 1570
f 1567 1573 1571
f 1568 1573 1567
f 1577 1576 1575
f 1509 1470 657
f 1509 1578 1470
f 1574 1578 1509
f 1574 1575 1578
f 1571 1575 1574
f 1571 1577 1575
f 1572 1577 1571
f 1581 1580 1579
f 1581 1582 1580
f 1470 1468 1469
f 1470 1583 1468
f 1578 1583 1470
f 1578 1581 1583
f 1575 1581 1578
f 1575 1582 1581
f 1576 1582 1575
f 1468 1466 1467
f 1468 1584 1466
f 1583 1584 1468
f 1583 1585 1584
f 1581 1585 1583
f 1581 1586 1585
f 1579 1586 1581
f 1589 1588 1587
f 1466 1463 1464
f 1466 1590 1463
f 1584 1590 1466
f 1584 1587 1590
f 1585 1587 1584
f 1585 1589 1587
f 1586 1589 1585
f 1593 1592 1591
f 1463 1510 1465
f 1463 1594 1510
f 1590 1594 1463
f 1590 1591 1594
f 1587 1591 1590
f 1587 1593 1591
f 1588 1593 1587
f 1597 1596 1595
f 1510 1461 661
f 1510 1598 1461
f 1594 1598 1510
f 1594 1595 1598
f 1591 1595 1594
f 1591 1597 1595
f 1592 1597 1591
f 1601 1600 1599
f 1461 1459 1460
f 1461 1602 1459
f 1598 1602 1461
f 1598 1599 1602
f 1595 1599 1598
f 1595 1601 1599
f 1596 1601 1595
f 1605 1604 1603
f 1605 1606 1604
f 1459 1457 1458
f 1459 1607 1457
f 1602 1607 1459
f 1602 1605 1607
f 1599 1605 1602
f 1599 1606 1605
f 1600 1606 1599
f 1457 1454 1455
f 1457 1608 1454
f 1607 1608 1457
f 1607 1447 1608
f 1605 1447 1607
f 1605 1446 1447
f 1603 1446 1605
f 1454 1508 1456
f 1454 1609 1508
f 1608 1609 1454
f 1608 1610 1609
f 1447 1610 1608
f 1447 1611 1610
f 1445 1611 1447
f 1614 1613 1612
f 1508 1506 1507
f 1508 1615 1506
f 1609 1615 1508
f 1609 1612 1615
f 1610 1612 1609
f 1610 1614 1612
f 1611 1614 1610
f 1511 1616 1452
f 1511 1617 1616
f 1618 1617 1511
f 1506 1503 1504
f 1506 1512 1503
f 1615 1512 1506
f 1615 1511 1512
f 1612 1511 1615
f 1612 1618 1511
f 1613 1618 1612
f 1342 1321 1619
f 1097 1321 1096
f 1097 1619 1321
f 1620 1619 1097
f 1620 1621 1619
f 1619 1623 1622
f 1619 1624 1623
f 1621 1624 1619
f 1323 1626 1625
f 1619 1324 1342
f 1619 1323 1324
f 1627 1323 1619
f 1627 1626 1323
f 1630 1629 1628
f 1630 1631 1629
f 1632 1631 1630
f 1632 1633 1631
f 1323 1630 1628
f 1323 1634 1630
f 1625 1634 1323
f 1636 1622 1635
f 1636 1637 1622
f 1622 1638 1635
f 1622 1639 1638
f 1623 1639 1622
f 1641 1441 1640
f 1641 1443 1441
f 1644 1643 1642
f 1645 1644 1642
f 1377 1646 1376
f 1377 1647 1646
f 1648 1647 1377
f 1648 1649 1647
f 1650 1649 1648
f 1650 1651 1649
f 1642 1651 1650
f 1642 1652 1651
f 1643 1652 1642
f 1654 1303 1653
f 1654 1655 1303
f 1656 1655 1654
f 1656 1657 1655
f 1657 1659 1658
f 1657 1660 1659
f 1656 1660 1657
f 1645 1661 1644
f 1645 1662 1661
f 1658 1662 1645
f 1658 1663 1662
f 1659 1663 1658
f 1426 1063 1664
f 1426 1665 1427
f 1426 1666 1665
f 1664 1666 1426
f 1665 1428 1427
f 1665 1429 1428
f 1437 1429 1665
f 1437 562 1429
f 1276 1221 1667
f 1670 1669 1668
f 1439 1440 1671
f 1672 1670 1668
f 1672 1673 1670
f 1674 1673 1672
f 1674 1675 1673
f 1676 1675 1674
f 1676 1677 1675
f 1678 1677 1676
f 1678 1679 1677
f 1680 1679 1678
f 1680 1681 1679
f 1682 1681 1680
f 1682 1683 1681
f 1684 1683 1682
f 1684 1685 1683
f 1686 1685 1684
f 1686 1687 1685
f 1688 1687 1686
f 1688 1689 1687
f 1690 1689 1688
f 1690 1691 1689
f 1692 1691 1690
f 1692 1693 1691
f 1694 1693 1692
f 1694 1671 1693
f 1695 1671 1694
f 1695 1439 1671
f 1438 1439 1695
f 1669 1696 1668
f 1669 1697 1696
f 1667 1697 1669
f 1669 1276 1667
f 1669 1278 1276
f 1670 1278 1669
f 1670 1280 1278
f 1673 1280 1670
f 1673 1282 1280
f 1675 1282 1673
f 1675 1284 1282
f 1677 1284 1675
f 1677 1286 1284
f 1679 1286 1677
f 1679 1288 1286
f 1681 1288 1679
f 1681 1290 1288
f 1683 1290 1681
f 1683 1292 1290
f 1685 1292 1683
f 1685 1294 1292
f 1687 1294 1685
f 1687 1296 1294
f 1689 1296 1687
f 1689 1298 1296
f 1691 1298 1689
f 1691 1300 1298
f 1693 1300 1691
f 1693 1302 1300
f 1671 1302 1693
f 1671 1304 1302
f 1440 1304 1671
f 1698 1078 1080
f 1699 1072 1074
f 1700 1066 1068
f 1703 1702 1701
f 1703 1704 1702
f 1703 1010 1704
f 1705 1010 1703
f 1706 1703 1701
f 1706 1314 1703
f 1707 1314 1706
f 1437 556 557
f 1437 1708 556
f 1665 1708 1437
f 1708 1664 1063
f 1708 1666 1664
f 1665 1666 1708
f 1708 1066 1700
f 1708 1064 1066
f 1063 1064 1708
f 1700 1072 1699
f 1700 1070 1072
f 1068 1070 1700
f 1699 1078 1698
f 1699 1076 1078
f 1074 1076 1699
f 1090 1709 1088
f 1090 1710 1709
f 1092 1710 1090
f 1709 1086 1088
f 1709 1084 1086
f 1698 1084 1709
f 1698 1082 1084
f 1080 1082 1698
f 1056 1062 1711
f 1712 1056 1711
f 1712 1054 1056
f 1712 1095 1054
f 1710 1095 1712
f 1710 1094 1095
f 1092 1094 1710
f 1052 1051 1713
f 1711 1052 1713
f 1711 1061 1052
f 1062 1061 1711
f 1714 1042 1044
f 1714 1041 1042
f 1713 1041 1714
f 1713 1049 1041
f 1051 1049 1713
f 1035 1714 1044
f 1035 1715 1714
f 1036 1715 1035
f 1716 1030 1032
f 1716 1029 1030
f 1715 1029 1716
f 1715 1038 1029
f 1036 1038 1715
f 1023 1716 1032
f 1023 1717 1716
f 1024 1717 1023
f 1718 1018 1020
f 1718 1017 1018
f 1717 1017 1718
f 1717 1026 1017
f 1024 1026 1717
f 1006 1718 1020
f 1006 1719 1718
f 1007 1719 1006
f 1705 1012 1010
f 1705 1014 1012
f 1719 1014 1705
f 1719 1009 1014
f 1007 1009 1719
f 1720 1640 1441
f 1722 1721 1720
f 1171 1720 1441
f 1171 1722 1720
f 1172 1722 1171
f 1646 1397 1376
f 1646 1723 1397
f 1647 1723 1646
f 1647 1724 1723
f 1649 1724 1647
f 1726 1652 1725
f 1726 1651 1652
f 1651 1724 1649
f 1651 1727 1724
f 1726 1727 1651
f 1697 1728 1696
f 1697 1729 1728
f 1667 1729 1697
f 1667 1159 1729
f 1221 1159 1667
f 1314 1730 1312
f 1314 1731 1730
f 1707 1731 1314
f 1309 1732 1308
f 1309 1733 1732
f 1311 1733 1309
f 1311 1734 1733
f 1312 1734 1311
f 1312 1735 1734
f 1730 1735 1312
f 1305 1736 1116
f 1305 1737 1736
f 1306 1737 1305
f 1306 1738 1737
f 1308 1738 1306
f 1308 1739 1738
f 1732 1739 1308
f 1741 1389 1740
f 1741 1388 1389
f 1741 1742 1388
f 1741 1743 1742
f 1736 1743 1741
f 1736 1744 1743
f 1737 1744 1736
f 1720 1745 1640
f 1720 1746 1745
f 1721 1746 1720
f 1399 1175 1173
f 1168 1747 1167
f 1168 1748 1747
f 1170 1748 1168
f 1747 1750 1749
f 1747 1173 1167
f 1747 1399 1173
f 1749 1399 1747
f 1749 1400 1399
f 1401 1400 1749
f 1751 1748 1442
f 1751 1747 1748
f 1752 1747 1751
f 1752 1750 1747
f 1414 1415 1753
f 1754 1414 1753
f 1754 1418 1414
f 1653 1418 1754
f 1416 1753 1415
f 1416 1128 1753
f 1417 1128 1416
f 1417 1126 1128
f 1413 1126 1417
f 1413 1129 1126
f 1131 1129 1413
f 1413 1133 1131
f 1413 1135 1133
f 1412 1135 1413
f 1412 1136 1135
f 1138 1136 1412
f 1755 582 583
f 1755 668 582
f 1756 668 1755
f 1757 668 1756
f 1757 666 668
f 1758 666 1757
f 629 1391 1390
f 629 1759 1391
f 698 1759 629
f 698 1760 1759
f 699 1760 698
f 699 1761 1760
f 700 1761 699
f 700 1762 1761
f 701 1762 700
f 701 1758 1762
f 664 1758 701
f 664 666 1758
f 1763 1442 1444
f 1763 1751 1442
f 1764 1751 1763
f 1749 1372 1401
f 1749 1765 1372
f 1750 1765 1749
f 1750 1764 1765
f 1752 1764 1750
f 1752 1751 1764
f 1766 1351 1348
f 1766 1350 1351
f 1767 1350 1766
f 1348 1768 1766
f 1348 1222 1768
f 1158 1222 1348
f 1769 1764 1763
f 1769 1765 1764
f 1371 1765 1769
f 1371 1372 1765
f 1356 1770 1769
f 1769 1359 1356
f 1769 1358 1359
f 1641 1358 1769
f 1769 1443 1641
f 1769 1444 1443
f 1763 1444 1769
f 1767 1349 1350
f 1767 1352 1349
f 1770 1352 1767
f 1770 1354 1352
f 1356 1354 1770
f 1773 1772 1771
f 1343 1344 1774
f 1777 1776 1775
f 1777 1778 1776
f 1775 1772 1773
f 1775 1779 1772
f 1776 1779 1775
f 1771 1728 1729
f 1729 1773 1771
f 1729 1160 1773
f 1159 1160 1729
f 1343 1149 1150
f 1343 1777 1149
f 1774 1777 1343
f 1774 1778 1777
f 1777 1154 1149
f 1777 1153 1154
f 1775 1153 1777
f 1775 1163 1153
f 1773 1163 1775
f 1773 1162 1163
f 1160 1162 1773
f 558 555 554
f 558 557 555
f 559 557 558
f 554 566 558
f 554 565 566
f 552 565 554
f 552 571 565
f 547 571 552
f 547 570 571
f 548 570 547
f 548 568 570
f 548 567 568
f 550 567 548
f 550 572 567
f 551 572 550
f 551 574 572
f 542 574 551
f 542 576 574
f 533 576 542
f 533 577 576
f 534 577 533
f 536 577 534
f 536 579 577
f 537 579 536
f 537 581 579
f 537 583 581
f 539 583 537
f 1641 1640 1358
f 1446 1780 1445
f 1446 1781 1780
f 1603 1781 1446
f 1603 1782 1781
f 1604 1782 1603
f 1604 1783 1782
f 1606 1783 1604
f 1445 1784 1611
f 1445 1785 1784
f 1780 1785 1445
f 1787 1786 1618
f 1613 1787 1618
f 1613 1788 1787
f 1614 1788 1613
f 1614 1789 1788
f 1611 1789 1614
f 1611 1790 1789
f 1784 1790 1611
f 1792 1791 1616
f 1792 1618 1786
f 1792 1617 1618
f 1616 1617 1792
f 1793 1616 1791
f 1793 1452 1616
f 1794 1452 1793
f 1794 1451 1452
f 1795 1451 1794
f 1795 1449 1451
f 1796 1449 1795
f 1796 1448 1449
f 1797 1448 1796
f 1797 1518 1448
f 1798 1518 1797
f 1798 1521 1518
f 1799 1521 1798
f 1799 1520 1521
f 1800 1520 1799
f 1800 1525 1520
f 1801 1525 1800
f 1801 1524 1525
f 1802 1524 1801
f 1804 1803 1537
f 1802 1529 1524
f 1802 1528 1529
f 1805 1528 1802
f 1805 1533 1528
f 1804 1533 1805
f 1804 1532 1533
f 1537 1532 1804
f 1806 1537 1803
f 1806 1536 1537
f 1807 1536 1806
f 1807 1541 1536
f 1808 1541 1807
f 1808 1540 1541
f 1809 1540 1808
f 1809 1545 1540
f 1810 1545 1809
f 1810 1544 1545
f 1811 1544 1810
f 1811 1549 1544
f 1812 1549 1811
f 1812 1548 1549
f 1813 1548 1812
f 1813 1553 1548
f 1814 1553 1813
f 1814 1552 1553
f 1815 1552 1814
f 1815 1557 1552
f 1816 1557 1815
f 1816 1556 1557
f 1561 1556 1816
f 1606 1817 1783
f 1606 1818 1817
f 1600 1818 1606
f 1600 1819 1818
f 1601 1819 1600
f 1601 1820 1819
f 1596 1820 1601
f 1596 1821 1820
f 1597 1821 1596
f 1597 1822 1821
f 1592 1822 1597
f 1592 1823 1822
f 1593 1823 1592
f 1593 1824 1823
f 1588 1824 1593
f 1588 1825 1824
f 1589 1825 1588
f 1589 1826 1825
f 1586 1826 1589
f 1586 1827 1826
f 1579 1827 1586
f 1579 1828 1827
f 1580 1828 1579
f 1580 1829 1828
f 1582 1829 1580
f 1582 1830 1829
f 1576 1830 1582
f 1576 1831 1830
f 1577 1831 1576
f 1577 1832 1831
f 1572 1832 1577
f 1572 1833 1832
f 1573 1833 1572
f 1573 1834 1833
f 1568 1834 1573
f 1568 1835 1834
f 1569 1835 1568
f 1569 1836 1835
f 1564 1836 1569
f 1564 1837 1836
f 1565 1837 1564
f 1565 1838 1837
f 1560 1838 1565
f 1560 1839 1838
f 1561 1839 1560
f 1561 1840 1839
f 1816 1840 1561
f 1842 1193 1841
f 1842 1192 1193
f 1726 1725 1843
f 1193 1843 1841
f 1193 1726 1843
f 1191 1726 1193
f 1188 1398 1844
f 1191 1727 1726
f 1191 1844 1727
f 1190 1844 1191
f 1190 1188 1844
f 1723 1398 1397
f 1723 1844 1398
f 1724 1844 1723
f 1724 1727 1844
f 1847 1846 1845
f 1849 1848 1140
f 1403 1140 1138
f 1403 1849 1140
f 1404 1849 1403
f 1850 1195 1192
f 1842 1850 1192
f 1842 1851 1850
f 1841 1851 1842
f 1841 1847 1851
f 1843 1847 1841
f 1843 1846 1847
f 1725 1846 1843
f 1346 1852 1347
f 1346 1209 1852
f 1652 1846 1725
f 1652 1643 1846
f 1144 1848 1853
f 1144 1140 1848
f 1643 1845 1846
f 1643 1644 1845
f 1854 1770 1767
f 1384 1371 1769
f 1855 1384 1769
f 1855 1383 1384
f 1856 1383 1855
f 1856 1380 1383
f 1857 1380 1856
f 1857 1387 1380
f 1858 1387 1857
f 1858 1386 1387
f 1859 1386 1858
f 1859 1385 1386
f 1860 1385 1859
f 1860 1381 1385
f 1861 1381 1860
f 1861 1365 1381
f 1862 1365 1861
f 1862 1378 1365
f 1863 1378 1862
f 1863 1379 1378
f 1864 1379 1863
f 1864 1382 1379
f 1865 1382 1864
f 1865 1375 1382
f 1866 1375 1865
f 1866 1374 1375
f 1867 1374 1866
f 1867 1373 1374
f 1868 1373 1867
f 1648 1377 1373
f 1868 1648 1373
f 1868 1650 1648
f 1642 1650 1868
f 1868 1869 1642
f 1868 1870 1869
f 1867 1870 1868
f 1867 1871 1870
f 1866 1871 1867
f 1866 1872 1871
f 1865 1872 1866
f 1865 1873 1872
f 1864 1873 1865
f 1864 1874 1873
f 1863 1874 1864
f 1863 1875 1874
f 1862 1875 1863
f 1862 1876 1875
f 1861 1876 1862
f 1861 1877 1876
f 1860 1877 1861
f 1860 1878 1877
f 1859 1878 1860
f 1859 1879 1878
f 1858 1879 1859
f 1858 1880 1879
f 1857 1880 1858
f 1857 1881 1880
f 1856 1881 1857
f 1856 1854 1881
f 1855 1854 1856
f 1855 1770 1854
f 1769 1770 1855
f 1882 1766 1768
f 1882 1767 1766
f 1882 1854 1767
f 1882 1881 1854
f 1883 1881 1882
f 1883 1880 1881
f 1884 1880 1883
f 1884 1879 1880
f 1885 1879 1884
f 1885 1878 1879
f 1886 1878 1885
f 1886 1877 1878
f 1887 1877 1886
f 1887 1876 1877
f 1888 1876 1887
f 1888 1875 1876
f 1889 1875 1888
f 1889 1874 1875
f 1890 1874 1889
f 1890 1873 1874
f 1891 1873 1890
f 1891 1872 1873
f 1892 1872 1891
f 1892 1871 1872
f 1893 1871 1892
f 1893 1870 1871
f 1894 1870 1893
f 1894 1869 1870
f 1895 1869 1894
f 1768 1222 1275
f 1869 1645 1642
f 1869 1658 1645
f 1895 1658 1869
f 1895 1657 1658
f 1655 1657 1895
f 1275 1882 1768
f 1275 1883 1882
f 1277 1883 1275
f 1277 1884 1883
f 1279 1884 1277
f 1279 1885 1884
f 1281 1885 1279
f 1281 1886 1885
f 1283 1886 1281
f 1283 1887 1886
f 1285 1887 1283
f 1285 1888 1887
f 1287 1888 1285
f 1287 1889 1888
f 1289 1889 1287
f 1289 1890 1889
f 1291 1890 1289
f 1291 1891 1890
f 1293 1891 1291
f 1293 1892 1891
f 1295 1892 1293
f 1295 1893 1892
f 1297 1893 1295
f 1297 1894 1893
f 1299 1894 1297
f 1299 1895 1894
f 1301 1895 1299
f 1301 1655 1895
f 1303 1655 1301
f 1898 1897 1896
f 1898 1899 1897
f 1740 1899 1898
f 1740 1900 1899
f 1389 1900 1740
f 1903 1902 1901
f 1903 1904 1902
f 1898 1904 1903
f 1898 1905 1904
f 1896 1905 1898
f 1906 540 538
f 1903 1906 538
f 1903 1907 1906
f 1901 1907 1903
f 1203 1909 1908
f 1203 1910 1909
f 1204 1910 1203
f 1204 1911 1910
f 1200 1911 1204
f 1200 1912 1911
f 1197 1912 1200
f 1197 1853 1912
f 1144 1853 1197
f 1913 1203 1908
f 1913 1202 1203
f 1914 1202 1913
f 1914 1201 1202
f 1915 1201 1914
f 1915 1205 1201
f 1916 1205 1915
f 1916 1208 1205
f 1917 1208 1916
f 1917 1207 1208
f 1918 1207 1917
f 1919 1207 1918
f 1919 1209 1207
f 1852 1209 1919
f 1746 1362 1357
f 1357 1745 1746
f 1357 1640 1745
f 1358 1640 1357
f 1361 1172 1216
f 1361 1722 1172
f 1362 1722 1361
f 1362 1721 1722
f 1746 1721 1362
f 1850 1120 1195
f 1850 1920 1120
f 1851 1920 1850
f 1851 1921 1920
f 1847 1921 1851
f 1847 1922 1921
f 1845 1922 1847
f 1845 1644 1922
f 1921 1923 1920
f 1921 1922 1923
f 1661 1922 1644
f 1661 1923 1922
f 1119 1923 1661
f 1119 1920 1923
f 1120 1920 1119
f 1661 1123 1119
f 1661 1122 1123
f 1662 1122 1661
f 1662 1127 1122
f 1663 1127 1662
f 1663 1128 1127
f 1659 1128 1663
f 1654 1653 1754
f 1754 1656 1654
f 1754 1660 1656
f 1753 1660 1754
f 1753 1659 1660
f 1128 1659 1753
f 1418 1303 1304
f 1418 1653 1303
f 1853 1848 1924
f 1925 1853 1924
f 1925 1912 1853
f 1925 1911 1912
f 1926 1911 1925
f 1909 1913 1908
f 1909 1926 1913
f 1910 1926 1909
f 1910 1911 1926
f 1927 1919 1918
f 1927 1852 1919
f 1347 1852 1927
f 1917 1927 1918
f 1917 1928 1927
f 1916 1928 1917
f 1915 1928 1916
f 1915 1913 1928
f 1914 1913 1915
f 532 1736 1741
f 1741 535 532
f 1741 538 535
f 1740 538 1741
f 1740 1903 538
f 1898 1903 1740
f 1931 1930 1929
f 1934 1933 1932
f 1936 1224 1935
f 1938 1937 1935
f 1938 1939 1937
f 1939 1941 1940
f 1939 1942 1941
f 1938 1942 1939
f 1940 1944 1943
f 1940 1945 1944
f 1941 1945 1940
f 1943 1947 1946
f 1943 1948 1947
f 1944 1948 1943
f 1951 1950 1949
f 1951 1952 1950
f 1946 1952 1951
f 1946 1953 1952
f 1947 1953 1946
f 1949 1955 1954
f 1949 1956 1955
f 1950 1956 1949
f 1959 1958 1957
f 1949 1961 1960
f 1949 1962 1961
f 1954 1962 1949
f 1957 1963 1959
f 1957 1964 1963
f 1965 1964 1957
f 1957 1966 1965
f 1957 1967 1966
f 1949 1967 1957
f 1949 1968 1967
f 1960 1968 1949
f 1969 1957 1958
f 1969 1970 1957
f 1971 1970 1969
f 1972 1933 1934
f 1972 1973 1933
f 1972 1974 1973
f 1970 1974 1972
f 1970 1975 1974
f 1971 1975 1970
f 1976 1934 1932
f 1976 1977 1934
f 1978 1977 1976
f 1978 1979 1977
f 1980 1979 1978
f 1980 1931 1979
f 1981 1931 1980
f 1982 1931 1981
f 1982 1930 1931
f 1229 1930 1982
f 1929 1984 1983
f 1983 1931 1929
f 1983 1979 1931
f 1985 1979 1983
f 1985 1977 1979
f 1986 1977 1985
f 1986 1934 1977
f 1987 1934 1986
f 1987 1972 1934
f 1988 1972 1987
f 1988 1970 1972
f 1989 1970 1988
f 1989 1957 1970
f 1990 1957 1989
f 1990 1949 1957
f 1991 1949 1990
f 1991 1951 1949
f 1992 1951 1991
f 1992 1946 1951
f 1993 1946 1992
f 1993 1943 1946
f 1994 1943 1993
f 1994 1940 1943
f 1995 1940 1994
f 1995 1939 1940
f 1996 1939 1995
f 1996 1937 1939
f 1997 1937 1996
f 2000 1999 1998
f 2000 2001 1999
f 1937 1936 1935
f 1937 2002 1936
f 1997 2002 1937
f 1997 2003 2002
f 2004 2003 1997
f 1997 2005 2004
f 1997 2006 2005
f 1996 2006 1997
f 1996 2007 2006
f 1995 2007 1996
f 1995 2008 2007
f 1994 2008 1995
f 1994 2009 2008
f 1993 2009 1994
f 1993 2010 2009
f 1992 2010 1993
f 1992 2011 2010
f 1991 2011 1992
f 1991 2012 2011
f 1990 2012 1991
f 1990 2013 2012
f 1989 2013 1990
f 1989 2014 2013
f 1988 2014 1989
f 1988 2015 2014
f 1987 2015 1988
f 1987 2016 2015
f 1986 2016 1987
f 1986 2017 2016
f 1985 2017 1986
f 1985 2000 2017
f 1983 2000 1985
f 1983 2001 2000
f 1984 2001 1983
f 2020 2019 2018
f 2020 1998 2019
f 2020 2000 1998
f 2020 2017 2000
f 2021 2017 2020
f 2021 2016 2017
f 2022 2016 2021
f 2022 2015 2016
f 2023 2015 2022
f 2023 2014 2015
f 2024 2014 2023
f 2024 2013 2014
f 2025 2013 2024
f 2025 2012 2013
f 2026 2012 2025
f 2026 2011 2012
f 2027 2011 2026
f 2027 2010 2011
f 2028 2010 2027
f 2028 2009 2010
f 2029 2009 2028
f 2029 2008 2009
f 2030 2008 2029
f 2030 2007 2008
f 2031 2007 2030
f 2031 2006 2007
f 2032 2006 2031
f 2032 2005 2006
f 2033 2005 2032
f 2035 2034 1438
f 2035 2018 2034
f 2005 2036 2004
f 2005 2037 2036
f 2033 2037 2005
f 2033 2038 2037
f 2039 2038 2033
f 2035 2020 2018
f 2035 2021 2020
f 2040 2021 2035
f 2040 2022 2021
f 2041 2022 2040
f 2041 2023 2022
f 2042 2023 2041
f 2042 2024 2023
f 2043 2024 2042
f 2043 2025 2024
f 2044 2025 2043
f 2044 2026 2025
f 2045 2026 2044
f 2045 2027 2026
f 2046 2027 2045
f 2046 2028 2027
f 2047 2028 2046
f 2047 2029 2028
f 2048 2029 2047
f 2048 2030 2029
f 2049 2030 2048
f 2049 2031 2030
f 2050 2031 2049
f 2050 2032 2031
f 2051 2032 2050
f 2051 2033 2032
f 2052 2033 2051
f 2052 2039 2033
f 2053 2039 2052
f 1695 2035 1438
f 1695 2040 2035
f 1694 2040 1695
f 1694 2041 2040
f 1692 2041 1694
f 1692 2042 2041
f 1690 2042 1692
f 1690 2043 2042
f 1688 2043 1690
f 1688 2044 2043
f 1686 2044 1688
f 1686 2045 2044
f 1684 2045 1686
f 1684 2046 2045
f 1682 2046 1684
f 1682 2047 2046
f 1680 2047 1682
f 1680 2048 2047
f 1678 2048 1680
f 1678 2049 2048
f 1676 2049 1678
f 1676 2050 2049
f 1674 2050 1676
f 1674 2051 2050
f 1672 2051 1674
f 1672 2052 2051
f 1668 2052 1672
f 1668 2053 2052
f 1696 2053 1668
f 1900 1389 1391
f 1760 1897 1899
f 1755 540 1906
f 1906 1756 1755
f 1906 1757 1756
f 1907 1757 1906
f 1907 1758 1757
f 1901 1758 1907
f 1902 1758 1901
f 1902 1762 1758
f 1904 1762 1902
f 1904 1761 1762
f 1905 1761 1904
f 1761 1897 1760
f 1761 1896 1897
f 1905 1896 1761
f 1900 1760 1899
f 1900 1759 1760
f 1391 1759 1900
f 2054 1223 1224
f 1936 2054 1224
f 1728 2055 1696
f 1728 2056 2055
f 1771 2056 1728
f 1771 2057 2056
f 1772 2057 1771
f 2057 1776 1778
f 2057 1779 1776
f 1772 1779 2057
f 1774 2057 1778
f 1774 2058 2057
f 1344 2058 1774
f 1344 2059 2058
f 1345 2059 1344
f 1345 1927 2059
f 1347 1927 1345
f 2055 2053 1696
f 2055 2039 2053
f 2060 2039 2055
f 2060 2038 2039
f 2061 2038 2060
f 2061 2037 2038
f 2062 2037 2061
f 2062 2036 2037
f 2063 2036 2062
f 2063 2004 2036
f 2064 2004 2063
f 2064 2003 2004
f 2065 2003 2064
f 2065 2002 2003
f 2066 2002 2065
f 2066 1936 2002
f 2067 1936 2066
f 2067 2054 1936
f 1236 2069 2068
f 1266 2071 2070
f 1263 2073 2072
f 2075 2074 1263
f 1269 2077 2076
f 1269 2078 2077
f 1272 2078 1269
f 1263 2079 2073
f 1263 2080 2079
f 2074 2080 1263
f 1248 2082 2081
f 1248 2083 2082
f 2084 2083 1248
f 1266 2085 2071
f 1266 2086 2085
f 2087 2086 1266
f 1257 2089 2088
f 1245 2091 2090
f 1263 2092 2075
f 1263 2093 2092
f 1266 2093 1263
f 1266 2094 2093
f 2070 2094 1266
f 1260 2096 2095
f 1260 2097 2096
f 2098 2097 1260
f 1260 2099 2098
f 1260 2100 2099
f 1263 2100 1260
f 1263 2101 2100
f 2072 2101 1263
f 1257 2103 2102
f 1257 2104 2103
f 2088 2104 1257
f 1239 2106 2105
f 1239 2107 2106
f 1238 2109 2108
f 1266 2110 2087
f 1266 2111 2110
f 1269 2111 1266
f 1269 2112 2111
f 2076 2112 1269
f 2114 2113 1251
f 1242 2116 2115
f 1242 2117 2116
f 2118 2117 1242
f 1239 2119 2107
f 1239 2120 2119
f 2121 2120 1239
f 1257 2122 2089
f 1257 2123 2122
f 1260 2123 1257
f 1260 2124 2123
f 2095 2124 1260
f 1251 2125 2114
f 1251 2126 2125
f 2127 2126 1251
f 1248 2128 2084
f 1248 2129 2128
f 1251 2129 1248
f 1251 2130 2129
f 2113 2130 1251
f 1245 2131 2091
f 1245 2132 2131
f 1248 2132 1245
f 1248 2133 2132
f 2081 2133 1248
f 1242 2134 2118
f 1242 2135 2134
f 1245 2135 1242
f 1245 2136 2135
f 2137 2136 1245
f 1245 2138 2137
f 1245 2139 2138
f 2090 2139 1245
f 1239 2140 2121
f 1239 2141 2140
f 1242 2141 1239
f 1242 2142 2141
f 2115 2142 1242
f 1238 2143 2109
f 1238 2144 2143
f 2145 2144 1238
f 1236 2146 1234
f 1236 2147 2146
f 2068 2147 1236
f 1254 2149 2148
f 1254 2150 2149
f 2151 2150 1254
f 1254 2152 2151
f 1254 2153 2152
f 1257 2153 1254
f 1257 2154 2153
f 2102 2154 1257
f 1251 2155 2127
f 1251 2156 2155
f 1254 2156 1251
f 1254 2157 2156
f 2148 2157 1254
f 1238 2158 2145
f 1238 2159 2158
f 1239 2159 1238
f 1239 2160 2159
f 2105 2160 1239
f 1236 2161 2069
f 1236 2162 2161
f 1238 2162 1236
f 1238 2163 2162
f 2108 2163 1238
f 1748 1441 1442
f 1748 1171 1441
f 1170 1171 1748
f 2164 1806 1803
f 2167 2166 2165
f 2170 2169 2168
f 2173 2172 2171
f 2176 2175 2174
f 2179 2178 2177
f 2180 2135 2136
f 2181 2099 2100
f 2182 2102 2103
f 2183 1272 1227
f 2186 2185 2184
f 2187 2061 2060
f 2188 2056 2057
f 2191 2190 2189
f 1927 1928 2192
f 2193 1793 1791
f 2196 2195 2194
f 2196 2197 2195
f 2197 2198 1797
f 2197 2199 2198
f 2196 2199 2197
f 2201 2200 2196
f 2194 2201 2196
f 2194 1794 2201
f 2195 1794 2194
f 2195 1795 1794
f 2197 1795 2195
f 2197 1796 1795
f 1797 1796 2197
f 2198 1798 1797
f 2198 1799 1798
f 2202 1799 2198
f 1802 2203 1805
f 1802 2204 2203
f 1801 2204 1802
f 1801 2202 2204
f 1800 2202 1801
f 1800 1799 2202
f 1786 1787 2205
f 1786 2206 1792
f 1786 2207 2206
f 2205 2207 1786
f 2208 1788 1789
f 1780 2210 2209
f 2209 1785 1780
f 2209 1784 1785
f 2211 1784 2209
f 2211 1790 1784
f 2212 1790 2211
f 1788 2205 1787
f 1788 2213 2205
f 2208 2213 1788
f 2216 2215 2214
f 2216 2217 2215
f 2218 2217 2216
f 2218 2219 2217
f 2220 2219 2218
f 2220 2221 2219
f 2222 2221 2220
f 2225 2224 2223
f 2225 1817 2224
f 1783 1817 2225
f 2228 2227 2226
f 2228 2229 2227
f 2230 2229 2228
f 2230 2231 2229
f 2232 2231 2230
f 2232 2233 2231
f 2234 2233 2232
f 2234 2235 2233
f 2236 2235 2234
f 2236 2237 2235
f 2238 2237 2236
f 2238 2239 2237
f 2210 2239 2238
f 2210 2240 2239
f 1780 2240 2210
f 1780 2241 2240
f 1781 2241 1780
f 2212 1789 1790
f 2212 2208 1789
f 2242 2208 2212
f 2242 2213 2208
f 2243 2213 2242
f 2243 2205 2213
f 2244 2205 2243
f 2244 2207 2205
f 2245 2207 2244
f 2245 2206 2207
f 2193 2206 2245
f 2193 1792 2206
f 1791 1792 2193
f 2248 2247 2246
f 2248 2249 2247
f 2226 2249 2248
f 2226 2250 2249
f 2227 2250 2226
f 2249 2251 2247
f 2249 2252 2251
f 2250 2252 2249
f 2250 2253 2252
f 2227 2253 2250
f 2227 2254 2253
f 2229 2254 2227
f 2229 2222 2254
f 2231 2222 2229
f 2231 2221 2222
f 2233 2221 2231
f 2233 2219 2221
f 2235 2219 2233
f 2235 2217 2219
f 2237 2217 2235
f 2237 2215 2217
f 2239 2215 2237
f 2239 2214 2215
f 2240 2214 2239
f 2240 2255 2214
f 2241 2255 2240
f 2241 1782 2255
f 1781 1782 2241
f 2258 2257 2256
f 2258 2259 2257
f 2262 2261 2260
f 2262 2263 2261
f 2264 2263 2262
f 2264 2265 2263
f 2268 2267 2266
f 2268 2269 2267
f 2272 2271 2270
f 2272 2266 2271
f 2275 2274 2273
f 2275 2276 2274
f 2277 2276 2275
f 2277 2278 2276
f 2279 2278 2277
f 2279 2280 2278
f 2281 2280 2279
f 2281 2282 2280
f 2269 2282 2281
f 2269 2283 2282
f 2268 2283 2269
f 2274 2284 2273
f 2274 2285 2284
f 2276 2285 2274
f 2276 2286 2285
f 2278 2286 2276
f 2278 2287 2286
f 2280 2287 2278
f 2280 2288 2287
f 2282 2288 2280
f 2282 2289 2288
f 2283 2289 2282
f 2283 2290 2289
f 2268 2290 2283
f 2268 2291 2290
f 2266 2291 2268
f 2266 2292 2291
f 2272 2292 2266
f 2270 2294 2293
f 2295 2293 2294
f 2295 2296 2293
f 2297 2296 2295
f 2297 2298 2296
f 2299 2298 2297
f 2302 2301 2300
f 2300 1831 1832
f 2300 2303 2302
f 2300 2304 2303
f 2305 2304 2300
f 2301 1831 2300
f 2301 1830 1831
f 2306 1830 2301
f 2306 1829 1830
f 2307 1829 2306
f 2307 1828 1829
f 2308 1828 2307
f 2308 1827 1828
f 2309 1827 2308
f 2285 2310 2284
f 2285 2311 2310
f 2286 2311 2285
f 2286 2312 2311
f 2287 2312 2286
f 2287 2313 2312
f 2288 2313 2287
f 2288 2314 2313
f 2289 2314 2288
f 2289 2315 2314
f 2290 2315 2289
f 2290 2316 2315
f 2291 2316 2290
f 2291 2305 2316
f 2292 2305 2291
f 2292 2304 2305
f 2272 2304 2292
f 2272 2303 2304
f 2270 2303 2272
f 2270 2302 2303
f 2293 2302 2270
f 2293 2301 2302
f 2296 2301 2293
f 2296 2306 2301
f 2298 2306 2296
f 2298 2307 2306
f 2299 2307 2298
f 2299 2308 2307
f 2317 2308 2299
f 2317 2309 2308
f 2318 2309 2317
f 2318 2319 2309
f 2320 2319 2318
f 2320 2321 2319
f 2322 2321 2320
f 2322 2323 2321
f 2324 2323 2322
f 2324 2325 2323
f 2326 2325 2324
f 2326 2327 2325
f 2328 2327 2326
f 2328 2329 2327
f 2224 2329 2328
f 2224 1818 2329
f 1817 1818 2224
f 1815 2330 1816
f 1815 2331 2330
f 2333 2331 2332
f 2333 2330 2331
f 2334 2330 2333
f 2334 1816 2330
f 1840 1816 2334
f 2335 1811 1810
f 2336 1809 1808
f 2331 1813 1812
f 2331 1814 1813
f 1815 1814 2331
f 1833 2300 1832
f 1833 2305 2300
f 1834 2305 1833
f 1834 2316 2305
f 1835 2316 1834
f 1835 2315 2316
f 1836 2315 1835
f 1836 2314 2315
f 1837 2314 1836
f 1837 2313 2314
f 1838 2313 1837
f 1838 2312 2313
f 1839 2312 1838
f 1839 2311 2312
f 1840 2311 1839
f 2339 2338 2337
f 2339 2340 2338
f 2191 2340 2339
f 2057 2058 2337
f 2342 2188 2341
f 2343 2060 2055
f 2188 2055 2056
f 2188 2344 2055
f 2342 2344 2188
f 2346 2063 2345
f 2346 2064 2063
f 2347 2064 2346
f 2348 2346 2345
f 2348 2347 2346
f 2349 2347 2348
f 2351 2350 2340
f 2351 2352 2350
f 2354 2353 2341
f 2354 2355 2353
f 2356 2355 2354
f 2356 2357 2355
f 2358 2357 2356
f 2360 2246 2359
f 2360 2358 2246
f 2361 2358 2360
f 2361 2357 2358
f 2353 2342 2341
f 2353 2362 2342
f 2355 2362 2353
f 2355 2363 2362
f 2357 2363 2355
f 2357 2364 2363
f 2361 2364 2357
f 2342 2365 2344
f 2342 2366 2365
f 2362 2366 2342
f 2362 2367 2366
f 2363 2367 2362
f 2363 2368 2367
f 2364 2368 2363
f 2364 2369 2368
f 2361 2369 2364
f 2361 2370 2369
f 2360 2370 2361
f 2360 2371 2370
f 2359 2371 2360
f 2374 2373 2372
f 2374 2187 2373
f 2375 2187 2374
f 2375 2061 2187
f 2062 2061 2375
f 2376 2184 2185
f 2343 2187 2060
f 2343 2373 2187
f 2377 2373 2343
f 2377 2372 2373
f 2378 2372 2377
f 2378 2379 2372
f 2380 2379 2378
f 2380 2381 2379
f 2382 2381 2380
f 2382 2383 2381
f 2384 2383 2382
f 2384 2385 2383
f 2386 2385 2384
f 2386 2260 2385
f 2387 2260 2386
f 2387 2262 2260
f 2388 2262 2387
f 2388 2264 2262
f 2259 2264 2388
f 2259 2265 2264
f 2258 2265 2259
f 2186 2063 2062
f 2186 2345 2063
f 2184 2345 2186
f 2184 2348 2345
f 2376 2348 2184
f 2376 2389 2348
f 2390 2389 2376
f 2390 2391 2389
f 2392 2391 2390
f 2392 2393 2391
f 2394 2393 2392
f 2394 2395 2393
f 2396 2395 2394
f 2396 2397 2395
f 2398 2397 2396
f 2398 2399 2397
f 2375 2186 2062
f 2375 2185 2186
f 2374 2185 2375
f 2374 2376 2185
f 2372 2376 2374
f 2372 2390 2376
f 2379 2390 2372
f 2379 2392 2390
f 2381 2392 2379
f 2381 2394 2392
f 2383 2394 2381
f 2383 2396 2394
f 2385 2396 2383
f 2385 2398 2396
f 2260 2398 2385
f 2260 2399 2398
f 2261 2399 2260
f 2402 2401 2400
f 2402 2403 2401
f 2349 2403 2402
f 2349 2404 2403
f 2348 2404 2349
f 2348 2405 2404
f 2389 2405 2348
f 2344 2343 2055
f 2344 2377 2343
f 2365 2377 2344
f 2365 2378 2377
f 2366 2378 2365
f 2366 2380 2378
f 2367 2380 2366
f 2367 2382 2380
f 2368 2382 2367
f 2368 2384 2382
f 2369 2384 2368
f 2369 2386 2384
f 2370 2386 2369
f 2370 2387 2386
f 2371 2387 2370
f 2371 2388 2387
f 2359 2388 2371
f 2359 2259 2388
f 2246 2259 2359
f 2246 2257 2259
f 2247 2257 2246
f 2247 2256 2257
f 2251 2256 2247
f 2406 2066 2065
f 2406 2067 2066
f 2407 2067 2406
f 2407 2054 2067
f 1223 2054 2407
f 1223 2400 1225
f 1223 2402 2400
f 2407 2402 1223
f 2407 2349 2402
f 2406 2349 2407
f 2406 2347 2349
f 2065 2347 2406
f 2065 2064 2347
f 2183 2078 1272
f 2183 2077 2078
f 2408 2077 2183
f 2408 2076 2077
f 2408 2112 2076
f 2111 2112 2408
f 2409 2087 2110
f 2409 2086 2087
f 2085 2086 2409
f 2410 2093 2094
f 2070 2071 2411
f 2410 2092 2093
f 2410 2075 2092
f 2074 2075 2410
f 2335 1812 1811
f 2335 2331 1812
f 2412 2331 2335
f 2412 2332 2331
f 2410 2332 2412
f 2410 2411 2332
f 2094 2411 2410
f 2094 2070 2411
f 2284 2183 2273
f 2284 2408 2183
f 2409 2408 2284
f 2409 2111 2408
f 2110 2111 2409
f 2334 2311 1840
f 2334 2310 2311
f 2333 2310 2334
f 2333 2284 2310
f 2332 2284 2333
f 2332 2409 2284
f 2411 2409 2332
f 2411 2085 2409
f 2071 2085 2411
f 2181 2098 2099
f 2181 2097 2098
f 2096 2097 2181
f 2181 2095 2096
f 2181 2413 2095
f 2336 2413 2181
f 2336 2414 2413
f 1808 2414 2336
f 1808 1807 2414
f 2182 2154 2102
f 2182 2153 2154
f 2152 2153 2182
f 2415 2150 2151
f 2415 2149 2150
f 2148 2149 2415
f 2413 2124 2095
f 2413 2123 2124
f 2122 2123 2413
f 2413 2089 2122
f 2413 2088 2089
f 2104 2088 2413
f 2413 2103 2104
f 2413 2182 2103
f 2414 2182 2413
f 2414 2164 2182
f 1807 2164 2414
f 1807 1806 2164
f 2412 2101 2072
f 2410 2080 2074
f 2410 2079 2080
f 2412 2079 2410
f 2412 2073 2079
f 2072 2073 2412
f 2412 2100 2101
f 2412 2181 2100
f 2335 2181 2412
f 2335 2336 2181
f 1810 2336 2335
f 1810 1809 2336
f 2400 1227 1225
f 2400 2183 1227
f 2401 2183 2400
f 2401 2273 2183
f 2403 2273 2401
f 2403 2275 2273
f 2404 2275 2403
f 2404 2277 2275
f 2405 2277 2404
f 2405 2279 2277
f 2389 2279 2405
f 2389 2281 2279
f 2391 2281 2389
f 2391 2269 2281
f 2393 2269 2391
f 2393 2267 2269
f 2395 2267 2393
f 2395 2266 2267
f 2397 2266 2395
f 2397 2271 2266
f 2399 2271 2397
f 2399 2270 2271
f 2261 2270 2399
f 2261 2294 2270
f 2263 2294 2261
f 2263 2295 2294
f 2265 2295 2263
f 2265 2297 2295
f 2258 2297 2265
f 2258 2299 2297
f 2256 2299 2258
f 2256 2317 2299
f 2251 2317 2256
f 2251 2318 2317
f 2252 2318 2251
f 2252 2320 2318
f 2253 2320 2252
f 2253 2322 2320
f 2254 2322 2253
f 2254 2324 2322
f 2222 2324 2254
f 2222 2326 2324
f 2220 2326 2222
f 2220 2328 2326
f 2218 2328 2220
f 2218 2224 2328
f 2216 2224 2218
f 2216 2223 2224
f 2214 2223 2216
f 2214 2225 2223
f 2255 2225 2214
f 2255 1783 2225
f 1782 1783 2255
f 2130 2416 2129
f 2130 2417 2416
f 2113 2417 2130
f 2113 2114 2417
f 2418 2139 2090
f 2418 2138 2139
f 2180 2138 2418
f 2180 2137 2138
f 2136 2137 2180
f 2416 2128 2129
f 2416 2084 2128
f 2083 2084 2416
f 2416 2082 2083
f 2416 2081 2082
f 2418 2081 2416
f 2418 2133 2081
f 2132 2133 2418
f 2418 2131 2132
f 2418 2091 2131
f 2090 2091 2418
f 2419 2107 2119
f 2420 2140 2141
f 2420 2121 2140
f 2419 2121 2420
f 2419 2120 2121
f 2119 2120 2419
f 2143 2144 2421
f 2421 2109 2143
f 2421 2108 2109
f 2422 2108 2421
f 2422 2163 2108
f 2162 2163 2422
f 2422 2161 2162
f 2422 2069 2161
f 2068 2069 2422
f 2146 2423 1234
f 2146 2422 2423
f 2147 2422 2146
f 2147 2068 2422
f 2419 2106 2107
f 2419 2105 2106
f 2160 2105 2419
f 2158 2424 2145
f 2158 2419 2424
f 2159 2419 2158
f 2159 2160 2419
f 2180 2134 2135
f 2180 2118 2134
f 2420 2118 2180
f 2420 2117 2118
f 2116 2117 2420
f 2420 2115 2116
f 2420 2142 2115
f 2141 2142 2420
f 2423 1232 1234
f 2423 1231 1232
f 2425 1231 2423
f 2176 2427 2426
f 2176 2428 2427
f 2176 2429 2175
f 2176 2430 2429
f 2426 2430 2176
f 2425 1230 1231
f 2425 2431 1230
f 2429 2431 2425
f 2429 2432 2431
f 2430 2432 2429
f 2430 2433 2432
f 2426 2433 2430
f 2436 2435 2434
f 2437 2435 2436
f 2440 2439 2438
f 2440 1924 2439
f 2441 1924 2440
f 2441 1925 1924
f 2442 1925 2441
f 2442 1926 1925
f 2443 1926 2442
f 2443 1913 1926
f 1928 1913 2443
f 2437 2179 2177
f 2437 2444 2179
f 2436 2444 2437
f 2436 2445 2444
f 2434 2445 2436
f 2434 2446 2445
f 2447 2446 2434
f 2175 2448 2174
f 2175 2449 2448
f 2429 2449 2175
f 2429 2450 2449
f 2425 2450 2429
f 2425 2451 2450
f 2423 2451 2425
f 2454 2453 2452
f 2457 2456 2455
f 2457 2458 2456
f 2459 2458 2457
f 2460 2169 2170
f 2460 2461 2169
f 2462 2461 2460
f 2462 2463 2461
f 2464 2463 2462
f 2467 2466 2465
f 2467 2468 2466
f 2469 2468 2467
f 2443 2192 1928
f 2443 2469 2192
f 2442 2469 2443
f 2442 2468 2469
f 2441 2468 2442
f 2441 2466 2468
f 2440 2466 2441
f 2423 2470 2451
f 2423 2471 2470
f 2422 2471 2423
f 2422 2424 2471
f 2421 2424 2422
f 2421 2145 2424
f 2144 2145 2421
f 2457 2472 2459
f 2457 2452 2472
f 2455 2452 2457
f 2455 2454 2452
f 2473 2172 2173
f 2473 2472 2172
f 2474 2472 2473
f 2474 2459 2472
f 2475 2459 2474
f 2475 2458 2459
f 2434 2458 2475
f 2478 2477 2476
f 2478 2479 2477
f 2480 2479 2478
f 2480 2481 2479
f 2482 2481 2480
f 2482 2483 2481
f 2200 2483 2482
f 2486 2485 2484
f 2486 2487 2485
f 2488 2487 2486
f 2488 2489 2487
f 2489 2452 2453
f 2489 2472 2452
f 2488 2472 2489
f 2488 2172 2472
f 2486 2172 2488
f 2486 2171 2172
f 2484 2171 2486
f 2435 2458 2434
f 2435 2456 2458
f 2437 2456 2435
f 2437 2455 2456
f 2177 2455 2437
f 2177 2454 2455
f 2490 2454 2177
f 2490 2453 2454
f 2491 2453 2490
f 2491 2489 2453
f 2492 2489 2491
f 2492 2487 2489
f 2476 2487 2492
f 2476 2485 2487
f 2477 2485 2476
f 2434 2464 2447
f 2434 2463 2464
f 2475 2463 2434
f 2475 2461 2463
f 2474 2461 2475
f 2474 2169 2461
f 2473 2169 2474
f 2473 2168 2169
f 2173 2168 2473
f 2464 2438 2447
f 2464 2440 2438
f 2462 2440 2464
f 2462 2466 2440
f 2460 2466 2462
f 2460 2465 2466
f 2170 2465 2460
f 2170 2493 2465
f 2168 2493 2170
f 2168 2494 2493
f 2173 2494 2168
f 2173 2495 2494
f 2171 2495 2173
f 2171 2496 2495
f 2484 2496 2171
f 2189 2340 2191
f 2189 2351 2340
f 2497 2351 2189
f 2497 2352 2351
f 2165 2352 2497
f 2498 2189 2190
f 2498 2497 2189
f 2499 2497 2498
f 2499 2165 2497
f 2500 2165 2499
f 2500 2167 2165
f 2501 2167 2500
f 2501 2502 2167
f 2503 2502 2501
f 2503 2504 2502
f 2505 2504 2503
f 2505 2506 2504
f 2507 2506 2505
f 2507 2508 2506
f 2509 2508 2507
f 2512 2511 2510
f 2512 2513 2511
f 2514 2513 2512
f 2514 2515 2513
f 2516 2515 2514
f 2502 2510 2167
f 2502 2512 2510
f 2504 2512 2502
f 2504 2514 2512
f 2506 2514 2504
f 2506 2516 2514
f 2508 2516 2506
f 2519 2518 2517
f 2519 2520 2518
f 2352 2521 2350
f 2352 2522 2521
f 2165 2522 2352
f 2165 2523 2522
f 2166 2523 2165
f 2166 2517 2523
f 2167 2517 2166
f 2167 2519 2517
f 2510 2519 2167
f 2510 2520 2519
f 2511 2520 2510
f 2203 2417 2524
f 2203 2416 2417
f 2204 2416 2203
f 2204 2418 2416
f 2202 2418 2204
f 2202 2180 2418
f 2198 2180 2202
f 2198 2420 2180
f 2199 2420 2198
f 2199 2419 2420
f 2196 2419 2199
f 2196 2424 2419
f 2200 2424 2196
f 2200 2471 2424
f 2482 2471 2200
f 2482 2470 2471
f 2480 2470 2482
f 2480 2451 2470
f 2478 2451 2480
f 2478 2450 2451
f 2476 2450 2478
f 2476 2449 2450
f 2492 2449 2476
f 2492 2448 2449
f 2491 2448 2492
f 2491 2174 2448
f 2490 2174 2491
f 2490 2176 2174
f 2177 2176 2490
f 2177 2428 2176
f 2178 2428 2177
f 2059 2337 2058
f 2059 2339 2337
f 1927 2339 2059
f 1927 2191 2339
f 2192 2191 1927
f 2192 2190 2191
f 2469 2190 2192
f 2469 2498 2190
f 2467 2498 2469
f 2467 2499 2498
f 2465 2499 2467
f 2465 2500 2499
f 2493 2500 2465
f 2493 2501 2500
f 2494 2501 2493
f 2494 2503 2501
f 2495 2503 2494
f 2495 2505 2503
f 2496 2505 2495
f 2496 2507 2505
f 2484 2507 2496
f 2484 2509 2507
f 2485 2509 2484
f 2485 2525 2509
f 2477 2525 2485
f 2477 2526 2525
f 2479 2526 2477
f 2479 2527 2526
f 2481 2527 2479
f 2481 2528 2527
f 2483 2528 2481
f 2483 2529 2528
f 2200 2529 2483
f 2530 1803 1804
f 2530 2164 1803
f 2415 2164 2530
f 2415 2182 2164
f 2151 2182 2415
f 2151 2152 2182
f 2309 1826 1827
f 2309 1825 1826
f 2319 1825 2309
f 2319 1824 1825
f 2321 1824 2319
f 2321 1823 1824
f 2323 1823 2321
f 2323 1822 1823
f 2325 1822 2323
f 2325 1821 1822
f 2327 1821 2325
f 2327 1820 1821
f 2329 1820 2327
f 2329 1819 1820
f 1818 1819 2329
f 2417 2156 2157
f 2417 2155 2156
f 2127 2155 2417
f 2417 2126 2127
f 2417 2125 2126
f 2114 2125 2417
f 2203 1804 1805
f 2203 2530 1804
f 2524 2530 2203
f 2524 2415 2530
f 2417 2415 2524
f 2417 2148 2415
f 2157 2148 2417
f 2337 2188 2057
f 2337 2341 2188
f 2338 2341 2337
f 2338 2354 2341
f 2340 2354 2338
f 2340 2356 2354
f 2350 2356 2340
f 2350 2358 2356
f 2521 2358 2350
f 2521 2246 2358
f 2522 2246 2521
f 2522 2248 2246
f 2523 2248 2522
f 2523 2226 2248
f 2517 2226 2523
f 2517 2228 2226
f 2518 2228 2517
f 2518 2230 2228
f 2520 2230 2518
f 2520 2232 2230
f 2511 2232 2520
f 2511 2234 2232
f 2513 2234 2511
f 2513 2236 2234
f 2515 2236 2513
f 2515 2238 2236
f 2516 2238 2515
f 2516 2210 2238
f 2508 2210 2516
f 2508 2209 2210
f 2509 2209 2508
f 2509 2211 2209
f 2525 2211 2509
f 2525 2212 2211
f 2526 2212 2525
f 2526 2242 2212
f 2527 2242 2526
f 2527 2243 2242
f 2528 2243 2527
f 2528 2244 2243
f 2529 2244 2528
f 2529 2245 2244
f 2200 2245 2529
f 2200 2193 2245
f 2201 2193 2200
f 2201 1793 2193
f 1794 1793 2201
f 2531 1270 1271
f 2532 1267 1268
f 2533 1264 1265
f 2534 1261 1262
f 2535 1258 1259
f 2536 1255 1256
f 2537 1252 1253
f 2538 1249 1250
f 2539 1246 1247
f 2540 1243 1244
f 2541 1240 1241
f 2542 1237 1235
f 2543 1955 1956
f 2544 1973 1974
f 2545 1233 1228
f 1982 1228 1229
f 1982 2545 1228
f 1981 2545 1982
f 1981 2546 2545
f 1980 2546 1981
f 1980 2547 2546
f 1978 2547 1980
f 1976 2547 1978
f 1976 2548 2547
f 1932 2548 1976
f 2548 1973 2544
f 2548 1933 1973
f 1932 1933 2548
f 1975 2544 1974
f 1975 2549 2544
f 1971 2549 1975
f 1971 2550 2549
f 1969 2550 1971
f 2551 1273 1274
f 2551 1226 1273
f 1950 2543 1956
f 1950 2552 2543
f 1952 2552 1950
f 1953 2552 1952
f 1953 2553 2552
f 1947 2553 1953
f 1948 2553 1947
f 1948 2554 2553
f 1944 2554 1948
f 1945 2554 1944
f 1945 2555 2554
f 1941 2555 1945
f 1941 2556 2555
f 1942 2556 1941
f 1938 2556 1942
f 1938 2551 2556
f 1935 2551 1938
f 1935 1226 2551
f 1224 1226 1935
f 2545 1235 1233
f 2545 2542 1235
f 2546 2542 2545
f 2546 2557 2542
f 2547 2557 2546
f 2547 2558 2557
f 2548 2558 2547
f 2548 2559 2558
f 2544 2559 2548
f 2544 2560 2559
f 2549 2560 2544
f 2549 2561 2560
f 2550 2561 2549
f 2550 2562 2561
f 1969 2562 2550
f 1969 1958 2562
f 2542 1241 1237
f 2542 2541 1241
f 2557 2541 2542
f 2557 2563 2541
f 2558 2563 2557
f 2558 2564 2563
f 2559 2564 2558
f 2559 2565 2564
f 2560 2565 2559
f 2560 2566 2565
f 2561 2566 2560
f 2561 2567 2566
f 2562 2567 2561
f 2562 2568 2567
f 1958 2568 2562
f 1958 1959 2568
f 2541 1244 1240
f 2541 2540 1244
f 2563 2540 2541
f 2563 2569 2540
f 2564 2569 2563
f 2564 2570 2569
f 2565 2570 2564
f 2565 2571 2570
f 2566 2571 2565
f 2566 2572 2571
f 2567 2572 2566
f 2567 2573 2572
f 2568 2573 2567
f 2568 2574 2573
f 1959 2574 2568
f 1959 1963 2574
f 2540 1247 1243
f 2540 2539 1247
f 2569 2539 2540
f 2569 2575 2539
f 2570 2575 2569
f 2570 2576 2575
f 2571 2576 2570
f 2571 2577 2576
f 2572 2577 2571
f 2572 2578 2577
f 2573 2578 2572
f 2573 2579 2578
f 2574 2579 2573
f 2574 2580 2579
f 1963 2580 2574
f 1963 1964 2580
f 2539 1250 1246
f 2539 2538 1250
f 2575 2538 2539
f 2575 2581 2538
f 2576 2581 2575
f 2576 2582 2581
f 2577 2582 2576
f 2577 2583 2582
f 2578 2583 2577
f 2578 2584 2583
f 2579 2584 2578
f 2579 2585 2584
f 2580 2585 2579
f 2580 2586 2585
f 1964 2586 2580
f 1964 1965 2586
f 2538 1253 1249
f 2538 2537 1253
f 2581 2537 2538
f 2581 2587 2537
f 2582 2587 2581
f 2582 2588 2587
f 2583 2588 2582
f 2583 2589 2588
f 2584 2589 2583
f 2584 2590 2589
f 2585 2590 2584
f 2585 2591 2590
f 2586 2591 2585
f 2586 2592 2591
f 1965 2592 2586
f 1965 1966 2592
f 2537 1256 1252
f 2537 2536 1256
f 2587 2536 2537
f 2587 2593 2536
f 2588 2593 2587
f 2588 2594 2593
f 2589 2594 2588
f 2589 2595 2594
f 2590 2595 2589
f 2590 2596 2595
f 2591 2596 2590
f 2591 2597 2596
f 2592 2597 2591
f 2592 2598 2597
f 1966 2598 2592
f 1966 1967 2598
f 2536 1259 1255
f 2536 2535 1259
f 2593 2535 2536
f 2593 2599 2535
f 2594 2599 2593
f 2594 2600 2599
f 2595 2600 2594
f 2595 2601 2600
f 2596 2601 2595
f 2596 2602 2601
f 2597 2602 2596
f 2597 2603 2602
f 2598 2603 2597
f 2598 2604 2603
f 1967 2604 2598
f 1967 1968 2604
f 2535 1262 1258
f 2535 2534 1262
f 2599 2534 2535
f 2599 2605 2534
f 2600 2605 2599
f 2600 2606 2605
f 2601 2606 2600
f 2601 2607 2606
f 2602 2607 2601
f 2602 2608 2607
f 2603 2608 2602
f 2603 2609 2608
f 2604 2609 2603
f 2604 2610 2609
f 1968 2610 2604
f 1968 1960 2610
f 2534 1265 1261
f 2534 2533 1265
f 2605 2533 2534
f 2605 2611 2533
f 2606 2611 2605
f 2606 2612 2611
f 2607 2612 2606
f 2607 2613 2612
f 2608 2613 2607
f 2608 2614 2613
f 2609 2614 2608
f 2609 2615 2614
f 2610 2615 2609
f 2610 2616 2615
f 1960 2616 2610
f 1960 1961 2616
f 2533 1268 1264
f 2533 2532 1268
f 2611 2532 2533
f 2611 2617 2532
f 2612 2617 2611
f 2612 2618 2617
f 2613 2618 2612
f 2613 2619 2618
f 2614 2619 2613
f 2614 2620 2619
f 2615 2620 2614
f 2615 2621 2620
f 2616 2621 2615
f 2616 2622 2621
f 1961 2622 2616
f 1961 1962 2622
f 2532 1271 1267
f 2532 2531 1271
f 2617 2531 2532
f 2617 2623 2531
f 2618 2623 2617
f 2618 2624 2623
f 2619 2624 2618
f 2619 2625 2624
f 2620 2625 2619
f 2620 2626 2625
f 2621 2626 2620
f 2621 2627 2626
f 2622 2627 2621
f 2622 2628 2627
f 1962 2628 2622
f 1962 1954 2628
f 2531 1274 1270
f 2531 2551 1274
f 2623 2551 2531
f 2623 2556 2551
f 2624 2556 2623
f 2624 2555 2556
f 2625 2555 2624
f 2625 2554 2555
f 2626 2554 2625
f 2626 2553 2554
f 2627 2553 2626
f 2627 2552 2553
f 2628 2552 2627
f 2628 2543 2552
f 1954 2543 2628
f 1954 1955 2543
f 2431 1229 1230
f 2431 1930 1229
f 2432 1930 2431
f 1849 1924 1848
f 1849 2439 1924
f 1404 2439 1849
f 2447 1411 1420
f 2447 1410 1411
f 2447 1408 1410
f 2447 1406 1408
f 1405 1406 2447
f 1405 2439 1404
f 1405 2438 2439
f 2447 2438 1405
f 1420 1438 2034
f 2018 1420 2034
f 2433 1930 2432
f 2433 1929 1930
f 2426 1929 2433
f 2427 1929 2426
f 2427 1984 1929
f 2428 1984 2427
f 2428 2001 1984
f 2178 2001 2428
f 2178 1999 2001
f 2179 1999 2178
f 1420 2446 2447
f 1420 2445 2446
f 2018 2445 1420
f 2018 2444 2445
f 2019 2444 2018
f 2019 2179 2444
f 1998 2179 2019
f 1998 1999 2179
f 1423 1424 1706
f 1701 1423 1706
f 1701 1422 1423
f 1701 1421 1422
f 1702 1421 1701
f 1702 1425 1421
f 1704 1425 1702
f 1704 1010 1425
f 1465 661 662
f 653 1469 1467
f 653 1471 1469
f 657 1471 653
f 653 1465 662
f 653 1464 1465
f 1467 1464 653
f 1424 1707 1706
f 1424 2629 1707
f 2630 629 1390
f 2630 627 629
f 2631 627 2630
f 2632 627 2631
f 2632 625 627
f 2633 625 2632
f 2633 623 625
f 2634 623 2633
f 2634 621 623
f 2635 621 2634
f 2636 621 2635
f 2636 619 621
f 2637 619 2636
f 2638 619 2637
f 2638 618 619
f 2639 618 2638
f 2640 618 2639
f 2640 616 618
f 2641 616 2640
f 589 1424 588
f 589 2629 1424
f 616 2629 589
f 616 2642 2629
f 2641 2642 616
f 2629 1731 1707
f 2629 2642 1731
f 2641 1731 2642
f 2641 1730 1731
f 2640 1730 2641
f 2639 1730 2640
f 2639 1735 1730
f 2638 1735 2639
f 1733 2636 2635
f 2638 1734 1735
f 2638 1733 1734
f 2637 1733 2638
f 2637 2636 1733
f 2635 1732 1733
f 2635 1739 1732
f 2634 1739 2635
f 2634 1738 1739
f 2633 1738 2634
f 2633 1737 1738
f 2632 1737 2633
f 2632 1744 1737
f 2631 1744 2632
f 2631 1743 1744
f 2630 1743 2631
f 2630 1742 1743
f 2630 1388 1742
f 1390 1388 2630
f 660 661 1462
f 1474 656 1473
f 1474 657 656
f 772 1478 591
f 772 1480 1478
f 1460 660 1462
f 596 1476 599
f 596 1478 1476
f 590 1478 596
f 590 591 1478
f 1458 2644 2643
f 1458 2645 2644
f 1455 2645 1458
f 1476 601 599
f 1476 603 601
f 1473 603 1476
f 1473 605 603
f 656 605 1473
f 1455 702 2645
f 1455 732 702
f 1456 732 1455
f 1456 734 732
f 1507 734 1456
f 1507 737 734
f 1504 737 1507
f 1460 659 660
f 1460 2646 659
f 1458 2646 1460
f 1458 2647 2646
f 2643 2647 1458
f 1504 739 737
f 1504 741 739
f 1505 741 1504
f 1505 744 741
f 1502 744 1505
f 1502 743 744
f 1500 743 1502
f 1500 747 743
f 1498 747 1500
f 1498 749 747
f 1496 749 1498
f 1496 751 749
f 1494 751 1496
f 1494 753 751
f 1492 753 1494
f 1492 756 753
f 1490 756 1492
f 1490 758 756
f 1488 758 1490
f 1488 761 758
f 1486 761 1488
f 1486 763 761
f 1484 763 1486
f 1484 765 763
f 1482 765 1484
f 1482 768 765
f 1480 768 1482
f 1480 770 768
f 772 770 1480
f 545 1736 532
f 545 1116 1736
f 2648 708 710
f 2649 658 659
f 2646 2649 659
f 2646 2650 2649
f 2647 2650 2646
f 2647 2651 2650
f 2643 2651 2647
f 2643 2652 2651
f 2644 2652 2643
f 2654 2645 2653
f 2654 2644 2645
f 2655 2644 2654
f 2655 2652 2644
f 703 2645 702
f 703 2653 2645
f 955 2653 703
f 2656 957 705
f 2656 955 957
f 705 706 2657
f 708 2657 706
f 2658 774 773
f 2658 710 774
f 2656 2653 955
f 2656 2654 2653
f 2659 2654 2656
f 2659 2655 2654
f 2660 2655 2659
f 2660 2652 2655
f 2661 2652 2660
f 2661 2651 2652
f 2662 2651 2661
f 2662 2650 2651
f 2663 2650 2662
f 2663 2649 2650
f 2664 2649 2663
f 2664 658 2649
f 693 658 2664
f 2657 2656 705
f 2657 2659 2656
f 2665 2659 2657
f 2665 2660 2659
f 2666 2660 2665
f 2666 2661 2660
f 2667 2661 2666
f 2667 2662 2661
f 2668 2662 2667
f 2668 2663 2662
f 2669 2663 2668
f 2669 2664 2663
f 2670 2664 2669
f 2670 693 2664
f 682 693 2670
f 2648 2657 708
f 2648 2665 2657
f 2671 2665 2648
f 2671 2666 2665
f 2672 2666 2671
f 2672 2667 2666
f 2673 2667 2672
f 2673 2668 2667
f 2674 2668 2673
f 2674 2669 2668
f 2675 2669 2674
f 2675 2670 2669
f 2676 2670 2675
f 2676 682 2670
f 683 682 2676
f 2658 2648 710
f 2658 2671 2648
f 2677 2671 2658
f 2677 2672 2671
f 2678 2672 2677
f 2678 2673 2672
f 2679 2673 2678
f 2679 2674 2673
f 2680 2674 2679
f 2680 2675 2674
f 2681 2675 2680
f 2681 2676 2675
f 2682 2676 2681
f 2682 683 2676
f 669 683 2682
f 561 773 563
f 561 2658 773
f 560 2658 561
f 560 2677 2658
f 564 2677 560
f 564 2678 2677
f 569 2678 564
f 569 2679 2678
f 573 2679 569
f 573 2680 2679
f 575 2680 573
f 575 2681 2680
f 578 2681 575
f 578 2682 2681
f 580 2682 578
f 580 669 2682
f 582 669 580
f 1620 1097 1098
f 1098 2683 1620
f 1098 2684 2683
f 1100 2684 1098
f 1100 2685 2684
f 1102 2685 1100
f 1104 2685 1102
f 1104 2686 2685
f 1105 2686 1104
f 1107 2686 1105
f 1107 2687 2686
f 1109 2687 1107
f 1109 2688 2687
f 1111 2688 1109
f 1115 2688 1111
f 1115 2689 2688
f 1114 2689 1115
f 2689 541 549
f 2689 543 541
f 1114 543 2689
f 1114 544 543
f 545 544 1114
f 2690 546 553
f 2693 2692 2691
f 2693 2694 2692
f 2695 2694 2693
f 2695 2696 2694
f 2699 2698 2697
f 2699 2700 2698
f 2701 2700 2699
f 2701 2702 2700
f 2696 2702 2701
f 2696 2703 2702
f 2695 2703 2696
f 2704 1623 1624
f 2704 2705 1623
f 2697 2705 2704
f 2697 2706 2705
f 2698 2706 2697
f 2707 1624 1621
f 2707 2704 1624
f 2708 2704 2707
f 2708 2697 2704
f 2709 2697 2708
f 2709 2699 2697
f 2710 2699 2709
f 2710 2701 2699
f 2711 2701 2710
f 2711 2696 2701
f 2712 2696 2711
f 2712 2694 2696
f 2690 2694 2712
f 2690 2692 2694
f 553 2692 2690
f 553 2691 2692
f 556 2691 553
f 2690 549 546
f 2690 2689 549
f 2712 2689 2690
f 2712 2688 2689
f 2711 2688 2712
f 2711 2687 2688
f 2710 2687 2711
f 2710 2686 2687
f 2709 2686 2710
f 2709 2685 2686
f 2708 2685 2709
f 2708 2684 2685
f 2707 2684 2708
f 2707 2683 2684
f 1621 2683 2707
f 1621 1620 2683
f 539 1755 583
f 539 540 1755
f 2713 1327 1322
f 1703 1314 1328
f 2714 1329 1331
f 2714 1328 1329
f 2691 556 1708
f 2714 1703 1328
f 2714 1705 1703
f 2715 1705 2714
f 2715 1719 1705
f 2716 1719 2715
f 2716 1718 1719
f 2717 1718 2716
f 2717 1717 1718
f 2718 1717 2717
f 2718 1716 1717
f 2719 1716 2718
f 2719 1715 1716
f 2720 1715 2719
f 2720 1714 1715
f 2721 1714 2720
f 2721 1713 1714
f 2722 1713 2721
f 2722 1711 1713
f 2723 1711 2722
f 2723 1712 1711
f 2724 1712 2723
f 2724 1710 1712
f 2725 1710 2724
f 2725 1709 1710
f 2726 1709 2725
f 2726 1698 1709
f 2727 1698 2726
f 2727 1699 1698
f 2728 1699 2727
f 2728 1700 1699
f 2729 1700 2728
f 2729 1708 1700
f 2730 1708 2729
f 2730 2691 1708
f 2693 2691 2730
f 1331 1333 2731
f 2731 2714 1331
f 2731 2715 2714
f 2732 2715 2731
f 2732 2716 2715
f 2733 2716 2732
f 2733 2717 2716
f 2734 2717 2733
f 2734 2718 2717
f 2735 2718 2734
f 2735 2719 2718
f 2736 2719 2735
f 2736 2720 2719
f 2737 2720 2736
f 2737 2721 2720
f 2738 2721 2737
f 2738 2722 2721
f 2739 2722 2738
f 2739 2723 2722
f 2740 2723 2739
f 2740 2724 2723
f 2741 2724 2740
f 2741 2725 2724
f 2742 2725 2741
f 2742 2726 2725
f 2743 2726 2742
f 2743 2727 2726
f 2744 2727 2743
f 2744 2728 2727
f 2745 2728 2744
f 2745 2729 2728
f 2746 2729 2745
f 2746 2730 2729
f 2747 2730 2746
f 2730 2695 2693
f 2730 2703 2695
f 2747 2703 2730
f 2747 2702 2703
f 2700 2702 2747
f 2747 2748 2700
f 2747 2749 2748
f 2746 2749 2747
f 2746 2750 2749
f 2745 2750 2746
f 2745 2751 2750
f 2744 2751 2745
f 2744 2752 2751
f 2743 2752 2744
f 2743 2753 2752
f 2742 2753 2743
f 2742 2754 2753
f 2741 2754 2742
f 2741 2755 2754
f 2740 2755 2741
f 2740 2756 2755
f 2739 2756 2740
f 2739 2757 2756
f 2738 2757 2739
f 2738 2758 2757
f 2737 2758 2738
f 2737 2759 2758
f 2736 2759 2737
f 2736 2760 2759
f 2735 2760 2736
f 2735 2761 2760
f 2734 2761 2735
f 2734 2762 2761
f 2733 2762 2734
f 2733 2763 2762
f 2732 2763 2733
f 2732 2713 2763
f 2731 2713 2732
f 2731 1327 2713
f 1333 1327 2731
f 1322 1323 1628
f 2748 2698 2700
f 2748 2706 2698
f 2705 2706 2748
f 1628 2713 1322
f 1628 2763 2713
f 1629 2763 1628
f 1629 2762 2763
f 1631 2762 1629
f 1631 2761 2762
f 1633 2761 1631
f 1633 2760 2761
f 1632 2760 1633
f 1632 2759 2760
f 1630 2759 1632
f 1630 2758 2759
f 1634 2758 1630
f 1634 2757 2758
f 1625 2757 1634
f 1625 2756 2757
f 1626 2756 1625
f 1626 2755 2756
f 1627 2755 1626
f 1627 2754 2755
f 1619 2754 1627
f 1619 2753 2754
f 1622 2753 1619
f 1622 2752 2753
f 1637 2752 1622
f 1637 2751 2752
f 1636 2751 1637
f 1636 2750 2751
f 1635 2750 1636
f 1635 2749 2750
f 1638 2749 1635
f 1638 2748 2749
f 1639 2748 1638
f 1639 2705 2748
f 1623 2705 1639
f 2766 2765 2764
f 2766 2767 2765
f 2769 2764 2768
f 2769 2770 2764
f 2772 2766 2771
f 2772 2773 2766
f 2774 2773 2772
f 2766 2775 2771
f 2766 2776 2775
f 2764 2776 2766
f 2764 2777 2776
f 2770 2777 2764
f 2780 2779 2778
f 2780 2767 2779
f 2781 2767 2780
f 2765 2783 2782
f 2765 2784 2783
f 2765 2785 2784
f 2765 2786 2785
f 2767 2786 2765
f 2767 2787 2786
f 2781 2787 2767
f 2790 2789 2788
f 2764 2792 2791
f 2764 2793 2792
f 2795 2788 2794
f 2795 2790 2788
f 2796 2790 2795
f 2796 2797 2790
f 2800 2799 2798
f 2791 2768 2764
f 2791 2801 2768
f 2802 2801 2791
f 2804 2789 2803
f 2804 2788 2789
f 2805 2788 2804
f 2805 2806 2788
f 2807 2806 2805
f 2807 2808 2806
f 2809 2808 2807
f 2809 2810 2808
f 2812 2782 2811
f 2812 2765 2782
f 2791 2813 2802
f 2791 2814 2813
f 2808 2814 2791
f 2808 2815 2814
f 2810 2815 2808
f 2764 2798 2793
f 2764 2800 2798
f 2765 2800 2764
f 2765 2816 2800
f 2812 2816 2765
f 2776 2787 2775
f 2776 2786 2787
f 2819 2818 2817
f 2821 2769 2820
f 2821 2770 2769
f 2822 2770 2821
f 2823 2783 2784
f 2826 2825 2824
f 2826 2817 2825
f 2827 2817 2826
f 2827 2819 2817
f 2784 2828 2823
f 2784 2829 2828
f 2770 2829 2784
f 2770 2830 2829
f 2820 2832 2831
f 2820 2833 2832
f 2769 2833 2820
f 2770 2834 2830
f 2770 2835 2834
f 2822 2835 2770
f 2819 2836 2818
f 2819 2837 2836
f 2838 2837 2819
f 2838 2839 2837
f 2840 2839 2838
f 2840 2841 2839
f 2842 2841 2840
f 2840 2843 2842
f 2840 2844 2843
f 2820 2844 2840
f 2820 2845 2844
f 2831 2845 2820
f 2848 2847 2846
f 2849 2848 2846
f 2849 2850 2848
f 2851 2850 2849
f 2851 2852 2850
f 2853 2852 2851
f 2854 2852 2853
f 2854 2855 2852
f 2856 2855 2854
f 2857 2856 2854
f 2857 2858 2856
f 2859 2858 2857
f 2859 2860 2858
f 2861 2860 2859
f 2861 2862 2860
f 2861 2863 2862
f 2866 2865 2864
f 2866 2867 2865
f 2868 2867 2866
f 2868 2869 2867
f 2870 2869 2868
f 2870 2871 2869
f 2872 2871 2870
f 2872 2873 2871
f 2874 2873 2872
f 2874 2875 2873
f 2876 2875 2874
f 2876 2877 2875
f 2862 2877 2876
f 2862 2863 2877
f 2879 2865 2878
f 2879 2864 2865
f 2876 2852 2855
f 2880 2779 2767
f 2860 2856 2858
f 2860 2855 2856
f 2862 2855 2860
f 2862 2876 2855
f 2767 2881 2880
f 2767 2882 2881
f 2766 2882 2767
f 2766 2883 2882
f 2868 2773 2870
f 2868 2766 2773
f 2866 2766 2868
f 2766 2879 2883
f 2766 2864 2879
f 2866 2864 2766
f 2876 2850 2852
f 2876 2848 2850
f 2874 2848 2876
f 2874 2847 2848
f 2872 2847 2874
f 2872 2884 2847
f 2885 2884 2872
f 2870 2887 2886
f 2870 2888 2887
f 2773 2888 2870
f 2872 2889 2885
f 2872 2890 2889
f 2870 2890 2872
f 2870 2891 2890
f 2886 2891 2870
f 2882 2892 2881
f 2882 2893 2892
f 2883 2893 2882
f 2883 2894 2893
f 2879 2894 2883
f 2879 2878 2894
f 2854 2853 2877
f 2772 2867 2869
f 2861 2877 2863
f 2861 2854 2877
f 2859 2854 2861
f 2859 2857 2854
f 2894 2878 2865
f 2871 2772 2869
f 2892 2778 2895
f 2892 2780 2778
f 2772 2865 2867
f 2772 2894 2865
f 2780 2894 2772
f 2780 2893 2894
f 2892 2893 2780
f 2871 2774 2772
f 2871 2896 2774
f 2897 2896 2871
f 2849 2853 2851
f 2849 2877 2853
f 2846 2877 2849
f 2846 2875 2877
f 2898 2875 2846
f 2898 2873 2875
f 2899 2873 2898
f 2899 2900 2873
f 2871 2901 2897
f 2871 2902 2901
f 2873 2902 2871
f 2873 2903 2902
f 2900 2903 2873
f 2880 2892 2895
f 2880 2881 2892
f 2829 2812 2828
f 2829 2816 2812
f 2830 2816 2829
f 2830 2800 2816
f 2834 2800 2830
f 2834 2799 2800
f 2798 2834 2835
f 2798 2799 2834
f 2822 2798 2835
f 2822 2793 2798
f 2821 2793 2822
f 2821 2792 2793
f 2820 2792 2821
f 2820 2791 2792
f 2840 2791 2820
f 2840 2808 2791
f 2838 2808 2840
f 2838 2806 2808
f 2819 2806 2838
f 2819 2788 2806
f 2827 2788 2819
f 2827 2794 2788
f 2795 2827 2826
f 2795 2794 2827
f 2785 2786 2776
f 2777 2785 2776
f 2777 2784 2785
f 2770 2784 2777
f 2880 2778 2779
f 2880 2895 2778
f 2781 2780 2772
f 2771 2781 2772
f 2771 2787 2781
f 2775 2787 2771
f 2812 2823 2828
f 2812 2811 2823
f 2823 2782 2783
f 2823 2811 2782
f 2801 2769 2768
f 2801 2833 2769
f 2802 2833 2801
f 2802 2832 2833
f 2813 2832 2802
f 2813 2831 2832
f 2814 2831 2813
f 2814 2845 2831
f 2815 2845 2814
f 2815 2844 2845
f 2810 2844 2815
f 2810 2843 2844
f 2809 2843 2810
f 2809 2842 2843
f 2807 2842 2809
f 2807 2841 2842
f 2841 2805 2839
f 2841 2807 2805
f 2837 2839 2805
f 2804 2837 2805
f 2804 2836 2837
f 2803 2836 2804
f 2803 2818 2836
f 2789 2818 2803
f 2818 2790 2817
f 2818 2789 2790
f 2825 2817 2790
f 2797 2825 2790
f 2797 2824 2825
f 2796 2824 2797
f 2796 2826 2824
f 2795 2826 2796
f 2884 2846 2847
f 2884 2898 2846
f 2896 2773 2774
f 2896 2888 2773
f 2897 2888 2896
f 2897 2887 2888
f 2901 2887 2897
f 2901 2886 2887
f 2902 2886 2901
f 2902 2891 2886
f 2903 2891 2902
f 2903 2890 2891
f 2900 2890 2903
f 2900 2889 2890
f 2899 2889 2900
f 2899 2885 2889
f 2898 2885 2899
f 2898 2884 2885
f 2906 2905 2904
f 2906 2907 2905
f 131 2907 2906
f 131 77 2907
f 131 2904 155
f 131 2906 2904
f 155 77 131
f 155 78 77
f 2905 77 78
f 2905 2907 77
f 2904 78 155
f 2904 2905 78
f 174 177 178
f 174 175 177
f 2908 175 174
f 2908 2909 175
f 2908 178 463
f 2908 174 178
f 463 2909 2908
f 463 2910 2909
f 177 2909 2910
f 177 175 2909
f 178 2910 463
f 178 177 2910

