# https://github.com/mikedh/trimesh
v 0.00099200 -0.00680000 -0.01150000
v 0.00099200 -0.00680000 -0.01350000
v -0.00005200 -0.00669000 -0.01350000
v -0.00005200 -0.00669000 -0.01150000
v -0.00104900 -0.00636400 -0.01350000
v -0.00104900 -0.00636400 -0.01150000
v -0.00195700 -0.00583800 -0.01350000
v -0.00195700 -0.00583800 -0.01150000
v -0.00273500 -0.00513300 -0.01350000
v -0.00273500 -0.00513300 -0.01150000
v -0.00425500 -0.00308500 -0.01350000
v -0.00425500 -0.00308500 -0.01150000
v -0.00537800 -0.00079600 -0.01350000
v -0.00537800 -0.00079600 -0.01150000
v -0.00606800 0.00166000 -0.01350000
v -0.00606800 0.00166000 -0.01150000
v -0.00630000 0.00420000 -0.01350000
v -0.00630000 0.00420000 -0.01150000
v 0.01040000 -0.00680000 -0.01350000
v 0.01040000 -0.00680000 -0.01150000
v 0.01140000 0.00980000 -0.01150000
v 0.01140000 0.00980000 -0.01110000
v 0.01140000 -0.00780000 -0.01150000
v 0.01140000 -0.00980000 -0.01110000
v 0.01140000 -0.00780000 -0.01350000
v 0.01140000 -0.00980000 -0.01350000
v 0.01078300 -0.00687600 -0.01350000
v 0.01570000 0.00980000 -0.01350000
v 0.01123100 -0.00724400 -0.01350000
v 0.01570000 -0.00980000 -0.01350000
v -0.00630000 0.00680000 -0.01350000
v -0.00330000 0.00980000 -0.01350000
v -0.00388500 0.00974200 -0.01350000
v -0.00444800 0.00957200 -0.01350000
v -0.00624200 0.00738500 -0.01350000
v -0.00607200 0.00794800 -0.01350000
v -0.00496700 0.00929400 -0.01350000
v -0.00542100 0.00892100 -0.01350000
v -0.00579400 0.00846700 -0.01350000
v 0.01570000 -0.00980000 -0.01110000
v 0.01570000 0.00980000 -0.01110000
v -0.00330000 0.00980000 -0.01150000
v -0.00630000 0.00680000 -0.01150000
v 0.01123100 -0.00724400 -0.01150000
v 0.01078300 -0.00687600 -0.01150000
v -0.00388500 0.00974200 -0.01150000
v -0.00444800 0.00957200 -0.01150000
v -0.00624200 0.00738500 -0.01150000
v -0.00607200 0.00794800 -0.01150000
v -0.00579400 0.00846700 -0.01150000
v -0.00542100 0.00892100 -0.01150000
v -0.00496700 0.00929400 -0.01150000
v 0.02890100 0.00821300 -0.00906800
v 0.02890100 -0.00725000 -0.00906800
v 0.02904600 -0.00725000 -0.00903900
v 0.02928200 -0.00725000 -0.00868700
v 0.02928200 0.00821300 -0.00868700
v 0.02925300 0.00821300 -0.00883300
v 0.02917000 -0.00725000 -0.00895700
v 0.02925300 -0.00725000 -0.00883300
v 0.02904600 0.00821300 -0.00903900
v 0.02917000 0.00821300 -0.00895700
v 0.02928200 0.00941900 0.00737800
v 0.02890100 0.00980000 0.00737800
v 0.02928200 0.00941900 -0.00748100
v 0.02890100 0.00980000 -0.00748100
v 0.02928200 -0.00748600 -0.00866400
v 0.02890100 -0.00756000 -0.00903800
v 0.02928200 -0.00771200 -0.00859500
v 0.02890100 -0.00785800 -0.00894700
v 0.02928200 -0.00792100 -0.00848400
v 0.02890100 -0.00813200 -0.00880100
v 0.02928200 -0.00810300 -0.00833400
v 0.02890100 -0.00837300 -0.00860300
v 0.02928200 -0.00825300 -0.00815100
v 0.02890100 -0.00857000 -0.00836300
v 0.02928200 -0.00836500 -0.00794200
v 0.02890100 -0.00871700 -0.00808800
v 0.02928200 -0.00843400 -0.00771600
v 0.02890100 -0.00880700 -0.00779000
v 0.02928200 -0.00845700 -0.00748100
v 0.02890100 -0.00883800 -0.00748100
v 0.02917000 0.00821300 0.00885400
v 0.02928200 0.00844800 0.00856200
v 0.02925300 0.00821300 0.00873100
v 0.02928200 0.00821300 0.00858500
v 0.02904600 0.00821300 0.00893700
v 0.02890100 0.00821300 0.00896600
v 0.02890100 0.00852200 0.00893500
v 0.02928200 0.00867400 0.00849300
v 0.02890100 0.00882000 0.00884500
v 0.02928200 0.00888300 0.00838200
v 0.02890100 0.00909400 0.00869800
v 0.02928200 0.00906600 0.00823200
v 0.02890100 0.00933500 0.00850100
v 0.02928200 0.00921600 0.00804900
v 0.02890100 0.00953200 0.00826000
v 0.02928200 0.00932700 0.00784000
v 0.02890100 0.00967900 0.00798600
v 0.02928200 0.00939600 0.00761400
v 0.02890100 0.00976900 0.00768800
v 0.02890100 -0.00883800 0.00737800
v 0.02928200 -0.00845700 0.00737800
v 0.02890100 -0.00725000 0.00896600
v 0.02904600 -0.00725000 0.00893700
v 0.02917000 -0.00725000 0.00885400
v 0.02928200 -0.00725000 0.00858500
v 0.02925300 -0.00725000 0.00873100
v 0.02890100 -0.00756000 0.00893500
v 0.02928200 -0.00748600 0.00856200
v 0.02928200 -0.00843400 0.00761400
v 0.02890100 -0.00880700 0.00768800
v 0.02928200 -0.00836500 0.00784000
v 0.02890100 -0.00871700 0.00798600
v 0.02928200 -0.00825300 0.00804900
v 0.02890100 -0.00857000 0.00826000
v 0.02928200 -0.00810300 0.00823200
v 0.02890100 -0.00837300 0.00850100
v 0.02928200 -0.00792100 0.00838200
v 0.02890100 -0.00813200 0.00869800
v 0.02928200 -0.00771200 0.00849300
v 0.02890100 -0.00785800 0.00884500
v 0.02890100 0.00358300 0.00730200
v 0.02890100 0.00274600 0.00766600
v 0.02904600 0.00275400 0.00769300
v 0.02917000 0.00278000 0.00777200
v 0.02928200 0.00376900 0.00763400
v 0.02925300 0.00281700 0.00789000
v 0.02928200 0.00286200 0.00802900
v 0.02928200 0.00612900 0.00458200
v 0.02925300 0.00598800 0.00454500
v 0.02928200 0.00578300 0.00550900
v 0.02917000 0.00586900 0.00451400
v 0.02904600 0.00578900 0.00449300
v 0.02928200 0.00457900 0.00706600
v 0.02890100 0.00433000 0.00677800
v 0.02928200 0.00526000 0.00634800
v 0.02890100 0.00495800 0.00611500
v 0.02890100 0.00544200 0.00534100
v 0.02890100 0.00576100 0.00448500
v 0.02890100 0.00544200 -0.00544300
v 0.02890100 0.00576100 -0.00458800
v 0.02904600 0.00578900 -0.00459500
v 0.02917000 0.00586900 -0.00461600
v 0.02928200 0.00578300 -0.00561100
v 0.02925300 0.00598800 -0.00464700
v 0.02928200 0.00612900 -0.00468400
v 0.02928200 0.00286200 -0.00813100
v 0.02925300 0.00281700 -0.00799200
v 0.02928200 0.00376900 -0.00773600
v 0.02917000 0.00278000 -0.00787400
v 0.02904600 0.00275400 -0.00779500
v 0.02928200 0.00526000 -0.00645000
v 0.02890100 0.00495800 -0.00621700
v 0.02928200 0.00457900 -0.00716800
v 0.02890100 0.00433000 -0.00688000
v 0.02890100 0.00358300 -0.00740400
v 0.02890100 0.00274600 -0.00776800
v 0.02890100 0.00109100 -0.00811300
v 0.02928200 0.00112900 -0.00849200
v 0.02928200 0.00112900 0.00838900
v 0.02928200 -0.00064000 -0.00848500
v 0.02890100 -0.00059900 -0.00810600
v 0.02928200 -0.00237000 -0.00811200
v 0.02890100 -0.00225100 -0.00775000
v 0.02928200 -0.00398400 -0.00738800
v 0.02890100 -0.00379300 -0.00705800
v 0.02928200 -0.00541400 -0.00634500
v 0.02890100 -0.00515800 -0.00606200
v 0.02928200 -0.00659600 -0.00502800
v 0.02890100 -0.00628700 -0.00480400
v 0.02928200 -0.00747800 -0.00349400
v 0.02890100 -0.00713000 -0.00334000
v 0.02928200 -0.00802400 -0.00181100
v 0.02890100 -0.00765100 -0.00173200
v 0.02928200 -0.00820900 -0.00005100
v 0.02890100 -0.00782800 -0.00005100
v 0.02928200 -0.00802400 0.00170900
v 0.02890100 -0.00765100 0.00163000
v 0.02928200 -0.00747800 0.00339200
v 0.02890100 -0.00713000 0.00323700
v 0.02928200 -0.00659600 0.00492600
v 0.02890100 -0.00628700 0.00470200
v 0.02928200 -0.00541400 0.00624300
v 0.02890100 -0.00515800 0.00596000
v 0.02928200 -0.00398400 0.00728600
v 0.02890100 -0.00379300 0.00695600
v 0.02928200 -0.00237000 0.00801000
v 0.02890100 -0.00225100 0.00764800
v 0.02928200 -0.00064000 0.00838300
v 0.02890100 -0.00059900 0.00800400
v 0.02890100 0.00109100 0.00801000
v 0.01140000 0.00533000 0.00555400
v 0.01775000 0.00533000 0.00555400
v 0.01140000 0.00544100 0.00530800
v 0.01775000 0.00544100 0.00530800
v 0.01140000 0.00550900 0.00504700
v 0.01775000 0.00550900 0.00504700
v 0.01140000 0.00553200 0.00477800
v 0.01775000 0.00553200 0.00477800
v 0.01140000 0.00553200 -0.00488100
v 0.01775000 0.00553200 -0.00488100
v 0.01140000 0.00550900 -0.00514900
v 0.01775000 0.00550900 -0.00514900
v 0.01140000 0.00544100 -0.00541000
v 0.01775000 0.00544100 -0.00541000
v 0.01140000 0.00533000 -0.00565600
v 0.01775000 0.00533000 -0.00565600
v 0.01775000 0.00544200 0.00534100
v 0.01775000 0.00557900 0.00503300
v 0.01775000 0.00576100 0.00448500
v 0.01775000 0.00628000 0.00147600
v 0.01775000 0.00628000 -0.00157800
v 0.01775000 0.00576100 -0.00458800
v 0.01775000 0.00557900 -0.00513500
v 0.01775000 0.00544200 -0.00544300
v 0.02890100 0.00852200 -0.00903800
v 0.02928200 0.00844800 -0.00866400
v 0.02928200 0.00939600 -0.00771600
v 0.02890100 0.00976900 -0.00779000
v 0.02928200 0.00932700 -0.00794200
v 0.02890100 0.00967900 -0.00808800
v 0.02928200 0.00921600 -0.00815100
v 0.02890100 0.00953200 -0.00836300
v 0.02928200 0.00906600 -0.00833400
v 0.02890100 0.00933500 -0.00860300
v 0.02928200 0.00888300 -0.00848400
v 0.02890100 0.00909400 -0.00880100
v 0.02928200 0.00867400 -0.00859500
v 0.02890100 0.00882000 -0.00894700
v 0.01140000 0.00495800 -0.00621700
v 0.01140000 0.00484500 -0.00635800
v 0.01140000 0.00433000 -0.00688000
v 0.01140000 0.00423800 -0.00695700
v 0.01140000 0.00353000 -0.00743300
v 0.01140000 0.00274600 -0.00776800
v 0.01569300 0.00882000 0.00884500
v 0.01569300 0.00852200 0.00893500
v 0.01569300 0.00980000 0.00939800
v 0.01569300 0.00980000 0.00737800
v 0.01569300 0.00976900 0.00768800
v 0.01569300 0.00967900 0.00798600
v 0.01569300 0.00953200 0.00826000
v 0.01569300 0.00933500 0.00850100
v 0.01569300 0.00909400 0.00869800
v 0.01569300 -0.00980900 -0.01110000
v 0.01569300 -0.00756000 -0.00903800
v 0.01569300 -0.00725000 -0.00906800
v 0.01569300 0.00980000 -0.01110000
v 0.01569300 0.00852200 -0.00903800
v 0.01569300 0.00882000 -0.00894700
v 0.01569300 0.00909400 -0.00880100
v 0.01569300 0.00933500 -0.00860300
v 0.01569300 0.00953200 -0.00836300
v 0.01569300 0.00967900 -0.00808800
v 0.01569300 0.00976900 -0.00779000
v 0.01569300 0.00980000 -0.00748100
v 0.01569300 0.00821300 -0.00906800
v 0.01569300 0.00821300 0.00896600
v 0.01569300 -0.00725000 0.00896600
v 0.01569300 -0.00980900 0.00939800
v 0.01569300 -0.00756000 0.00893500
v 0.01569300 -0.00785800 0.00884500
v 0.01569300 -0.00813200 0.00869800
v 0.01569300 -0.00837300 0.00850100
v 0.01569300 -0.00857000 0.00826000
v 0.01569300 -0.00871700 0.00798600
v 0.01569300 -0.00880700 0.00768800
v 0.01569300 -0.00883800 0.00737800
v 0.01569300 -0.00883800 -0.00748100
v 0.01569300 -0.00880700 -0.00779000
v 0.01569300 -0.00871700 -0.00808800
v 0.01569300 -0.00857000 -0.00836300
v 0.01569300 -0.00837300 -0.00860300
v 0.01569300 -0.00813200 -0.00880100
v 0.01569300 -0.00785800 -0.00894700
v 0.01140000 0.00980000 0.00939800
v 0.01140000 0.00274600 0.00766600
v 0.01140000 0.00353000 0.00733100
v 0.01140000 -0.00980900 -0.01110000
v 0.01140000 -0.00765100 -0.00173200
v 0.01140000 -0.00782800 -0.00005100
v 0.01140000 -0.00980900 0.00939800
v 0.01140000 -0.00765100 0.00163000
v 0.01140000 -0.00713000 0.00323700
v 0.01140000 -0.00628700 0.00470200
v 0.01140000 -0.00515800 0.00596000
v 0.01140000 -0.00379300 0.00695600
v 0.01140000 -0.00225100 0.00764800
v 0.01140000 -0.00059900 0.00800400
v 0.01140000 0.00109100 0.00801000
v 0.01140000 0.00109100 -0.00811300
v 0.01140000 -0.00059900 -0.00810600
v 0.01140000 -0.00225100 -0.00775000
v 0.01140000 -0.00379300 -0.00705800
v 0.01140000 -0.00515800 -0.00606200
v 0.01140000 -0.00628700 -0.00480400
v 0.01140000 -0.00713000 -0.00334000
v 0.01140000 0.00423800 0.00685500
v 0.01140000 0.00433000 0.00677800
v 0.01140000 0.00484500 0.00625600
v 0.01140000 0.00495800 0.00611500
v 0.02890100 0.00628000 0.00147600
v 0.02928200 0.00666000 0.00150800
v 0.02928200 0.00666000 -0.00161100
v 0.02890100 0.00628000 -0.00157800
v 0.01775000 0.00544600 -0.00563000
v 0.03021200 0.00531100 -0.00585200
v 0.03020400 0.00545000 -0.00562200
v 0.01775000 0.00569100 -0.00512700
v 0.03019700 0.00555600 -0.00542300
v 0.03018900 0.00569300 -0.00512100
v 0.01775000 0.00588000 -0.00456200
v 0.03017900 0.00587100 -0.00459700
v 0.03017900 0.00588000 -0.00456200
v 0.01298700 0.00480500 -0.00649500
v 0.03022100 0.00515000 -0.00608400
v 0.01298800 0.00503500 -0.00623200
v 0.01298800 0.00531100 -0.00585200
v 0.01298800 0.00544600 -0.00563000
v 0.01298700 0.00419000 -0.00703400
v 0.03028000 0.00419000 -0.00703400
v 0.03026600 0.00442500 -0.00685200
v 0.01298800 0.00438900 -0.00688100
v 0.03024200 0.00480500 -0.00649500
v 0.03022700 0.00506500 -0.00619500
v 0.03029600 0.00393200 -0.00720800
v 0.01298800 0.00362400 -0.00738400
v 0.03031400 0.00366400 -0.00736300
v 0.03032500 0.00348600 -0.00745200
v 0.01298800 0.00293200 -0.00767100
v 0.03036100 0.00293200 -0.00767100
v 0.03057500 0.00346100 -0.00744200
v 0.03054200 0.00294600 -0.00765600
v 0.03436000 0.00236100 -0.00729600
v 0.03426500 0.00210200 -0.00745000
v 0.03053800 0.00290000 -0.00767100
v 0.03408600 0.00160900 -0.00767100
v 0.03443000 0.00255400 -0.00716300
v 0.03059300 0.00375200 -0.00728500
v 0.03059200 0.00373200 -0.00729600
v 0.03063700 0.00448700 -0.00673800
v 0.03063600 0.00447600 -0.00674900
v 0.03460800 0.00304200 -0.00673800
v 0.03063100 0.00437700 -0.00683600
v 0.03060500 0.00393800 -0.00716800
v 0.03065300 0.00477200 -0.00645100
v 0.03470700 0.00331600 -0.00643000
v 0.03067000 0.00508100 -0.00606900
v 0.03481600 0.00361600 -0.00600800
v 0.03067200 0.00512400 -0.00600800
v 0.03068700 0.00539500 -0.00556600
v 0.03490900 0.00387100 -0.00554200
v 0.03069400 0.00554100 -0.00526900
v 0.03497200 0.00404400 -0.00513000
v 0.03069800 0.00562200 -0.00507300
v 0.03503300 0.00421200 -0.00456200
v 0.03070600 0.00578700 -0.00456200
v 0.03532300 0.00085900 0.00674000
v 0.03525900 0.00093300 0.00688100
v 0.03540600 0.00133600 0.00669900
v 0.03431800 0.00151800 0.00755000
v 0.03408600 0.00160900 0.00756900
v 0.03426500 0.00210200 0.00734800
v 0.03556900 0.00104300 0.00583800
v 0.03540300 0.00058500 0.00606600
v 0.03541200 0.00066300 0.00629000
v 0.03549900 0.00116400 0.00644400
v 0.03562300 0.00150600 0.00622700
v 0.03573600 0.00181500 0.00596500
v 0.03572300 0.00146700 0.00549000
v 0.03583500 0.00208600 0.00566900
v 0.03592000 0.00232000 0.00533800
v 0.03585600 0.00183200 0.00502500
v 0.03599100 0.00251500 0.00498200
v 0.03591700 0.00199700 0.00472300
v 0.03604700 0.00266800 0.00460800
v 0.03595800 0.00211000 0.00445400
v 0.03608800 0.00278100 0.00421700
v 0.03599800 0.00222100 0.00408000
v 0.03474700 0.00130800 0.00740300
v 0.03462600 0.00137400 0.00746200
v 0.03480000 0.00185300 0.00724700
v 0.03454100 0.00141700 0.00749400
v 0.03493300 0.00119600 0.00727900
v 0.03487800 0.00123100 0.00732100
v 0.03504600 0.00169100 0.00711400
v 0.03525200 0.00151600 0.00692800
v 0.03509400 0.00108100 0.00712300
v 0.03536500 0.00079600 0.00660900
v 0.03436000 0.00236100 0.00719400
v 0.03496000 0.00229300 0.00696800
v 0.03443000 0.00255400 0.00706100
v 0.03460800 0.00304200 0.00663600
v 0.03510500 0.00268900 0.00663200
v 0.03470700 0.00331600 0.00632800
v 0.03523000 0.00303400 0.00625400
v 0.03481600 0.00361600 0.00590500
v 0.03533800 0.00333000 0.00583700
v 0.03490900 0.00387100 0.00543900
v 0.03542700 0.00357600 0.00538800
v 0.03497200 0.00404400 0.00502700
v 0.03549700 0.00376700 0.00492000
v 0.03503300 0.00421200 0.00445900
v 0.03554800 0.00390800 0.00443200
v 0.03520000 0.00211500 0.00684500
v 0.03533900 0.00249700 0.00652200
v 0.03546000 0.00283000 0.00615700
v 0.03556400 0.00311600 0.00575400
v 0.03565000 0.00335300 0.00532100
v 0.03571800 0.00353800 0.00486800
v 0.03576700 0.00367400 0.00439700
v 0.03539800 0.00191700 0.00667400
v 0.03553000 0.00227800 0.00636800
v 0.03564500 0.00259400 0.00602200
v 0.03574400 0.00286600 0.00563900
v 0.03582600 0.00309100 0.00522700
v 0.03589000 0.00326700 0.00479600
v 0.03593700 0.00339700 0.00434700
v 0.03554200 0.00170900 0.00646300
v 0.03566500 0.00204600 0.00617800
v 0.03577200 0.00234000 0.00585500
v 0.03586400 0.00259400 0.00549700
v 0.03594100 0.00280500 0.00511100
v 0.03600100 0.00297100 0.00470700
v 0.03604600 0.00309200 0.00428500
v 0.03601700 0.00361700 0.00325500
v 0.03616900 0.00269100 -0.00006100
v 0.03626400 0.00326700 -0.00006600
v 0.03622000 0.00314500 -0.00220200
v 0.03606300 0.00239800 0.00321900
v 0.03611200 0.00253400 0.00235000
v 0.03608800 0.00278100 -0.00431900
v 0.03599800 0.00222100 -0.00418200
v 0.03606300 0.00239800 -0.00331900
v 0.03611200 0.00253400 -0.00245300
v 0.03612900 0.00258100 -0.00206300
v 0.03572200 0.00438600 -0.00119100
v 0.03519500 0.00465600 -0.00171900
v 0.03568800 0.00429100 -0.00231000
v 0.03517300 0.00459700 -0.00232400
v 0.03563000 0.00413200 -0.00342500
v 0.03511500 0.00443700 -0.00344500
v 0.03554800 0.00390800 -0.00453500
v 0.03607400 0.00377400 0.00215200
v 0.03590600 0.00405500 0.00217700
v 0.03610800 0.00386700 0.00104100
v 0.03594000 0.00415000 0.00105300
v 0.03611900 0.00389800 -0.00006700
v 0.03595200 0.00418100 -0.00006700
v 0.03610800 0.00386600 -0.00116900
v 0.03594000 0.00414800 -0.00118200
v 0.03607400 0.00377200 -0.00226700
v 0.03590500 0.00405400 -0.00229200
v 0.03601700 0.00361600 -0.00336100
v 0.03584800 0.00389600 -0.00339800
v 0.03593700 0.00339700 -0.00444900
v 0.03576700 0.00367400 -0.00449900
v 0.03584800 0.00389700 0.00329200
v 0.03568800 0.00429200 0.00219500
v 0.03572300 0.00438800 0.00106200
v 0.03573400 0.00441900 -0.00006700
v 0.03612400 0.00330900 0.00320900
v 0.03618100 0.00346400 0.00212100
v 0.03622100 0.00314600 0.00208700
v 0.03618000 0.00346200 -0.00223600
v 0.03612400 0.00330900 -0.00331400
v 0.03604600 0.00309200 -0.00438800
v 0.03621400 0.00355600 0.00102600
v 0.03622500 0.00358600 -0.00006600
v 0.03621400 0.00355500 -0.00115400
v 0.03563000 0.00413200 0.00331900
v 0.03517400 0.00459800 0.00220800
v 0.03519500 0.00465600 0.00161700
v 0.03522000 0.00472600 -0.00006700
v 0.03520800 0.00469300 -0.00119800
v 0.03540300 0.00058500 -0.00616900
v 0.03536500 0.00079600 -0.00671200
v 0.03508700 -0.00006400 -0.00685000
v 0.03522400 0.00096800 -0.00704600
v 0.03509400 0.00108100 -0.00722600
v 0.03476300 0.00017500 -0.00747700
v 0.03487800 0.00123100 -0.00742300
v 0.03459500 0.00026700 -0.00763800
v 0.03474700 0.00130800 -0.00750600
v 0.03440300 0.00036200 -0.00776700
v 0.03235500 -0.00459000 -0.00664500
v 0.03252500 -0.00412200 -0.00696900
v 0.03228600 -0.00406700 -0.00701900
v 0.03378200 0.00004400 -0.00799600
v 0.03396600 0.00055000 -0.00792000
v 0.03373300 0.00063900 -0.00793900
v 0.03153300 -0.00613600 -0.00503200
v 0.03141000 -0.00647400 -0.00451100
v 0.03165500 -0.00651100 -0.00448000
v 0.03387500 0.00103100 0.00774800
v 0.03282700 -0.00185100 0.00781200
v 0.03296500 -0.00147200 0.00788100
v 0.03320000 -0.00155500 0.00786100
v 0.03088100 -0.00719600 -0.00275100
v 0.03081800 -0.00737000 -0.00211900
v 0.03105900 -0.00743800 -0.00211400
v 0.03252300 -0.00268500 -0.00767600
v 0.03241100 -0.00299200 -0.00755700
v 0.03264900 -0.00307000 -0.00753900
v 0.03512600 -0.00012400 -0.00661000
v 0.03502200 -0.00046100 -0.00642400
v 0.03482600 -0.00094900 -0.00669900
v 0.03463200 -0.00153100 -0.00644400
v 0.03435600 -0.00223800 -0.00656700
v 0.03405600 -0.00306400 -0.00630000
v 0.03425400 -0.00257200 -0.00623300
v 0.03375900 -0.00387900 -0.00587500
v 0.03389200 -0.00356500 -0.00579600
v 0.03348500 -0.00463100 -0.00530700
v 0.03356200 -0.00447300 -0.00514600
v 0.03325200 -0.00527200 -0.00464500
v 0.03323700 -0.00536600 -0.00416100
v 0.03353000 -0.00456100 -0.00506600
v 0.03303500 -0.00586900 -0.00379900
v 0.03286200 -0.00634200 -0.00284100
v 0.03300700 -0.00599800 -0.00308400
v 0.03274100 -0.00667600 -0.00178900
v 0.03284400 -0.00644400 -0.00182500
v 0.03267800 -0.00685000 -0.00070000
v 0.03276900 -0.00665000 -0.00046000
v 0.03267300 -0.00686300 0.00041000
v 0.03279100 -0.00659200 0.00095900
v 0.03272400 -0.00672100 0.00148100
v 0.03283000 -0.00643200 0.00250600
v 0.03291300 -0.00625600 0.00234800
v 0.03298000 -0.00601800 0.00343200
v 0.03312700 -0.00566600 0.00360500
v 0.03317300 -0.00549000 0.00426500
v 0.03339500 -0.00488000 0.00497100
v 0.03342100 -0.00486000 0.00466900
v 0.03365000 -0.00417800 0.00556900
v 0.03375100 -0.00395300 0.00544900
v 0.03391900 -0.00344100 0.00602200
v 0.03412800 -0.00291700 0.00600700
v 0.03420600 -0.00265100 0.00635000
v 0.03450400 -0.00183200 0.00654300
v 0.03450800 -0.00187300 0.00629800
v 0.03480900 -0.00099500 0.00659800
v 0.03490100 -0.00079200 0.00635300
v 0.03511500 -0.00015500 0.00651300
v 0.03528200 0.00025500 0.00617300
v 0.03431800 0.00151800 -0.00765300
v 0.03462600 0.00137400 -0.00756400
v 0.03246300 -0.00357900 -0.00730000
v 0.03222600 -0.00350200 -0.00731800
v 0.03096300 -0.00697200 -0.00337300
v 0.03120300 -0.00704100 -0.00336500
v 0.03105800 -0.00670900 -0.00396000
v 0.03129900 -0.00677800 -0.00395100
v 0.03116900 -0.00640500 -0.00452200
v 0.03120800 -0.00629800 -0.00469500
v 0.03143100 -0.00568500 -0.00554100
v 0.03101300 -0.00756400 -0.00147300
v 0.03077200 -0.00749700 -0.00147600
v 0.03098400 -0.00764400 -0.00082100
v 0.03076500 -0.00751600 -0.00135400
v 0.03097200 -0.00767600 -0.00016100
v 0.03073100 -0.00760900 -0.00016100
v 0.03073600 -0.00759400 0.00049600
v 0.03097800 -0.00766000 0.00049600
v 0.03079800 -0.00742400 0.00177100
v 0.03103900 -0.00749200 0.00176700
v 0.03084500 -0.00729500 0.00231000
v 0.03116500 -0.00714700 0.00298600
v 0.03092400 -0.00707900 0.00299300
v 0.03108000 -0.00665100 0.00397500
v 0.03134400 -0.00665300 0.00409200
v 0.03110400 -0.00658400 0.00410200
v 0.03133500 -0.00594900 0.00510300
v 0.03157500 -0.00601900 0.00509100
v 0.03142000 -0.00571600 0.00540100
v 0.03184300 -0.00528300 0.00594300
v 0.03160400 -0.00521000 0.00595700
v 0.03199300 -0.00487200 0.00632300
v 0.03184100 -0.00456000 0.00653200
v 0.03191500 -0.00435600 0.00668600
v 0.03215300 -0.00443100 0.00666900
v 0.03224300 -0.00345400 0.00724000
v 0.03248100 -0.00353100 0.00722200
v 0.03231700 -0.00325200 0.00733900
v 0.03283300 -0.00256300 0.00762400
v 0.03259600 -0.00248300 0.00764300
v 0.03301500 -0.00206300 0.00776300
v 0.03338700 -0.00104200 0.00791600
v 0.03315200 -0.00095800 0.00793600
v 0.03357600 -0.00052300 0.00792900
v 0.03395300 0.00051200 0.00782400
v 0.03353100 0.00008500 0.00791800
v 0.03376500 -0.00000200 0.00789800
v 0.03335200 -0.00040800 0.00794800
v 0.03419100 0.00045700 -0.00786200
v 0.03382500 -0.00055100 -0.00797200
v 0.03288500 -0.00313300 -0.00748400
v 0.03306600 -0.00263600 -0.00766800
v 0.03283100 -0.00256900 -0.00772400
v 0.03301800 -0.00205500 -0.00786800
v 0.03278200 -0.00197400 -0.00788700
v 0.03304100 -0.00126100 -0.00801100
v 0.03270100 -0.00363800 -0.00724700
v 0.03154500 -0.00681300 -0.00392400
v 0.03145100 -0.00707300 -0.00334200
v 0.03137000 -0.00729400 -0.00272600
v 0.03092700 -0.00707000 -0.00311900
v 0.03112200 -0.00726400 -0.00274500
v 0.03130700 -0.00746700 -0.00210000
v 0.03123300 -0.00767200 -0.00081600
v 0.03122700 -0.00768900 0.00049200
v 0.03128800 -0.00752100 0.00175400
v 0.03141200 -0.00717900 0.00296400
v 0.03159100 -0.00668900 0.00406300
v 0.03182000 -0.00605900 0.00505500
v 0.03208600 -0.00532900 0.00590000
v 0.03239300 -0.00448300 0.00662100
v 0.03271800 -0.00359100 0.00716900
v 0.03343200 -0.00163000 0.00780300
v 0.03306800 -0.00263100 0.00756800
v 0.03380400 -0.00060700 0.00787000
v 0.03417800 0.00042000 0.00776600
v 0.03413700 0.00101900 0.00770800
v 0.03356800 0.00018600 -0.00800900
v 0.03336200 -0.00038000 -0.00805000
v 0.03359600 -0.00046600 -0.00803000
v 0.03330500 -0.00126600 -0.00800000
v 0.03353600 -0.00134400 -0.00794100
v 0.03325100 -0.00212700 -0.00781000
v 0.03347500 -0.00218600 -0.00771600
v 0.03311400 -0.00317900 -0.00739400
v 0.03275900 -0.00415500 -0.00688600
v 0.03243300 -0.00505100 -0.00621000
v 0.03203100 -0.00403800 -0.00700600
v 0.03211400 -0.00453900 -0.00669300
v 0.03219400 -0.00503000 -0.00628400
v 0.03191500 -0.00579800 -0.00548900
v 0.03215700 -0.00581000 -0.00542500
v 0.03190000 -0.00651300 -0.00442800
v 0.03187600 -0.00446400 -0.00670900
v 0.03195300 -0.00498200 -0.00632900
v 0.03167100 -0.00575600 -0.00552800
v 0.03177700 -0.00617500 -0.00499700
v 0.03158400 -0.00526400 -0.00600600
v 0.03169800 -0.00706900 -0.00330400
v 0.03155600 -0.00745900 -0.00207600
v 0.03148300 -0.00766100 -0.00080700
v 0.03147700 -0.00767700 0.00048600
v 0.03153700 -0.00751200 0.00173400
v 0.03166000 -0.00717300 0.00293000
v 0.03183600 -0.00668900 0.00401500
v 0.03206300 -0.00606800 0.00499500
v 0.03232500 -0.00534600 0.00583000
v 0.03262900 -0.00451200 0.00654100
v 0.03295000 -0.00363000 0.00708300
v 0.03329400 -0.00268300 0.00747500
v 0.03365400 -0.00169700 0.00770700
v 0.03402100 -0.00068800 0.00777400
v 0.03438900 0.00032500 0.00767200
v 0.03375600 -0.00141400 -0.00784600
v 0.03368500 -0.00223300 -0.00758800
v 0.03333100 -0.00320700 -0.00727200
v 0.03298200 -0.00416400 -0.00677300
v 0.03266200 -0.00504400 -0.00610900
v 0.03239100 -0.00579000 -0.00533800
v 0.03213900 -0.00648200 -0.00435800
v 0.03194000 -0.00702800 -0.00325200
v 0.03180000 -0.00741200 -0.00204400
v 0.03172800 -0.00761100 -0.00079500
v 0.03172200 -0.00762700 0.00047700
v 0.03178100 -0.00746400 0.00170500
v 0.03190200 -0.00713100 0.00288200
v 0.03207600 -0.00665500 0.00395000
v 0.03229800 -0.00604400 0.00491300
v 0.03255600 -0.00533400 0.00573400
v 0.03285500 -0.00451500 0.00643300
v 0.03317000 -0.00365000 0.00696400
v 0.03350800 -0.00272000 0.00735000
v 0.03386000 -0.00175200 0.00757700
v 0.03422000 -0.00076200 0.00764300
v 0.03458200 0.00023100 0.00754200
v 0.03404100 -0.00063200 -0.00787500
v 0.03396100 -0.00147500 -0.00771500
v 0.03387600 -0.00226500 -0.00742800
v 0.03352900 -0.00321600 -0.00712000
v 0.03318900 -0.00415100 -0.00663200
v 0.03287600 -0.00501100 -0.00598400
v 0.03261100 -0.00574000 -0.00522900
v 0.03236400 -0.00641700 -0.00427000
v 0.03217000 -0.00695200 -0.00318800
v 0.03203300 -0.00732800 -0.00200400
v 0.03196200 -0.00752300 -0.00078000
v 0.03195600 -0.00753900 0.00046700
v 0.03201400 -0.00737900 0.00167000
v 0.03213300 -0.00705300 0.00282300
v 0.03230300 -0.00658600 0.00386900
v 0.03252000 -0.00598800 0.00481200
v 0.03277300 -0.00529400 0.00561400
v 0.03306500 -0.00449300 0.00629800
v 0.03337200 -0.00364800 0.00681700
v 0.03370200 -0.00274100 0.00719300
v 0.03404600 -0.00179600 0.00741500
v 0.03439800 -0.00083000 0.00747900
v 0.03475100 0.00013900 0.00738100
v 0.03424000 -0.00070800 -0.00774400
v 0.03414500 -0.00152600 -0.00755200
v 0.03404200 -0.00228200 -0.00724100
v 0.03370500 -0.00320500 -0.00694200
v 0.03337500 -0.00411400 -0.00646800
v 0.03307000 -0.00495100 -0.00583700
v 0.03281200 -0.00566100 -0.00510200
v 0.03257200 -0.00632100 -0.00416800
v 0.03238200 -0.00684200 -0.00311300
v 0.03224800 -0.00720900 -0.00195800
v 0.03217900 -0.00740000 -0.00076300
v 0.03217300 -0.00741500 0.00045400
v 0.03223000 -0.00725900 0.00162900
v 0.03234600 -0.00694000 0.00275400
v 0.03251200 -0.00648500 0.00377400
v 0.03272400 -0.00590300 0.00469300
v 0.03297000 -0.00522700 0.00547500
v 0.03325300 -0.00444700 0.00614000
v 0.03355200 -0.00362600 0.00664500
v 0.03387300 -0.00274400 0.00701000
v 0.03420700 -0.00182600 0.00722600
v 0.03454900 -0.00088800 0.00728800
v 0.03489100 0.00005300 0.00719300
v 0.03532300 0.00085900 -0.00684300
v 0.03501300 0.00000700 -0.00707800
v 0.03525900 0.00093300 -0.00698300
v 0.03417900 -0.00228300 -0.00703200
v 0.03468800 -0.00088600 -0.00717500
v 0.03456800 -0.00083700 -0.00738900
v 0.03490400 0.00008700 -0.00728900
v 0.03441700 -0.00077700 -0.00758000
v 0.03430300 -0.00156400 -0.00736200
v 0.03385400 -0.00317600 -0.00674300
v 0.03353400 -0.00405600 -0.00628400
v 0.03323900 -0.00486600 -0.00567200
v 0.03298800 -0.00555500 -0.00496000
v 0.03275500 -0.00619500 -0.00405300
v 0.03257100 -0.00670200 -0.00302800
v 0.03244100 -0.00705800 -0.00190500
v 0.03237400 -0.00724300 -0.00074400
v 0.03236800 -0.00725800 0.00044000
v 0.03242400 -0.00710600 0.00158300
v 0.03253600 -0.00679700 0.00267700
v 0.03269700 -0.00635500 0.00366800
v 0.03290300 -0.00578900 0.00456000
v 0.03314200 -0.00513400 0.00531800
v 0.03341600 -0.00437800 0.00596300
v 0.03370600 -0.00358300 0.00645100
v 0.03401700 -0.00273000 0.00680500
v 0.03433900 -0.00184200 0.00701400
v 0.03466900 -0.00093600 0.00707400
v 0.03500100 -0.00002600 0.00698200
v 0.03477400 -0.00092400 -0.00694300
v 0.03428500 -0.00226800 -0.00680600
v 0.03397200 -0.00312900 -0.00652700
v 0.03366300 -0.00397700 -0.00608400
v 0.03337800 -0.00475900 -0.00549400
v 0.03313600 -0.00542400 -0.00480600
v 0.03291100 -0.00604300 -0.00392900
v 0.03273200 -0.00653400 -0.00293700
v 0.03260700 -0.00687900 -0.00184900
v 0.03254100 -0.00705900 -0.00072300
v 0.03253600 -0.00707300 0.00042600
v 0.03259000 -0.00692600 0.00153400
v 0.03269900 -0.00662600 0.00259400
v 0.03285500 -0.00619800 0.00355300
v 0.03305400 -0.00565000 0.00441600
v 0.03328400 -0.00501700 0.00514900
v 0.03355000 -0.00428800 0.00577100
v 0.03382900 -0.00352100 0.00624200
v 0.03412800 -0.00269900 0.00658300
v 0.03443900 -0.00184400 0.00678400
v 0.03475700 -0.00097200 0.00684200
v 0.03507600 -0.00009600 0.00675300
v 0.03033600 -0.00270600 0.00728300
v 0.03034000 -0.00257100 0.00734000
v 0.03055800 -0.00258200 0.00735200
v 0.03036100 -0.00200100 0.00755100
v 0.03045000 0.00049300 0.00795000
v 0.03046400 0.00009200 0.00794000
v 0.03041900 -0.00037000 0.00790300
v 0.03050300 -0.00100400 0.00781200
v 0.03039100 -0.00114300 0.00778100
v 0.03050600 -0.00108000 0.00779800
v 0.03052000 -0.00150100 0.00770400
v 0.03028500 -0.00415200 0.00646300
v 0.03029200 -0.00395600 0.00659900
v 0.03060400 -0.00397900 0.00662100
v 0.03030700 -0.00352400 0.00686800
v 0.03057400 -0.00307500 0.00713200
v 0.03055900 -0.00261000 0.00734000
v 0.03024200 -0.00539100 0.00537000
v 0.03025000 -0.00516500 0.00560600
v 0.03064300 -0.00520500 0.00563600
v 0.03026000 -0.00487200 0.00588400
v 0.03062100 -0.00448500 0.00626100
v 0.03060800 -0.00411000 0.00653400
v 0.03020800 -0.00637800 0.00404800
v 0.03021500 -0.00615900 0.00439500
v 0.03067400 -0.00621900 0.00442600
v 0.03022100 -0.00598700 0.00464200
v 0.03065800 -0.00568600 0.00512200
v 0.03065000 -0.00543400 0.00540300
v 0.03018400 -0.00707700 0.00254000
v 0.03019000 -0.00689900 0.00301000
v 0.03069600 -0.00697700 0.00303700
v 0.03019300 -0.00681900 0.00319600
v 0.03068500 -0.00661700 0.00377900
v 0.03068200 -0.00650500 0.00397600
v 0.03017200 -0.00744700 0.00093700
v 0.03017500 -0.00735300 0.00151500
v 0.03070900 -0.00744400 0.00153000
v 0.03017600 -0.00733400 0.00160900
v 0.03070400 -0.00725700 0.00226600
v 0.03070300 -0.00724400 0.00231000
v 0.03071200 -0.00757200 0.00066200
v 0.03071300 -0.00758500 0.00049600
v 0.03017000 -0.00750800 -0.00005000
v 0.03071300 -0.00760400 -0.00005000
v 0.03017000 -0.00750800 -0.00005100
v 0.03017100 -0.00748100 -0.00070500
v 0.03069600 -0.00697500 -0.00314500
v 0.03019000 -0.00689700 -0.00311800
v 0.03069600 -0.00698500 -0.00312100
v 0.03018100 -0.00717500 -0.00233500
v 0.03070200 -0.00718600 -0.00258900
v 0.03070900 -0.00744500 -0.00162800
v 0.03071200 -0.00755000 -0.00097000
v 0.03071000 -0.00749600 -0.00135500
v 0.03017500 -0.00735400 -0.00161300
v 0.03017600 -0.00733400 -0.00171100
v 0.03045000 0.00049300 -0.00805200
v 0.03043600 0.00009600 -0.00804200
v 0.03047900 -0.00032800 -0.00801100
v 0.03041900 -0.00037000 -0.00800600
v 0.03050500 -0.00107300 -0.00790200
v 0.03039400 -0.00106900 -0.00789800
v 0.03050900 -0.00118600 -0.00787900
v 0.03038000 -0.00145800 -0.00781100
v 0.03053600 -0.00196000 -0.00767700
v 0.03036100 -0.00200100 -0.00765300
v 0.03055800 -0.00258400 -0.00745300
v 0.03034000 -0.00257300 -0.00744200
v 0.03056500 -0.00280400 -0.00736000
v 0.03032500 -0.00301300 -0.00724300
v 0.03058900 -0.00351100 -0.00700700
v 0.03030700 -0.00352400 -0.00697100
v 0.03060400 -0.00397400 -0.00672600
v 0.03029200 -0.00395100 -0.00670500
v 0.03061400 -0.00426700 -0.00652600
v 0.03027500 -0.00442100 -0.00636500
v 0.03063400 -0.00491600 -0.00600800
v 0.03026000 -0.00487200 -0.00598700
v 0.03064300 -0.00520500 -0.00573900
v 0.03025000 -0.00516400 -0.00570900
v 0.03065300 -0.00550800 -0.00542600
v 0.03023400 -0.00561300 -0.00522200
v 0.03067000 -0.00610100 -0.00469800
v 0.03022100 -0.00598700 -0.00474500
v 0.03067400 -0.00621900 -0.00453000
v 0.03021500 -0.00615900 -0.00449800
v 0.03068200 -0.00650200 -0.00408400
v 0.03020200 -0.00654900 -0.00385000
v 0.03019300 -0.00681900 -0.00329900
v 0.01140000 0.00385800 0.00505800
v 0.01140000 0.00385800 -0.00516000
v 0.01141900 0.00410400 -0.00524100
v 0.01142400 0.00413100 0.00514700
v 0.01150100 0.00441700 -0.00533900
v 0.01151000 0.00443900 0.00524200
v 0.01164300 0.00470300 -0.00542400
v 0.01167400 0.00475000 0.00533400
v 0.01165000 0.00471400 -0.00542700
v 0.01185200 0.00496800 -0.00549900
v 0.01185200 0.00496800 0.00539700
v 0.01209200 0.00516900 -0.00555500
v 0.01186500 0.00498100 0.00540100
v 0.01236700 0.00532000 -0.00559600
v 0.01209900 0.00517400 0.00545400
v 0.01243500 0.00534700 -0.00560300
v 0.01237900 0.00532400 0.00549500
v 0.01243500 0.00534700 0.00550000
v 0.01276900 0.00543100 -0.00562500
v 0.01266600 0.00541300 -0.00562100
v 0.01298800 0.00544600 0.00552700
v 0.01276900 0.00543100 0.00552300
v 0.01267900 0.00541600 0.00551900
v 0.04378100 0.00282400 -0.00487300
v 0.04369000 0.00285300 -0.00484000
v 0.04368400 0.00284200 -0.00483300
v 0.04423400 0.00264800 -0.00504600
v 0.04416900 0.00267900 -0.00502000
v 0.04410100 0.00265500 -0.00498500
v 0.04389600 0.00238200 -0.00484000
v 0.04427100 0.00215900 -0.00510300
v 0.04439000 0.00255300 -0.00511600
v 0.04452800 0.00240300 -0.00519900
v 0.04385900 0.00176500 -0.00488500
v 0.04370200 0.00211700 -0.00467900
v 0.04378100 0.00168900 -0.00483300
v 0.04352100 0.00185000 -0.00450000
v 0.04356400 0.00146300 -0.00466400
v 0.04335500 0.00158000 -0.00430800
v 0.04337200 0.00123500 -0.00448000
v 0.04333300 0.00118400 -0.00443900
v 0.04320400 0.00129600 -0.00410300
v 0.04316000 0.00092500 -0.00423600
v 0.04306800 0.00098600 -0.00389000
v 0.04297600 0.00091600 -0.00364000
v 0.04353200 0.00254800 -0.00462600
v 0.04338900 0.00224600 -0.00440900
v 0.04328900 0.00201500 -0.00424100
v 0.04292100 0.00090800 -0.00348200
v 0.04302000 0.00126800 -0.00370900
v 0.04307800 0.00145000 -0.00383400
v 0.04313500 0.00161600 -0.00395100
v 0.04325700 0.00193800 -0.00418500
v 0.04321200 0.00088400 0.00431000
v 0.04316000 0.00092500 0.00413300
v 0.04337100 0.00123500 0.00437700
v 0.04362200 0.00152500 0.00461000
v 0.04353300 0.00067500 0.00484900
v 0.04334700 0.00079000 0.00460000
v 0.04421800 0.00210800 0.00497700
v 0.04452800 0.00240300 0.00509600
v 0.04458500 0.00232400 0.00513600
v 0.04505600 0.00167100 0.00528300
v 0.04452400 0.00021100 0.00528300
v 0.04421800 0.00033100 0.00524800
v 0.04481400 0.00200500 0.00524600
v 0.04394200 0.00045700 0.00515200
v 0.04369100 0.00058500 0.00499500
v 0.04402000 0.00192000 0.00487800
v 0.04356400 0.00146300 0.00456100
v 0.04317800 0.00205500 -0.00407800
v 0.04331800 0.00315800 0.00437000
v 0.04346100 0.00300700 0.00457900
v 0.04331400 0.00264800 0.00429300
v 0.04347500 0.00299400 0.00459500
v 0.04351800 0.00295800 0.00463600
v 0.04355200 0.00293200 0.00466500
v 0.04319500 0.00328800 0.00410400
v 0.04315600 0.00270500 0.00397400
v 0.04310500 0.00334900 0.00385100
v 0.04305100 0.00210100 0.00367900
v 0.04307200 0.00336200 0.00374500
v 0.04292400 0.00214700 0.00323300
v 0.04286500 0.00343900 0.00286600
v 0.04270900 0.00222600 0.00184500
v 0.04272500 0.00348700 0.00189300
v 0.04262100 0.00225700 -0.00005100
v 0.04262500 0.00352100 -0.00005700
v 0.04272500 0.00348700 -0.00199700
v 0.04270900 0.00222600 -0.00194800
v 0.04286400 0.00343900 -0.00296700
v 0.04292400 0.00214700 -0.00333500
v 0.04310500 0.00334900 -0.00395300
v 0.04315600 0.00270500 -0.00407600
v 0.04318200 0.00329900 -0.00417300
v 0.04328600 0.00319300 -0.00441200
v 0.04351900 0.00295700 -0.00474000
v 0.04340400 0.00306300 -0.00461000
v 0.04331400 0.00264800 -0.00439600
v 0.04355300 0.00293100 -0.00476800
v 0.04304100 0.00146200 -0.00376000
v 0.04280600 0.00095400 -0.00299900
v 0.04294500 0.00149700 -0.00348700
v 0.04305100 0.00210100 -0.00378100
v 0.04274300 0.00096800 -0.00256700
v 0.04262900 0.00098800 0.00078300
v 0.04261800 0.00098900 -0.00005000
v 0.04262900 0.00098800 -0.00088500
v 0.04266800 0.00098200 -0.00172200
v 0.04266800 0.00098200 0.00162000
v 0.04294500 0.00149700 0.00338400
v 0.04280600 0.00095400 0.00289600
v 0.04274300 0.00096800 0.00246500
v 0.04292100 0.00090800 0.00337900
v 0.04304100 0.00146200 0.00365700
v 0.04302000 0.00126700 0.00360600
v 0.04307800 0.00145000 0.00373100
v 0.04313400 0.00161400 0.00384800
v 0.04317800 0.00205500 0.00397500
v 0.04325700 0.00193700 0.00408200
v 0.04369000 0.00285300 0.00473800
v 0.04368600 0.00284500 0.00473200
v 0.04353200 0.00254800 0.00452400
v 0.04338900 0.00224600 0.00430600
v 0.04328900 0.00201500 0.00413800
v 0.05616000 -0.00402400 0.00528300
v 0.05669100 -0.00256400 0.00528300
v 0.04175000 -0.00276900 0.00687000
v 0.05487800 -0.00754700 0.00687000
v 0.04161100 -0.00315100 0.00685500
v 0.05474000 -0.00792500 0.00685200
v 0.04147200 -0.00353300 0.00681600
v 0.05474000 -0.00792500 -0.00695400
v 0.05487800 -0.00754700 -0.00697300
v 0.04175000 -0.00276900 -0.00697300
v 0.04161300 -0.00314700 -0.00695800
v 0.04147300 -0.00353100 -0.00691800
v 0.05439200 -0.00888300 -0.00680100
v 0.04133400 -0.00391200 -0.00685500
v 0.05424300 -0.00929000 -0.00668800
v 0.04111600 -0.00451200 -0.00668800
v 0.05392800 -0.01015700 -0.00634100
v 0.04065000 -0.00579300 -0.00611900
v 0.04023500 -0.00693100 -0.00527400
v 0.05350600 -0.01131500 -0.00561100
v 0.05377700 -0.01057100 -0.00611900
v 0.03989200 -0.00787500 -0.00419200
v 0.05314500 -0.01230700 -0.00464400
v 0.05336300 -0.01170900 -0.00527400
v 0.03963500 -0.00858100 -0.00292100
v 0.05286000 -0.01309100 -0.00347900
v 0.05301900 -0.01265300 -0.00419200
v 0.03947600 -0.00901800 -0.00151900
v 0.05266300 -0.01363300 -0.00216900
v 0.05276200 -0.01335900 -0.00292100
v 0.03942200 -0.00916600 -0.00005100
v 0.05256200 -0.01391000 -0.00076700
v 0.05260300 -0.01379700 -0.00151900
v 0.03947600 -0.00901800 0.00141700
v 0.05256200 -0.01391000 0.00066500
v 0.05254900 -0.01394500 -0.00005100
v 0.03963500 -0.00858100 0.00281800
v 0.05266300 -0.01363300 0.00206600
v 0.05260300 -0.01379700 0.00141700
v 0.03989200 -0.00787500 0.00408900
v 0.05286000 -0.01309100 0.00337700
v 0.05276200 -0.01335900 0.00281800
v 0.04023500 -0.00693100 0.00517200
v 0.05314500 -0.01230700 0.00454100
v 0.05301900 -0.01265300 0.00408900
v 0.04065000 -0.00579300 0.00601600
v 0.05350600 -0.01131500 0.00550900
v 0.05336300 -0.01170900 0.00517200
v 0.04111600 -0.00451200 0.00658500
v 0.05392800 -0.01015700 0.00623800
v 0.05377700 -0.01057100 0.00601600
v 0.04133400 -0.00391400 0.00675200
v 0.05439200 -0.00888300 0.00669900
v 0.05424300 -0.00929000 0.00658500
v 0.05773300 -0.00294400 0.00516600
v 0.05720200 -0.00440300 0.00516600
v 0.05873000 -0.00330600 0.00482200
v 0.05819900 -0.00476600 0.00482200
v 0.05963800 -0.00363700 0.00426400
v 0.05910600 -0.00509700 0.00426400
v 0.06041600 -0.00392000 0.00351800
v 0.05988500 -0.00538000 0.00351800
v 0.06103200 -0.00414400 0.00261600
v 0.06050100 -0.00560400 0.00261600
v 0.06145800 -0.00429900 0.00159700
v 0.06092700 -0.00575900 0.00159700
v 0.06167600 -0.00437900 0.00050600
v 0.06114500 -0.00583900 0.00050600
v 0.06167600 -0.00437900 -0.00060900
v 0.06114500 -0.00583900 -0.00060900
v 0.06145800 -0.00429900 -0.00170000
v 0.06092700 -0.00575900 -0.00170000
v 0.06103200 -0.00414400 -0.00271800
v 0.06050100 -0.00560400 -0.00271800
v 0.06041600 -0.00392000 -0.00362000
v 0.05988500 -0.00538000 -0.00362000
v 0.05963800 -0.00363700 -0.00436700
v 0.05910600 -0.00509700 -0.00436700
v 0.05873000 -0.00330600 -0.00492400
v 0.05819900 -0.00476600 -0.00492400
v 0.05773300 -0.00294400 -0.00526900
v 0.05720200 -0.00440300 -0.00526900
v 0.05669100 -0.00256400 -0.00538500
v 0.05616000 -0.00402400 -0.00538500
v 0.01298800 0.00531100 0.00574900
v 0.01298800 0.00503500 0.00613000
v 0.01276900 0.00502300 0.00612000
v 0.01298700 0.00480500 0.00639200
v 0.01298800 0.00438900 0.00677800
v 0.01276900 0.00438000 0.00676700
v 0.01298700 0.00419000 0.00693200
v 0.01298800 0.00362400 0.00728100
v 0.01276900 0.00361700 0.00726800
v 0.01298800 0.00293200 0.00756900
v 0.01243500 0.00495800 0.00606700
v 0.01212700 0.00483800 0.00597000
v 0.01186000 0.00466900 0.00583400
v 0.01164500 0.00446000 0.00566500
v 0.01149400 0.00422000 0.00547000
v 0.01141300 0.00396000 0.00526000
v 0.01140000 0.00380100 0.00513100
v 0.01141300 0.00251100 0.00625100
v 0.01140000 0.00244800 0.00605700
v 0.01140000 0.00289300 0.00587200
v 0.01141300 0.00298700 0.00605300
v 0.01149400 0.00314100 0.00635000
v 0.01152100 0.00263400 0.00663500
v 0.01276900 0.00292800 0.00755400
v 0.01238000 0.00289600 0.00745400
v 0.01243500 0.00357900 0.00719300
v 0.01212700 0.00285500 0.00732700
v 0.01212700 0.00350800 0.00705600
v 0.01186500 0.00279100 0.00712600
v 0.01186000 0.00340800 0.00686400
v 0.01164500 0.00328400 0.00662400
v 0.01243500 0.00432600 0.00670100
v 0.01212700 0.00422900 0.00658200
v 0.01186000 0.00409200 0.00641400
v 0.01164500 0.00392200 0.00620500
v 0.01149400 0.00372600 0.00596600
v 0.01141300 0.00351400 0.00570600
v 0.01140000 0.00338600 0.00554800
v 0.04316400 0.00053500 0.00403700
v 0.04344700 0.00028600 0.00391500
v 0.04337200 0.00034700 0.00364700
v 0.04297600 0.00091600 0.00353700
v 0.04328200 0.00039000 0.00337800
v 0.04499100 0.00192600 0.00526800
v 0.04483400 0.00254600 0.00509600
v 0.04489200 0.00231500 0.00518500
v 0.04494100 0.00212200 0.00523500
v 0.04477000 0.00271800 0.00501300
v 0.04446600 0.00248400 0.00505400
v 0.04463700 0.00292200 0.00490100
v 0.04435300 0.00257900 0.00499600
v 0.04450100 0.00307000 0.00481500
v 0.04394500 0.00330400 0.00474000
v 0.04404800 0.00342200 0.00460500
v 0.04437400 0.00318300 0.00474800
v 0.04414800 0.00268900 0.00490900
v 0.04373700 0.00295900 0.00478700
v 0.04383400 0.00314000 0.00480500
v 0.04330700 0.00399700 -0.00005700
v 0.04333900 0.00398500 -0.00116200
v 0.06073600 -0.00234700 -0.00044300
v 0.04340000 0.00396300 0.00180000
v 0.04340400 0.00396100 -0.00194200
v 0.04353800 0.00391300 -0.00287500
v 0.04368900 0.00385800 -0.00354900
v 0.04353800 0.00391300 0.00277400
v 0.05723400 -0.00107300 0.00369500
v 0.04376200 0.00383100 0.00369500
v 0.05796600 -0.00133900 -0.00371600
v 0.05866600 -0.00159400 -0.00347400
v 0.05930400 -0.00182600 -0.00308200
v 0.04376200 0.00383100 -0.00379800
v 0.05723400 -0.00107300 -0.00379800
v 0.06058300 -0.00229100 -0.00120900
v 0.06028300 -0.00218200 -0.00192400
v 0.05930400 -0.00182600 0.00298000
v 0.06073600 -0.00234700 0.00034000
v 0.05985100 -0.00202500 -0.00255800
v 0.05866600 -0.00159400 0.00337100
v 0.05796600 -0.00133900 0.00361300
v 0.06058300 -0.00229100 0.00110700
v 0.06028300 -0.00218200 0.00182200
v 0.05985100 -0.00202500 0.00245600
v 0.03017900 0.00587100 0.00449500
v 0.03017900 0.00588000 0.00445900
v 0.03070600 0.00578700 0.00445900
v 0.03070600 0.00579400 0.00443400
v 0.04309700 0.00386000 0.00285200
v 0.04296000 0.00391300 0.00187000
v 0.04286400 0.00395000 -0.00005700
v 0.04296100 0.00391200 -0.00198800
v 0.04310000 0.00386300 -0.00295200
v 0.04365000 0.00385600 -0.00383700
v 0.04332300 0.00376500 -0.00393200
v 0.04327400 0.00372500 0.00384000
v 0.04332300 0.00376500 0.00382900
v 0.04365000 0.00385600 0.00373400
v 0.04331400 0.00045900 -0.00462200
v 0.04316300 0.00053800 -0.00414000
v 0.04344700 0.00028600 -0.00401700
v 0.04352200 0.00022100 -0.00421200
v 0.04361800 0.00014800 -0.00436000
v 0.04356800 0.00019400 -0.00481900
v 0.04375000 0.00006000 -0.00449200
v 0.04393000 -0.00001600 -0.00504100
v 0.04392600 -0.00004200 -0.00460300
v 0.04413100 -0.00014300 -0.00467400
v 0.04326600 0.00084500 -0.00454800
v 0.04342500 0.00074000 -0.00482000
v 0.04424700 0.00031900 -0.00535700
v 0.04395900 0.00044900 -0.00526200
v 0.04370200 0.00057900 -0.00510700
v 0.04363200 0.00061800 -0.00504900
v 0.04452400 0.00021100 -0.00538500
v 0.04437200 -0.00020800 -0.00512100
v 0.04436100 -0.00023600 -0.00470000
v 0.03049500 0.00171200 0.00785400
v 0.03049500 0.00171600 0.00785300
v 0.03051600 0.00228800 0.00774000
v 0.03053800 0.00290000 0.00756900
v 0.03045600 0.00064600 0.00794800
v 0.03048000 0.00130900 -0.00800900
v 0.03049500 0.00171200 -0.00795600
v 0.03049500 0.00171600 -0.00795600
v 0.03051600 0.00228800 -0.00784300
v 0.04306700 0.00098500 0.00378600
v 0.04320400 0.00129500 0.00399900
v 0.04335400 0.00158000 0.00420500
v 0.04352000 0.00185000 0.00439800
v 0.04370200 0.00211700 0.00457700
v 0.04389800 0.00238500 0.00473900
v 0.04410300 0.00265700 0.00488400
v 0.03036300 0.00289600 -0.00768300
v 0.05599700 -0.00447200 -0.00470000
v 0.05600800 -0.00444300 -0.00512100
v 0.05602800 -0.00438700 -0.00520800
v 0.04395800 0.00341500 0.00464400
v 0.04393600 0.00344400 0.00461600
v 0.04403300 0.00344100 0.00458600
v 0.04401600 0.00346500 0.00456100
v 0.03736700 0.00134000 -0.00530000
v 0.03755500 0.00185600 -0.00492800
v 0.03695900 0.00199500 -0.00483100
v 0.03520700 -0.00459500 -0.00530000
v 0.03540700 -0.00404400 -0.00561100
v 0.03485400 -0.00378900 -0.00550100
v 0.03561800 -0.00346500 -0.00585600
v 0.03583600 -0.00286500 -0.00603300
v 0.03527400 -0.00263300 -0.00591500
v 0.03528700 -0.00008600 -0.00507600
v 0.03512900 -0.00016800 -0.00448300
v 0.03479500 -0.00108400 -0.00458900
v 0.03564700 0.00090500 -0.00472100
v 0.03544700 0.00070600 -0.00417000
v 0.03597400 0.00180000 -0.00414700
v 0.03573400 0.00149600 -0.00366400
v 0.03625000 0.00255900 -0.00338200
v 0.03597800 0.00216600 -0.00298900
v 0.03660400 0.00353300 -0.00142800
v 0.03629000 0.00302400 -0.00126500
v 0.03616600 0.00268300 -0.00217700
v 0.03666600 0.00370200 -0.00033000
v 0.03634500 0.00317400 -0.00029700
v 0.03664500 0.00364600 0.00078100
v 0.03632700 0.00312400 0.00068300
v 0.03654300 0.00336600 0.00185300
v 0.03623700 0.00287700 0.00162800
v 0.03611900 0.00219900 0.00368400
v 0.03586200 0.00184800 0.00324300
v 0.03608000 0.00244500 0.00249500
v 0.03581600 0.00136700 0.00435800
v 0.03559500 0.00111400 0.00383700
v 0.03547000 0.00041800 0.00482500
v 0.03529100 0.00027700 0.00424900
v 0.03509900 -0.00060300 0.00506400
v 0.03496300 -0.00062300 0.00446000
v 0.03471800 -0.00164800 0.00506400
v 0.03462700 -0.00154500 0.00446000
v 0.03434700 -0.00267000 0.00482500
v 0.03429900 -0.00244600 0.00424900
v 0.03400100 -0.00361800 0.00435800
v 0.03399500 -0.00328300 0.00383700
v 0.03369800 -0.00445100 0.00368400
v 0.03372800 -0.00401700 0.00324300
v 0.03345200 -0.00512800 0.00283600
v 0.03351000 -0.00461400 0.00249500
v 0.03327400 -0.00561700 0.00185300
v 0.03335300 -0.00504600 0.00162800
v 0.03317200 -0.00589700 0.00078100
v 0.03326300 -0.00529200 0.00068300
v 0.03315100 -0.00595400 -0.00033000
v 0.03324500 -0.00534200 -0.00029700
v 0.03321300 -0.00578500 -0.00142800
v 0.03330000 -0.00519300 -0.00126500
v 0.03335400 -0.00539800 -0.00246100
v 0.03342400 -0.00485200 -0.00217700
v 0.03356700 -0.00481100 -0.00338200
v 0.03361200 -0.00433400 -0.00298900
v 0.03417000 -0.00315600 -0.00472100
v 0.03414300 -0.00287500 -0.00417000
v 0.03385600 -0.00366500 -0.00366400
v 0.03453000 -0.00216500 -0.00507600
v 0.03446100 -0.00200100 -0.00448300
v 0.03490900 -0.00112600 -0.00519700
v 0.03636500 0.00287600 0.00283600
v 0.03646300 0.00314600 -0.00246100
v 0.03571600 -0.00142000 -0.00605600
v 0.03481600 -0.00238700 -0.00557900
v 0.03441900 -0.00347700 -0.00518900
v 0.03384400 -0.00405200 -0.00414700
v 0.03406000 -0.00446200 -0.00455700
v 0.03375600 -0.00529700 -0.00371600
v 0.03447300 -0.00483400 -0.00483100
v 0.03501900 -0.00511100 -0.00492800
v 0.03415100 -0.00572000 -0.00393900
v 0.03469000 -0.00601400 -0.00401700
v 0.03484600 -0.00558600 -0.00449800
v 0.03352100 -0.00594300 -0.00270300
v 0.03390100 -0.00640500 -0.00286400
v 0.03443600 -0.00671300 -0.00292000
v 0.03455300 -0.00639200 -0.00348900
v 0.03336700 -0.00636900 -0.00156600
v 0.03373700 -0.00685600 -0.00165800
v 0.03426800 -0.00717400 -0.00169000
v 0.03434100 -0.00697500 -0.00231800
v 0.03329900 -0.00655500 -0.00035800
v 0.03366500 -0.00705400 -0.00037600
v 0.03419500 -0.00737500 -0.00038300
v 0.03421900 -0.00730800 -0.00104200
v 0.03332100 -0.00649200 0.00086500
v 0.03368900 -0.00698800 0.00092000
v 0.03421900 -0.00730800 0.00094000
v 0.03419500 -0.00737500 0.00028000
v 0.03343300 -0.00618500 0.00204400
v 0.03380800 -0.00666100 0.00217100
v 0.03434100 -0.00697500 0.00221600
v 0.03426800 -0.00717400 0.00158700
v 0.03363000 -0.00564600 0.00312500
v 0.03401600 -0.00609000 0.00331800
v 0.03455300 -0.00639200 0.00338600
v 0.03443600 -0.00671300 0.00281800
v 0.03390100 -0.00490100 0.00405800
v 0.03430400 -0.00530000 0.00430800
v 0.03484600 -0.00558600 0.00439600
v 0.03469000 -0.00601400 0.00391400
v 0.03423400 -0.00398600 0.00479900
v 0.03465700 -0.00432900 0.00509400
v 0.03520700 -0.00459500 0.00519700
v 0.03501900 -0.00511100 0.00482500
v 0.03461400 -0.00294200 0.00531300
v 0.03506000 -0.00322100 0.00563900
v 0.03561800 -0.00346500 0.00575400
v 0.03540700 -0.00404400 0.00550800
v 0.03502300 -0.00181800 0.00557600
v 0.03549400 -0.00203000 0.00591800
v 0.03606000 -0.00225000 0.00603800
v 0.03583600 -0.00286500 0.00593100
v 0.03544100 -0.00066800 0.00557600
v 0.03593800 -0.00080900 0.00591800
v 0.03651300 -0.00100500 0.00603800
v 0.03628700 -0.00162700 0.00607400
v 0.03585000 0.00045500 0.00531300
v 0.03637200 0.00038200 0.00563900
v 0.03695600 0.00021100 0.00575400
v 0.03673700 -0.00039000 0.00593100
v 0.03623000 0.00149900 0.00479900
v 0.03677500 0.00148900 0.00509400
v 0.03736700 0.00134000 0.00519700
v 0.03716600 0.00079000 0.00550800
v 0.03656300 0.00241500 0.00405800
v 0.03712800 0.00246100 0.00430800
v 0.03772800 0.00233100 0.00439600
v 0.03755500 0.00185600 0.00482500
v 0.03683400 0.00315900 0.00312500
v 0.03813800 0.00345800 0.00281800
v 0.03802100 0.00313700 0.00338600
v 0.03741600 0.00325100 0.00331800
v 0.03788400 0.00276000 0.00391400
v 0.03703000 0.00369800 0.00204400
v 0.03714200 0.00400600 0.00086500
v 0.03762400 0.00382200 0.00217100
v 0.03823300 0.00372000 0.00221600
v 0.03774300 0.00414900 0.00092000
v 0.03835400 0.00405300 0.00094000
v 0.03830500 0.00391900 0.00158700
v 0.03716500 0.00406800 -0.00035800
v 0.03776700 0.00421500 -0.00037600
v 0.03837900 0.00412000 -0.00038300
v 0.03837900 0.00412000 0.00028000
v 0.03709700 0.00388200 -0.00156600
v 0.03769500 0.00401700 -0.00165800
v 0.03830500 0.00391900 -0.00169000
v 0.03835400 0.00405300 -0.00104200
v 0.03694200 0.00345600 -0.00270300
v 0.03753000 0.00356600 -0.00286400
v 0.03813800 0.00345800 -0.00292000
v 0.03823300 0.00372000 -0.00231800
v 0.03670700 0.00281100 -0.00371600
v 0.03772800 0.00233100 -0.00449800
v 0.03788400 0.00276000 -0.00401700
v 0.03728100 0.00288100 -0.00393900
v 0.03802100 0.00313700 -0.00348900
v 0.03640400 0.00197600 -0.00455700
v 0.03604500 0.00099000 -0.00518900
v 0.03564800 -0.00010000 -0.00557900
v 0.03657800 0.00095000 -0.00550100
v 0.03716600 0.00079000 -0.00561100
v 0.03615700 -0.00020700 -0.00591500
v 0.03673700 -0.00039000 -0.00603300
v 0.03695600 0.00021100 -0.00585600
v 0.03523200 -0.00124300 -0.00571200
v 0.03606000 -0.00225000 -0.00614100
v 0.03628700 -0.00162700 -0.00617700
v 0.03651300 -0.00100500 -0.00614100
v 0.01140000 -0.00536900 -0.00265400
v 0.01140000 0.00380100 -0.00523400
v 0.01140000 0.00338600 -0.00565100
v 0.01140000 -0.00470100 -0.00381400
v 0.01140000 0.00244800 -0.00615900
v 0.01140000 0.00289300 -0.00597400
v 0.01140000 -0.00578100 0.00127900
v 0.01140000 -0.00592100 -0.00005100
v 0.01140000 -0.00578100 -0.00138200
v 0.01140000 0.00113900 0.00633000
v 0.01140000 -0.00019900 0.00632500
v 0.01140000 -0.00470100 0.00371100
v 0.01140000 -0.00150700 0.00604300
v 0.01140000 -0.00380800 0.00470700
v 0.01140000 -0.00272700 0.00549500
v 0.01140000 -0.00536900 0.00255200
v 0.01140000 -0.00150700 -0.00614500
v 0.01140000 -0.00272700 -0.00559800
v 0.01140000 -0.00380800 -0.00480900
v 0.01140000 -0.00019900 -0.00642700
v 0.01140000 0.00113900 -0.00643200
v 0.04397800 0.00339300 0.00466300
v 0.04404400 0.00342800 0.00460000
v 0.05714900 -0.00130800 -0.00465400
v 0.04404400 0.00342700 -0.00470200
v 0.04404800 0.00342200 -0.00470700
v 0.05707500 -0.00150900 -0.00492000
v 0.04383400 0.00377100 -0.00411200
v 0.04388200 0.00370200 -0.00429500
v 0.05720100 -0.00116500 -0.00434700
v 0.04390900 0.00365500 -0.00439100
v 0.05719300 -0.00118600 -0.00440500
v 0.04398100 0.00352300 -0.00459400
v 0.04403300 0.00344100 -0.00468900
v 0.04505600 0.00167100 -0.00538500
v 0.04499100 0.00192600 -0.00537000
v 0.05676600 -0.00236000 -0.00537000
v 0.04494100 0.00212200 -0.00533800
v 0.05689900 -0.00199300 -0.00526400
v 0.05698400 -0.00176000 -0.00513500
v 0.04483400 0.00254600 -0.00519900
v 0.04489200 0.00231500 -0.00528700
v 0.04452500 0.00304500 -0.00493200
v 0.04470700 0.00282600 -0.00505700
v 0.04479600 0.00265900 -0.00514500
v 0.03042700 0.00112700 -0.00802700
v 0.03040600 0.00170900 -0.00795900
v 0.03042100 0.00129900 -0.00801200
v 0.05602900 -0.00438500 0.00510700
v 0.05690500 -0.00480200 0.00449600
v 0.05703600 -0.00475300 0.00499300
v 0.05799900 -0.00510400 0.00466000
v 0.05703600 -0.00475300 -0.00509500
v 0.05777400 -0.00511800 0.00419500
v 0.05887600 -0.00542300 0.00412100
v 0.05856500 -0.00540600 0.00371000
v 0.05962900 -0.00569700 0.00339900
v 0.05924300 -0.00565300 0.00305900
v 0.06022500 -0.00591400 0.00252700
v 0.05978000 -0.00584800 0.00227300
v 0.06063700 -0.00606400 0.00154200
v 0.06015200 -0.00598400 0.00138500
v 0.06084700 -0.00614100 0.00048800
v 0.06034200 -0.00605300 0.00043500
v 0.06084700 -0.00614100 -0.00059000
v 0.06034200 -0.00605300 -0.00053700
v 0.06063700 -0.00606400 -0.00164500
v 0.06015200 -0.00598400 -0.00148800
v 0.06022500 -0.00591400 -0.00263000
v 0.05978000 -0.00584800 -0.00237600
v 0.05962900 -0.00569700 -0.00350200
v 0.05924300 -0.00565300 -0.00316200
v 0.05887600 -0.00542300 -0.00422300
v 0.05856500 -0.00540600 -0.00381200
v 0.05799900 -0.00510400 -0.00476200
v 0.05777400 -0.00511800 -0.00429800
v 0.05690500 -0.00480200 -0.00459800
v 0.05599700 -0.00447200 0.00459700
v 0.05602800 -0.00438700 0.00510600
v 0.01298800 -0.00352400 -0.00697100
v 0.01298700 -0.00200100 -0.00765300
v 0.01298700 -0.00037000 -0.00800600
v 0.03040600 0.00170900 0.00785700
v 0.03042100 0.00129900 0.00790900
v 0.01298800 0.00129900 0.00790900
v 0.03042700 0.00112700 0.00792500
v 0.01298700 -0.00037000 0.00790300
v 0.03036300 0.00289600 0.00758000
v 0.03036100 0.00293200 0.00756900
v 0.01298800 0.00129900 -0.00801200
v 0.01298700 -0.00487200 -0.00598700
v 0.01298700 -0.00598700 -0.00474500
v 0.01298800 -0.00733400 -0.00171100
v 0.01298800 -0.00681900 -0.00329900
v 0.01298800 -0.00750800 -0.00005100
v 0.01298800 -0.00733400 0.00160900
v 0.01298800 -0.00681900 0.00319600
v 0.01298700 -0.00598700 0.00464200
v 0.01298700 -0.00487200 0.00588400
v 0.01298800 -0.00352400 0.00686800
v 0.01298700 -0.00200100 0.00755100
v 0.04390300 0.00335200 0.00470700
v 0.04379200 0.00326200 0.00475200
v 0.04366000 0.00311700 0.00475000
v 0.04371400 0.00380400 -0.00410100
v 0.04378100 0.00370800 -0.00434400
v 0.04395900 0.00341400 -0.00474700
v 0.04390100 0.00349800 -0.00466000
v 0.04385600 0.00357600 -0.00456300
v 0.04436100 -0.00023600 0.00459700
v 0.04439300 -0.00015000 0.00510700
v 0.03031400 0.00366400 0.00726000
v 0.03032700 0.00344900 0.00736700
v 0.03024200 0.00480500 0.00639200
v 0.03026600 0.00442500 0.00674900
v 0.03028000 0.00419000 0.00693200
v 0.03029600 0.00393200 0.00710500
v 0.01775000 0.00544600 0.00552700
v 0.03021200 0.00531100 0.00574900
v 0.03022100 0.00515000 0.00598200
v 0.03022700 0.00506500 0.00609300
v 0.01775000 0.00588000 0.00445900
v 0.01775000 0.00569100 0.00502400
v 0.03018900 0.00569300 0.00501900
v 0.03019700 0.00555600 0.00532100
v 0.03020400 0.00545000 0.00551900
v 0.04389800 0.00334500 0.00471300
v 0.04382500 0.00329000 0.00474300
v 0.04345000 0.00354700 0.00434800
v 0.04365700 0.00326400 0.00470000
v 0.04367100 0.00384400 0.00382300
v 0.04374800 0.00375800 0.00413000
v 0.04386500 0.00355900 0.00448300
v 0.04377600 0.00371600 0.00422600
v 0.04458500 0.00232400 -0.00523900
v 0.04481400 0.00200500 -0.00534800
v 0.03070600 0.00579400 -0.00453700
v 0.03070900 0.00604300 -0.00343300
v 0.03071100 0.00622200 -0.00231800
v 0.03071300 0.00633000 -0.00119100
v 0.03070900 0.00604300 0.00333100
v 0.03071100 0.00622200 0.00221500
v 0.03071300 0.00633000 0.00108800
v 0.03071300 0.00636600 -0.00005100
v 0.04394800 0.00358400 0.00440700
v 0.04386600 0.00372800 0.00413300
v 0.04379200 0.00381400 0.00382900
v 0.05689900 -0.00199300 0.00516200
v 0.05698400 -0.00176000 0.00503200
v 0.05676600 -0.00236000 0.00526800
v 0.05719300 -0.00118600 0.00430300
v 0.05707500 -0.00150900 0.00481800
v 0.04426500 -0.00019900 0.00459300
v 0.04405100 -0.00010500 0.00455000
v 0.04390700 0.00001100 0.00495300
v 0.04350700 0.00023300 0.00408000
v 0.04356600 0.00022200 0.00475800
v 0.04371600 0.00008200 0.00436100
v 0.04328900 0.00049900 0.00449300
v 0.04359500 0.00016500 0.00422700
v 0.04386400 -0.00000700 0.00446800
v 0.03784800 0.00136300 -0.00518300
v 0.03801100 0.00181100 -0.00483900
v 0.03814500 0.00217900 -0.00449800
v 0.03832000 0.00266000 -0.00395100
v 0.03768000 0.00090100 -0.00547200
v 0.03778500 0.00118800 -0.00530000
v 0.03693100 -0.00115700 -0.00614100
v 0.03695900 -0.00108000 -0.00613100
v 0.03732900 -0.00006200 -0.00589800
v 0.03737300 0.00005900 -0.00585600
v 0.03750700 0.00042600 -0.00570900
v 0.03647800 -0.00240200 -0.00614100
v 0.03656900 -0.00215100 -0.00616400
v 0.03637300 -0.00268900 -0.00610000
v 0.03603600 -0.00361700 -0.00585600
v 0.03581000 -0.00423500 -0.00559100
v 0.03562400 -0.00474700 -0.00530000
v 0.03547200 -0.00516600 -0.00500400
v 0.03526400 -0.00573800 -0.00449800
v 0.03517600 -0.00597800 -0.00424200
v 0.03497000 -0.00654400 -0.00348900
v 0.03493500 -0.00664100 -0.00333100
v 0.03475800 -0.00712700 -0.00231800
v 0.03461300 -0.00752700 0.00028000
v 0.03460900 -0.00753500 -0.00005100
v 0.03463700 -0.00746000 -0.00104200
v 0.03464600 -0.00743400 0.00109500
v 0.03468600 -0.00732600 0.00158700
v 0.03475600 -0.00713200 0.00220200
v 0.03485300 -0.00686500 0.00281800
v 0.03493500 -0.00664100 0.00322800
v 0.03510800 -0.00616600 0.00391400
v 0.03517600 -0.00597800 0.00413900
v 0.03543700 -0.00526300 0.00482500
v 0.03547200 -0.00516600 0.00490100
v 0.03582500 -0.00419600 0.00550800
v 0.03618100 -0.00321800 0.00588000
v 0.03843800 0.00298500 -0.00348900
v 0.03845600 0.00303400 -0.00341000
v 0.03857400 0.00335800 -0.00281500
v 0.03865100 0.00356800 -0.00231800
v 0.03874100 0.00381600 -0.00148700
v 0.03877200 0.00390100 -0.00104200
v 0.03879900 0.00397700 -0.00005100
v 0.03879600 0.00396800 0.00028000
v 0.03874100 0.00381600 0.00138500
v 0.03872300 0.00376700 0.00158700
v 0.03867000 0.00362100 0.00206900
v 0.03855500 0.00330600 0.00281800
v 0.03845600 0.00303400 0.00330800
v 0.03830100 0.00260800 0.00391400
v 0.03801100 0.00181100 0.00473600
v 0.03797200 0.00170400 0.00482500
v 0.03768000 0.00090100 0.00537000
v 0.03758400 0.00063800 0.00550800
v 0.03732900 -0.00006200 0.00579500
v 0.03715500 -0.00054200 0.00593100
v 0.03695900 -0.00108000 0.00602900
v 0.03670400 -0.00177900 0.00607400
v 0.03656900 -0.00215100 0.00606100
v 0.03625400 -0.00301700 0.00593100
v 0.04374500 0.00327200 -0.00483500
v 0.04361500 0.00312800 -0.00482300
v 0.04390800 0.00338900 -0.00477800
v 0.04341100 0.00362100 -0.00432600
v 0.04397900 0.00339300 -0.00476500
v 0.04397500 0.00339600 -0.00476200
v 0.04381600 0.00328200 -0.00484800
v 0.04328200 0.00039000 -0.00348000
v 0.04337200 0.00034700 -0.00374900
v 0.04357400 0.00297700 -0.00479700
v 0.04367700 0.00313900 -0.00485700
v 0.04322400 0.00041100 0.00320700
v 0.04322400 0.00041100 -0.00330900
v 0.05802700 -0.00185600 0.00471100
v 0.05804400 -0.00149600 0.00420800
v 0.05885700 -0.00179200 0.00392600
v 0.05959800 -0.00206100 0.00347100
v 0.06023300 -0.00229300 0.00286200
v 0.06073600 -0.00247600 0.00212600
v 0.06108400 -0.00260200 0.00129400
v 0.06126200 -0.00266700 0.00040400
v 0.06126200 -0.00266700 -0.00050600
v 0.06108400 -0.00260200 -0.00139700
v 0.06073600 -0.00247600 -0.00222800
v 0.06023300 -0.00229300 -0.00296500
v 0.05959800 -0.00206100 -0.00357400
v 0.05885700 -0.00179200 -0.00402900
v 0.05804400 -0.00149600 -0.00431000
v 0.05802700 -0.00185600 -0.00481400
v 0.05893600 -0.00218700 -0.00449900
v 0.05976500 -0.00248800 -0.00399000
v 0.06047500 -0.00274700 -0.00330900
v 0.06103800 -0.00295200 -0.00248600
v 0.06142700 -0.00309300 -0.00155600
v 0.06162600 -0.00316600 -0.00056000
v 0.06162600 -0.00316600 0.00045800
v 0.06142700 -0.00309300 0.00145300
v 0.06103800 -0.00295200 0.00238300
v 0.06047500 -0.00274700 0.00320700
v 0.05976500 -0.00248800 0.00388800
v 0.05893600 -0.00218700 0.00439700
v 0.05791800 -0.00236400 0.00504800
v 0.05889200 -0.00271900 0.00471100
v 0.05977900 -0.00304100 0.00416600
v 0.06054000 -0.00331800 0.00343700
v 0.06114200 -0.00353800 0.00255500
v 0.06155800 -0.00368900 0.00156000
v 0.06177100 -0.00376700 0.00049400
v 0.06177100 -0.00376700 -0.00059600
v 0.06155800 -0.00368900 -0.00166200
v 0.06114200 -0.00353800 -0.00265800
v 0.06054000 -0.00331800 -0.00354000
v 0.05977900 -0.00304100 -0.00426900
v 0.05889200 -0.00271900 -0.00481400
v 0.05791800 -0.00236400 -0.00515000
v 0.03017100 0.00639700 0.00146700
v 0.03017200 0.00631500 0.00222900
v 0.01775000 0.00639700 0.00146700
v 0.03017300 0.00624300 0.00273300
v 0.03017500 0.00613400 0.00335000
v 0.03017100 0.00642500 -0.00119700
v 0.03017000 0.00644000 -0.00094000
v 0.01775000 0.00639700 -0.00157000
v 0.03017000 0.00646200 -0.00005100
v 0.03017100 0.00642500 0.00109500
v 0.03017500 0.00613400 -0.00345300
v 0.03017200 0.00631500 -0.00233100
v 0.04295200 0.00051100 -0.00009900
v 0.04296400 0.00050600 -0.00087000
v 0.04300100 0.00049300 -0.00168900
v 0.04306600 0.00046900 -0.00244300
v 0.04313200 0.00044500 -0.00291100
v 0.04294800 0.00051200 -0.00005100
v 0.04295200 0.00051100 -0.00005100
v 0.04296400 0.00050600 0.00076900
v 0.04300100 0.00049300 0.00158700
v 0.04306200 0.00047000 0.00230600
v 0.04313100 0.00044500 0.00280800
v 0.04322300 0.00041200 0.00320300
v 0.04373600 0.00295800 -0.00488900
v 0.04383400 0.00314000 -0.00490700
v 0.04394400 0.00330300 -0.00484300
v 0.04383400 0.00313800 -0.00490800
v 0.04294500 0.00051300 -0.00348000
v 0.04294500 0.00051300 -0.00312600
v 0.04294500 0.00051300 -0.00206000
v 0.04294500 0.00051300 0.00337800
v 0.04294500 0.00051300 0.00195700
v 0.05529100 -0.00641100 -0.00675700
v 0.05511100 -0.00690700 -0.00690600
v 0.05645000 -0.00739500 -0.00675600
v 0.05924500 -0.00913600 -0.00518000
v 0.05971100 -0.00930600 -0.00468300
v 0.05989700 -0.00864900 -0.00463800
v 0.05620000 -0.00802800 0.00672600
v 0.05511100 -0.00690700 0.00680300
v 0.05645000 -0.00739500 0.00665400
v 0.05623000 -0.00803900 0.00671900
v 0.05773100 -0.00786100 0.00621100
v 0.05889700 -0.00828500 0.00549400
v 0.05858600 -0.00889600 0.00563500
v 0.05752300 -0.00851000 0.00627200
v 0.05989700 -0.00864900 0.00453500
v 0.05924500 -0.00913600 0.00507800
v 0.05870100 -0.00893800 0.00554800
v 0.06068900 -0.00893700 0.00337600
v 0.06015700 -0.00946800 0.00399100
v 0.05971100 -0.00930600 0.00458000
v 0.06151700 -0.00923900 0.00066500
v 0.06106400 -0.00979800 0.00208800
v 0.06123700 -0.00913700 0.00206700
v 0.06084600 -0.00971900 0.00269900
v 0.06051100 -0.00959700 0.00341000
v 0.06135600 -0.00990500 0.00056500
v 0.06135000 -0.00990200 0.00063300
v 0.06134600 -0.00990100 0.00067200
v 0.06151700 -0.00923900 -0.00076800
v 0.06134800 -0.00990200 -0.00075300
v 0.06135400 -0.00990400 -0.00069500
v 0.06137700 -0.00991200 0.00021900
v 0.06137100 -0.00991000 0.00035300
v 0.06136300 -0.00990700 0.00047000
v 0.06136100 -0.00990600 -0.00060900
v 0.06136800 -0.00990900 -0.00049900
v 0.06137500 -0.00991200 -0.00037000
v 0.06138000 -0.00991300 -0.00022800
v 0.06138200 -0.00991400 -0.00007800
v 0.06138100 -0.00991400 0.00007300
v 0.06134600 -0.00990100 -0.00077500
v 0.06123700 -0.00913700 -0.00216900
v 0.06106400 -0.00979800 -0.00219000
v 0.06068900 -0.00893700 -0.00347800
v 0.06015700 -0.00946800 -0.00409400
v 0.06051100 -0.00959700 -0.00351200
v 0.06084700 -0.00971900 -0.00280100
v 0.05870100 -0.00893800 -0.00565100
v 0.05889700 -0.00828500 -0.00559700
v 0.05858600 -0.00889600 -0.00573800
v 0.05773100 -0.00786100 -0.00631300
v 0.05752300 -0.00851000 -0.00637400
v 0.05623000 -0.00803900 -0.00682100
v 0.05620000 -0.00802800 -0.00682800
v 0.05664100 -0.00674200 -0.00655200
v 0.05534300 -0.00627000 -0.00669700
v 0.05788300 -0.00719400 -0.00612300
v 0.05901400 -0.00760600 -0.00542800
v 0.05998400 -0.00795900 -0.00449800
v 0.06075100 -0.00823800 -0.00337400
v 0.06128200 -0.00843100 -0.00210500
v 0.06155400 -0.00853000 -0.00074600
v 0.06155400 -0.00853000 0.00064300
v 0.06128200 -0.00843100 0.00200300
v 0.06075100 -0.00823800 0.00327200
v 0.05998400 -0.00795900 0.00439600
v 0.05901400 -0.00760600 0.00532600
v 0.05788300 -0.00719400 0.00602000
v 0.05664100 -0.00674200 0.00645000
v 0.05572300 -0.00522600 -0.00595000
v 0.05555600 -0.00568500 -0.00635600
v 0.05678700 -0.00613300 -0.00621800
v 0.05552200 -0.00577700 -0.00642200
v 0.05528300 -0.00643400 0.00666300
v 0.05534300 -0.00627000 0.00659500
v 0.05551600 -0.00579400 0.00633100
v 0.05678700 -0.00613300 0.00611600
v 0.05796500 -0.00656200 0.00570900
v 0.05903800 -0.00695200 0.00505000
v 0.05995900 -0.00728700 0.00416800
v 0.06068700 -0.00755200 0.00310100
v 0.06119000 -0.00773600 0.00189700
v 0.06144800 -0.00782900 0.00060800
v 0.06144800 -0.00782900 -0.00071000
v 0.06119000 -0.00773600 -0.00200000
v 0.06068700 -0.00755200 -0.00320400
v 0.05995900 -0.00728700 -0.00427000
v 0.05903800 -0.00695200 -0.00515200
v 0.05796500 -0.00656200 -0.00581100
v 0.05588400 -0.00478300 -0.00536300
v 0.05574000 -0.00517700 -0.00589600
v 0.05688200 -0.00559200 -0.00576800
v 0.05797400 -0.00599000 -0.00539100
v 0.05896900 -0.00635200 -0.00478000
v 0.05982200 -0.00666200 -0.00396200
v 0.06049700 -0.00690800 -0.00297400
v 0.06096400 -0.00707800 -0.00185700
v 0.06120300 -0.00716500 -0.00066200
v 0.06120300 -0.00716500 0.00056000
v 0.06096400 -0.00707800 0.00175500
v 0.06049700 -0.00690800 0.00287100
v 0.05982200 -0.00666200 0.00386000
v 0.05896900 -0.00635200 0.00467700
v 0.05797400 -0.00599000 0.00528800
v 0.05688200 -0.00559200 0.00566600
v 0.05589000 -0.00476700 -0.00533600
v 0.05692200 -0.00514300 -0.00522100
v 0.05555600 -0.00568500 0.00625400
v 0.05571800 -0.00523700 0.00585900
v 0.05574000 -0.00517700 0.00579400
v 0.05588200 -0.00478900 0.00527100
v 0.05791000 -0.00550200 -0.00487900
v 0.05880900 -0.00582900 -0.00432700
v 0.05958000 -0.00611000 -0.00358800
v 0.06019100 -0.00633200 -0.00269400
v 0.06061300 -0.00648600 -0.00168400
v 0.06082900 -0.00656400 -0.00060400
v 0.06082900 -0.00656400 0.00050100
v 0.06061300 -0.00648600 0.00158200
v 0.06019100 -0.00633200 0.00259100
v 0.05958000 -0.00611000 0.00348500
v 0.05880900 -0.00582900 0.00422400
v 0.05791000 -0.00550200 0.00477700
v 0.05692200 -0.00514300 0.00511800
v 0.05589000 -0.00476700 0.00523400
v 0.04177500 -0.00270000 0.00686900
v 0.04275400 -0.00001100 0.00527100
v 0.04284700 0.00024500 0.00476100
v 0.04287000 0.00030800 0.00459400
v 0.04291300 0.00042700 0.00417400
v 0.04293300 0.00048200 0.00385900
v 0.04267400 -0.00023000 0.00559100
v 0.04259100 -0.00045900 0.00585900
v 0.04251300 -0.00067300 0.00606600
v 0.04238800 -0.00101600 0.00633100
v 0.04221700 -0.00148600 0.00659300
v 0.04215500 -0.00165600 0.00666300
v 0.04199900 -0.00208700 0.00679400
v 0.04190400 -0.00234800 0.00684100
v 0.04112900 -0.00447700 -0.00673000
v 0.04112200 -0.00449600 -0.00672400
v 0.04060800 -0.00590700 0.00601100
v 0.04066900 -0.00574000 0.00610600
v 0.04015300 -0.00715800 0.00505600
v 0.04020400 -0.00701600 0.00519000
v 0.04033500 -0.00665800 0.00549600
v 0.04037100 -0.00655900 0.00557300
v 0.04112700 -0.00448100 0.00662600
v 0.04119400 -0.00429700 0.00667600
v 0.04126400 -0.00410600 0.00672200
v 0.04025900 -0.00686600 0.00532400
v 0.04031300 -0.00671700 0.00544900
v 0.03946700 -0.00904200 -0.00187900
v 0.03945000 -0.00909000 -0.00168000
v 0.03943400 -0.00913200 -0.00148100
v 0.03942100 -0.00917000 -0.00127800
v 0.04073300 -0.00556400 0.00619900
v 0.04079600 -0.00539200 0.00628200
v 0.04086100 -0.00521100 0.00636400
v 0.03964400 -0.00855500 0.00310900
v 0.03967700 -0.00846600 0.00328800
v 0.03958400 -0.00872000 -0.00284500
v 0.03955700 -0.00879400 -0.00265700
v 0.04042700 -0.00640400 0.00568800
v 0.04048700 -0.00623900 0.00580200
v 0.04054600 -0.00607800 0.00590700
v 0.03982600 -0.00805500 0.00398100
v 0.03986900 -0.00793800 0.00414900
v 0.03991200 -0.00782000 0.00430800
v 0.03995700 -0.00769500 0.00446800
v 0.04000300 -0.00756900 0.00461900
v 0.04005200 -0.00743500 0.00477100
v 0.04010100 -0.00730100 0.00491300
v 0.03955600 -0.00879800 0.00254600
v 0.03958400 -0.00872100 0.00273900
v 0.03961300 -0.00864200 0.00292200
v 0.04037200 -0.00655600 -0.00567800
v 0.04033500 -0.00665800 -0.00559900
v 0.04031600 -0.00671100 -0.00555700
v 0.04086300 -0.00520800 -0.00646800
v 0.04079800 -0.00538400 -0.00638900
v 0.04092600 -0.00503500 0.00643700
v 0.04099300 -0.00485000 0.00650700
v 0.04105900 -0.00466800 0.00656800
v 0.03938700 -0.00926100 -0.00046300
v 0.03938400 -0.00927000 -0.00026200
v 0.03995800 -0.00769300 -0.00457300
v 0.03991300 -0.00781600 -0.00441700
v 0.03987000 -0.00793600 -0.00425500
v 0.03982800 -0.00805000 -0.00409100
v 0.04026000 -0.00686300 -0.00542900
v 0.04020700 -0.00701000 -0.00529900
v 0.04015400 -0.00715600 -0.00516200
v 0.03971200 -0.00836900 0.00346800
v 0.03974800 -0.00827000 0.00364100
v 0.03978700 -0.00816300 0.00381600
v 0.03938300 -0.00927300 -0.00005300
v 0.03938400 -0.00927000 0.00015000
v 0.03938700 -0.00926100 0.00035700
v 0.03940900 -0.00920100 -0.00107900
v 0.03940000 -0.00922700 -0.00087200
v 0.03939300 -0.00924700 -0.00067100
v 0.03953200 -0.00886500 -0.00246400
v 0.03950800 -0.00892900 -0.00227200
v 0.03948700 -0.00898800 -0.00207600
v 0.03978800 -0.00816100 -0.00392100
v 0.03975000 -0.00826600 -0.00375000
v 0.03971300 -0.00836700 -0.00357400
v 0.03967800 -0.00846200 -0.00339700
v 0.03964500 -0.00855400 -0.00321500
v 0.03961400 -0.00863900 -0.00303300
v 0.04010300 -0.00729500 -0.00502200
v 0.04005300 -0.00743300 -0.00487600
v 0.04000500 -0.00756400 -0.00472800
v 0.04073400 -0.00556100 -0.00630300
v 0.04067200 -0.00573200 -0.00621200
v 0.04060900 -0.00590400 -0.00611500
v 0.04126500 -0.00410200 -0.00682500
v 0.04119700 -0.00428900 -0.00678100
v 0.03942000 -0.00917000 0.00117200
v 0.03943400 -0.00913400 0.00137000
v 0.03944900 -0.00909100 0.00157300
v 0.03946600 -0.00904400 0.00176900
v 0.03948600 -0.00898900 0.00196900
v 0.03950700 -0.00893200 0.00216100
v 0.03953100 -0.00886600 0.00235800
v 0.03939200 -0.00924700 0.00055800
v 0.03940000 -0.00922700 0.00076600
v 0.03940900 -0.00920200 0.00096600
v 0.04054900 -0.00607100 -0.00601400
v 0.04048800 -0.00623600 -0.00590700
v 0.04043000 -0.00639700 -0.00579600
v 0.04106100 -0.00466100 -0.00667300
v 0.04099400 -0.00484600 -0.00661000
v 0.04092900 -0.00502700 -0.00654200
v 0.03584100 -0.00786600 0.00111600
v 0.04154100 0.00131500 -0.00223500
v 0.04128400 0.00151400 -0.00229900
v 0.04120300 0.00129400 -0.00338700
v 0.04139100 0.00088800 -0.00440700
v 0.04169800 0.00080700 -0.00436400
v 0.04174600 0.00094300 -0.00380600
v 0.04053900 0.00039200 -0.00544700
v 0.04086100 0.00035600 -0.00544300
v 0.04098600 0.00070000 -0.00496500
v 0.04170400 -0.00101700 -0.00652300
v 0.04160000 -0.00130100 -0.00666700
v 0.04191000 -0.00138500 -0.00668800
v 0.04211400 -0.00082700 -0.00636600
v 0.04242000 -0.00092800 -0.00637100
v 0.04259500 -0.00044800 -0.00595000
v 0.03854300 -0.00786600 -0.00365500
v 0.03759500 -0.00676700 0.00438700
v 0.03715100 -0.00798000 0.00233300
v 0.04010900 -0.00355100 0.00664400
v 0.04107400 -0.00089600 0.00635600
v 0.04117200 -0.00062800 0.00619500
v 0.04180300 -0.00074600 0.00624800
v 0.04198200 -0.00025800 0.00582900
v 0.04223700 0.00043600 0.00477500
v 0.04207400 0.00094600 0.00202700
v 0.04235300 0.00078300 0.00199000
v 0.04234900 0.00075000 0.00305900
v 0.04264200 0.00063700 0.00196600
v 0.03761300 -0.00304800 -0.00621900
v 0.03722200 -0.00411200 -0.00592400
v 0.03703500 -0.00462000 -0.00569700
v 0.03826600 -0.00493300 -0.00593000
v 0.03668700 -0.00556500 -0.00509700
v 0.03759500 -0.00676700 -0.00449000
v 0.03790700 -0.00591300 -0.00530100
v 0.03865800 -0.00386000 -0.00635300
v 0.03741500 -0.00358600 -0.00609800
v 0.03734000 -0.00746400 -0.00352300
v 0.03703500 -0.00829700 -0.00126500
v 0.03715100 -0.00798000 -0.00243600
v 0.03758400 -0.00127200 -0.00616400
v 0.03718900 -0.00234800 -0.00619700
v 0.03738900 -0.00180600 -0.00620800
v 0.03795500 -0.00024800 -0.00591800
v 0.03893200 0.00058500 -0.00546500
v 0.03908700 0.00102200 -0.00513300
v 0.03876700 0.00012200 -0.00574600
v 0.03859200 -0.00036800 -0.00597200
v 0.03777300 -0.00075200 -0.00606700
v 0.03877400 0.00202500 -0.00439900
v 0.03937300 0.00180700 -0.00431500
v 0.03921600 0.00229000 -0.00387500
v 0.03950600 0.00215500 -0.00382200
v 0.03934900 0.00262700 -0.00333400
v 0.03963000 0.00246800 -0.00328100
v 0.03946600 0.00291800 -0.00274500
v 0.03974100 0.00273700 -0.00269700
v 0.03983100 0.00295600 -0.00207400
v 0.03892300 0.00242000 -0.00391500
v 0.03906000 0.00277600 -0.00337500
v 0.03862400 0.00254400 -0.00394100
v 0.04086900 0.00215500 -0.00126600
v 0.04039700 0.00265200 -0.00134700
v 0.04082900 0.00205900 -0.00186000
v 0.04034100 0.00252200 -0.00197400
v 0.04052300 0.00213800 -0.00250800
v 0.04026700 0.00234500 -0.00257600
v 0.04044600 0.00194900 -0.00307400
v 0.04017800 0.00212700 -0.00314900
v 0.04035900 0.00172900 -0.00361500
v 0.04007700 0.00187400 -0.00369000
v 0.03996800 0.00159000 -0.00419600
v 0.03967100 0.00169900 -0.00425900
v 0.03954100 0.00134700 -0.00470800
v 0.03923300 0.00142900 -0.00475100
v 0.03862000 0.00160700 -0.00481500
v 0.03831500 0.00170500 -0.00483300
v 0.03840800 -0.00087900 -0.00614100
v 0.03821600 -0.00140800 -0.00625100
v 0.03801700 -0.00195100 -0.00629900
v 0.03781500 -0.00250100 -0.00628600
v 0.04086900 0.00215500 0.00116300
v 0.04043100 0.00273300 0.00060100
v 0.04090100 0.00223500 -0.00005100
v 0.04044300 0.00276100 -0.00005100
v 0.04043100 0.00273300 -0.00070300
v 0.03994200 0.00321700 0.00063800
v 0.03995600 0.00325100 -0.00005100
v 0.03994200 0.00321700 -0.00074000
v 0.03989900 0.00311700 -0.00141800
v 0.03847200 0.00213500 -0.00442200
v 0.03989900 0.00311700 0.00131600
v 0.04039700 0.00265200 0.00124500
v 0.03983100 0.00295600 0.00197100
v 0.04034100 0.00252200 0.00187200
v 0.04007700 0.00187400 0.00358700
v 0.03950600 0.00215500 0.00371900
v 0.04017800 0.00212700 0.00304600
v 0.03963000 0.00246800 0.00317900
v 0.04026700 0.00234500 0.00247400
v 0.03974100 0.00273700 0.00259500
v 0.03971800 0.00090400 0.00498000
v 0.03989500 0.00045900 0.00535200
v 0.03957200 0.00049600 0.00535600
v 0.04006100 -0.00001000 0.00572300
v 0.03937300 0.00180700 0.00421200
v 0.03954100 0.00134700 0.00460600
v 0.03923300 0.00142900 0.00464800
v 0.03907100 -0.00273100 0.00645400
v 0.03844200 -0.00262400 0.00631000
v 0.03928000 -0.00215900 0.00647100
v 0.03864800 -0.00206300 0.00632400
v 0.03948900 -0.00158700 0.00641100
v 0.03885200 -0.00150700 0.00627100
v 0.03969200 -0.00102900 0.00626500
v 0.03904900 -0.00096400 0.00614400
v 0.03988400 -0.00049900 0.00603200
v 0.03923700 -0.00044400 0.00594500
v 0.03941200 0.00004500 0.00568000
v 0.03865800 -0.00386000 0.00625100
v 0.03781500 -0.00250100 0.00618400
v 0.03801700 -0.00195100 0.00619600
v 0.03821600 -0.00140800 0.00614800
v 0.03840800 -0.00087900 0.00603900
v 0.03859200 -0.00036800 0.00586900
v 0.03876700 0.00012200 0.00564300
v 0.03893200 0.00058500 0.00536300
v 0.03908700 0.00102200 0.00503100
v 0.03892300 0.00242000 0.00381300
v 0.03921600 0.00229000 0.00377200
v 0.03934900 0.00262700 0.00323100
v 0.03906000 0.00277600 0.00327200
v 0.03946600 0.00291800 0.00264300
v 0.03918100 0.00308300 0.00268000
v 0.03928100 0.00333200 0.00204200
v 0.03831500 0.00170500 0.00473000
v 0.03862400 0.00254400 0.00383900
v 0.03877400 0.00202500 0.00429600
v 0.03862000 0.00160700 0.00471200
v 0.03846200 0.00117000 0.00506700
v 0.03829900 0.00071400 0.00536800
v 0.03876300 0.00291200 0.00329800
v 0.03888500 0.00323100 0.00270400
v 0.03898400 0.00348900 0.00206200
v 0.03905800 0.00368000 0.00138000
v 0.03741500 -0.00358600 0.00599500
v 0.03718900 -0.00234800 0.00609500
v 0.03738900 -0.00180600 0.00610600
v 0.03758400 -0.00127200 0.00606200
v 0.03777300 -0.00075200 0.00596400
v 0.03795500 -0.00024800 0.00581600
v 0.03813000 0.00024100 0.00561700
v 0.03935500 0.00351600 0.00136600
v 0.03940100 0.00363000 0.00066400
v 0.03910400 0.00379900 0.00067100
v 0.03941700 0.00366900 -0.00005100
v 0.03911900 0.00383900 -0.00005100
v 0.03940100 0.00363000 -0.00076600
v 0.03910400 0.00379900 -0.00077300
v 0.03935500 0.00351600 -0.00146800
v 0.03905800 0.00368000 -0.00148200
v 0.03928100 0.00333200 -0.00214400
v 0.03898400 0.00348900 -0.00216400
v 0.03918100 0.00308300 -0.00278300
v 0.03888500 0.00323100 -0.00280700
v 0.03642100 -0.00444100 0.00551800
v 0.03668700 -0.00556500 0.00499400
v 0.03826600 -0.00493300 0.00582800
v 0.03703500 -0.00462000 0.00559500
v 0.03679600 -0.00342000 0.00591100
v 0.03638400 -0.00638900 0.00421700
v 0.03613700 -0.00706200 0.00328800
v 0.04230800 0.00063000 0.00419800
v 0.04204400 0.00083400 0.00365600
v 0.04234200 0.00072600 0.00362000
v 0.04177000 0.00101300 0.00315200
v 0.04200300 0.00072100 0.00422500
v 0.04161600 0.00058300 0.00481100
v 0.04205900 -0.00004700 0.00558700
v 0.04212800 0.00013900 0.00532800
v 0.04170400 -0.00101700 0.00642100
v 0.04160000 -0.00130100 0.00656500
v 0.04149200 -0.00159600 0.00667800
v 0.04097100 -0.00117700 0.00649000
v 0.04075700 -0.00176500 0.00667400
v 0.04154100 0.00131500 0.00213200
v 0.04180400 0.00112400 0.00207500
v 0.04159000 0.00146000 -0.00005100
v 0.04169800 0.00080700 0.00426100
v 0.04174600 0.00094300 0.00370300
v 0.04145000 0.00105100 0.00375900
v 0.04148500 0.00115200 0.00321500
v 0.04120300 0.00129400 0.00328400
v 0.04128400 0.00151400 0.00219600
v 0.04082900 0.00205900 0.00175700
v 0.04103000 0.00172000 0.00226500
v 0.04097900 0.00159000 0.00281700
v 0.04139100 0.00088800 0.00430400
v 0.04115300 0.00115900 0.00382200
v 0.04092100 0.00143800 0.00335900
v 0.04149900 0.00026700 0.00533300
v 0.04130200 0.00064400 0.00483500
v 0.04108300 0.00096700 0.00435200
v 0.04085700 0.00126700 0.00388900
v 0.04064000 0.00158400 0.00343600
v 0.04071300 0.00176900 0.00289500
v 0.04077700 0.00192900 0.00233500
v 0.04103000 -0.00009800 0.00578500
v 0.04135000 -0.00014000 0.00580300
v 0.04126400 -0.00037500 0.00601000
v 0.04189600 -0.00049200 0.00605000
v 0.04085200 -0.00058600 0.00615900
v 0.04142900 0.00007400 0.00557600
v 0.04118100 0.00031500 0.00533700
v 0.04086100 0.00035600 0.00534000
v 0.04098600 0.00070000 0.00486200
v 0.04067000 0.00075200 0.00489100
v 0.04077500 0.00104300 0.00440200
v 0.04046700 0.00111800 0.00445500
v 0.04056100 0.00137400 0.00395800
v 0.04026500 0.00148200 0.00402700
v 0.04035900 0.00172900 0.00351300
v 0.04044600 0.00194900 0.00297200
v 0.04052300 0.00213800 0.00240500
v 0.04053100 -0.00055300 0.00611900
v 0.04070800 -0.00006400 0.00576500
v 0.04038500 -0.00003600 0.00574400
v 0.04053900 0.00039200 0.00534400
v 0.04021700 0.00042600 0.00534800
v 0.04035200 0.00080200 0.00492100
v 0.04003500 0.00085200 0.00495100
v 0.04015800 0.00119300 0.00450700
v 0.03984900 0.00126900 0.00455800
v 0.03996800 0.00159000 0.00409400
v 0.03967100 0.00169900 0.00415600
v 0.04032300 -0.00296000 0.00672400
v 0.03969900 -0.00283900 0.00659800
v 0.04053900 -0.00236500 0.00674500
v 0.03991200 -0.00225400 0.00661700
v 0.04012500 -0.00166700 0.00655200
v 0.04033400 -0.00109300 0.00638500
v 0.04138300 -0.00189800 0.00676100
v 0.04116100 -0.00250800 0.00683500
v 0.03989800 -0.00413200 0.00650600
v 0.03969200 -0.00469800 0.00631100
v 0.03912500 -0.00626100 0.00540300
v 0.03949400 -0.00524500 0.00606100
v 0.03790700 -0.00591300 0.00519900
v 0.03734000 -0.00746400 0.00342100
v 0.03595300 -0.00756100 0.00224300
v 0.03703500 -0.00829700 0.00116200
v 0.03823000 -0.00872800 -0.00131000
v 0.03819000 -0.00883800 -0.00005100
v 0.03834900 -0.00840000 -0.00252600
v 0.03912500 -0.00626100 -0.00550600
v 0.03880400 -0.00714500 -0.00466100
v 0.04010400 -0.00542300 -0.00624000
v 0.04051300 -0.00429700 -0.00669200
v 0.04094300 -0.00311100 -0.00691500
v 0.03949400 -0.00524500 -0.00616300
v 0.04116100 -0.00250800 -0.00693800
v 0.04216400 -0.00163300 -0.00675700
v 0.04221700 -0.00148600 -0.00669500
v 0.04239400 -0.00099900 -0.00642200
v 0.04138300 -0.00189800 -0.00686300
v 0.04169200 -0.00198500 -0.00688800
v 0.04177500 -0.00270000 -0.00697200
v 0.04191400 -0.00231900 -0.00694000
v 0.04199900 -0.00208700 -0.00689700
v 0.04223700 0.00043600 -0.00487800
v 0.04212800 0.00013900 -0.00543100
v 0.04243700 0.00005500 -0.00543000
v 0.04229200 -0.00033900 -0.00593900
v 0.04291300 0.00042700 -0.00427600
v 0.04293400 0.00048200 -0.00395900
v 0.04264200 0.00061700 -0.00369900
v 0.04264400 0.00062800 -0.00313500
v 0.04264200 0.00063700 -0.00206800
v 0.04263900 0.00064600 -0.00005100
v 0.04274200 -0.00004500 -0.00542900
v 0.04275600 -0.00000500 -0.00536300
v 0.04284700 0.00024500 -0.00486400
v 0.04287100 0.00031000 -0.00468900
v 0.04107400 -0.00089600 -0.00645800
v 0.04097100 -0.00117700 -0.00659300
v 0.04075700 -0.00176500 -0.00677700
v 0.04053900 -0.00236500 -0.00684700
v 0.04135000 -0.00014000 -0.00590500
v 0.04126400 -0.00037500 -0.00611200
v 0.04189600 -0.00049200 -0.00615300
v 0.04198200 -0.00025800 -0.00593100
v 0.04205900 -0.00004700 -0.00569000
v 0.04142900 0.00007400 -0.00567900
v 0.04181500 0.00020900 -0.00543300
v 0.04149900 0.00026700 -0.00543600
v 0.04204400 0.00083400 -0.00375900
v 0.04200300 0.00072100 -0.00432800
v 0.04234200 0.00072600 -0.00372200
v 0.04230800 0.00063000 -0.00430000
v 0.04261200 0.00053200 -0.00428200
v 0.04177000 0.00101300 -0.00325500
v 0.04234900 0.00075000 -0.00316100
v 0.04207400 0.00094600 -0.00212900
v 0.04235300 0.00078300 -0.00209200
v 0.04235400 0.00081200 -0.00005100
v 0.04032300 -0.00296000 -0.00682600
v 0.03989800 -0.00413200 -0.00660800
v 0.04118100 0.00031500 -0.00543900
v 0.04130200 0.00064400 -0.00493800
v 0.04161600 0.00058300 -0.00491400
v 0.04192800 0.00051500 -0.00489300
v 0.04033400 -0.00109300 -0.00648800
v 0.03969200 -0.00102900 -0.00636700
v 0.04012500 -0.00166700 -0.00665400
v 0.03948900 -0.00158700 -0.00651400
v 0.03991200 -0.00225400 -0.00671900
v 0.03928000 -0.00215900 -0.00657300
v 0.03969900 -0.00283900 -0.00670100
v 0.03907100 -0.00273100 -0.00655600
v 0.04006100 -0.00001000 -0.00582500
v 0.03988400 -0.00049900 -0.00613400
v 0.04038500 -0.00003600 -0.00584700
v 0.04053100 -0.00055300 -0.00622100
v 0.04070800 -0.00006400 -0.00586800
v 0.04103000 -0.00009800 -0.00588700
v 0.04180300 -0.00074600 -0.00635100
v 0.04117200 -0.00062800 -0.00629700
v 0.04085200 -0.00058600 -0.00626100
v 0.04145000 0.00105100 -0.00386200
v 0.04108300 0.00096700 -0.00445400
v 0.04067000 0.00075200 -0.00499400
v 0.04021700 0.00042600 -0.00545100
v 0.04183200 0.00122400 -0.00005100
v 0.04208600 0.00100600 -0.00005100
v 0.04180400 0.00112400 -0.00217800
v 0.04148500 0.00115200 -0.00331700
v 0.04115300 0.00115900 -0.00392400
v 0.04085700 0.00126700 -0.00399100
v 0.04077500 0.00104300 -0.00450500
v 0.04046700 0.00111800 -0.00455700
v 0.04035200 0.00080200 -0.00502300
v 0.04003500 0.00085200 -0.00505300
v 0.03989500 0.00045900 -0.00545500
v 0.03957200 0.00049600 -0.00545800
v 0.03941200 0.00004500 -0.00578300
v 0.04092100 0.00143800 -0.00346100
v 0.04064000 0.00158400 -0.00353800
v 0.04056100 0.00137400 -0.00406000
v 0.04026500 0.00148200 -0.00412900
v 0.04015800 0.00119300 -0.00461000
v 0.03984900 0.00126900 -0.00466100
v 0.03971800 0.00090400 -0.00508200
v 0.04103000 0.00172000 -0.00236700
v 0.04077700 0.00192900 -0.00243700
v 0.04097900 0.00159000 -0.00292000
v 0.04071300 0.00176900 -0.00299700
v 0.04133700 0.00165900 0.00108200
v 0.04135600 0.00171000 -0.00005100
v 0.04133700 0.00165900 -0.00118500
v 0.03699600 -0.00840400 -0.00005100
v 0.03923700 -0.00044400 -0.00604800
v 0.03904900 -0.00096400 -0.00624600
v 0.03885200 -0.00150700 -0.00637300
v 0.03864800 -0.00206300 -0.00642600
v 0.03844200 -0.00262400 -0.00641200
v 0.03580300 -0.00797000 -0.00005100
v 0.05527000 -0.01058400 0.00610600
v 0.05485800 -0.01171700 0.00539100
v 0.05450400 -0.01268800 0.00444300
v 0.05422500 -0.01345500 0.00330300
v 0.05403200 -0.01398500 0.00202000
v 0.05393400 -0.01425600 0.00064700
v 0.05393400 -0.01425600 -0.00075500
v 0.05403300 -0.01398400 -0.00212700
v 0.05422600 -0.01345300 -0.00341000
v 0.05450500 -0.01268500 -0.00454900
v 0.05485900 -0.01171400 -0.00549600
v 0.05527200 -0.01058000 -0.00621000
v 0.06113300 -0.01014100 0.00135600
v 0.05990500 -0.01016100 -0.00400500
v 0.05572600 -0.00933200 -0.00666100
v 0.05699300 -0.00968900 -0.00626000
v 0.05820000 -0.00995600 -0.00560200
v 0.05890500 -0.01007200 -0.00506000
v 0.06070000 -0.01012300 -0.00275000
v 0.06119300 -0.00997600 -0.00149800
v 0.05572400 -0.00933600 0.00655700
v 0.06065400 -0.01024900 0.00261700
v 0.05987400 -0.01024800 0.00388100
v 0.05888500 -0.01012600 0.00494500
v 0.05818700 -0.00999400 0.00549000
v 0.05698700 -0.00970500 0.00615400
v 0.05656600 -0.01086100 -0.00583900
v 0.05781900 -0.01100400 -0.00522700
v 0.05856000 -0.01101800 -0.00472500
v 0.05963300 -0.01090800 -0.00374500
v 0.06051400 -0.01063300 -0.00258000
v 0.06109300 -0.01025100 -0.00141800
v 0.05617900 -0.01192700 -0.00516900
v 0.05747200 -0.01195800 -0.00463100
v 0.05824700 -0.01187900 -0.00418900
v 0.05938500 -0.01158900 -0.00332800
v 0.06034400 -0.01110100 -0.00230200
v 0.06100100 -0.01050500 -0.00128000
v 0.05584600 -0.01284000 -0.00428100
v 0.05717400 -0.01277600 -0.00384000
v 0.05797800 -0.01261800 -0.00347700
v 0.05917200 -0.01217500 -0.00277000
v 0.06019700 -0.01150400 -0.00192800
v 0.06092000 -0.01072600 -0.00108900
v 0.05558300 -0.01356200 -0.00321200
v 0.05693800 -0.01342300 -0.00288600
v 0.05776500 -0.01320400 -0.00261800
v 0.05900300 -0.01264000 -0.00209500
v 0.06007900 -0.01182700 -0.00147400
v 0.06085500 -0.01090600 -0.00085400
v 0.05540100 -0.01406200 -0.00200700
v 0.05677500 -0.01387200 -0.00181000
v 0.05761700 -0.01361000 -0.00164900
v 0.05888400 -0.01296500 -0.00133300
v 0.05999600 -0.01205400 -0.00095800
v 0.06080700 -0.01103700 -0.00058500
v 0.05530800 -0.01431900 -0.00071900
v 0.05669100 -0.01410300 -0.00066000
v 0.05754000 -0.01382100 -0.00061100
v 0.05882200 -0.01313600 -0.00051700
v 0.05995200 -0.01217700 -0.00040400
v 0.06078000 -0.01111300 -0.00029200
v 0.05530700 -0.01432000 0.00059800
v 0.05668900 -0.01410700 0.00051700
v 0.05753800 -0.01382700 0.00045000
v 0.05881900 -0.01314500 0.00032000
v 0.05994700 -0.01219100 0.00016500
v 0.06077300 -0.01113000 0.00001100
v 0.05539900 -0.01406800 0.00188700
v 0.05677100 -0.01388300 0.00166900
v 0.05761100 -0.01362700 0.00149000
v 0.05887400 -0.01299300 0.00114100
v 0.05998200 -0.01209400 0.00072500
v 0.06078800 -0.01108900 0.00031100
v 0.05558000 -0.01357100 0.00309300
v 0.05693100 -0.01344200 0.00274800
v 0.05775500 -0.01323100 0.00246400
v 0.05898700 -0.01268500 0.00191000
v 0.06005600 -0.01189000 0.00125200
v 0.06082400 -0.01099000 0.00059500
v 0.05584200 -0.01285200 0.00416500
v 0.05716500 -0.01280100 0.00370700
v 0.05796500 -0.01265500 0.00333000
v 0.05915100 -0.01223400 0.00259600
v 0.06016600 -0.01159000 0.00172300
v 0.06087900 -0.01083900 0.00085200
v 0.05617400 -0.01194000 0.00505600
v 0.05746000 -0.01198900 0.00450500
v 0.05823100 -0.01192300 0.00405200
v 0.05935900 -0.01166100 0.00316900
v 0.06030600 -0.01120400 0.00211800
v 0.06095100 -0.01064100 0.00107100
v 0.05656100 -0.01087700 0.00572800
v 0.05780600 -0.01103900 0.00510800
v 0.05854200 -0.01106800 0.00459800
v 0.05960400 -0.01098900 0.00360300
v 0.06047100 -0.01075100 0.00242000
v 0.06103700 -0.01040500 0.00124100
v 0.03054200 0.00294600 0.00755300
v 0.03069800 0.00562200 0.00497100
v 0.03069400 0.00554100 0.00516600
v 0.03068700 0.00539500 0.00546300
v 0.03067200 0.00512400 0.00590500
v 0.03067000 0.00508100 0.00596700
v 0.03065300 0.00477200 0.00634900
v 0.03063700 0.00448700 0.00663600
v 0.03063600 0.00447600 0.00664600
v 0.03063100 0.00437700 0.00673400
v 0.03060500 0.00393800 0.00706600
v 0.03059300 0.00375200 0.00718300
v 0.03059200 0.00373200 0.00719400
v 0.03057500 0.00346100 0.00734000
v 0.03585600 0.00183200 -0.00512700
v 0.03572300 0.00146700 -0.00559300
v 0.03556900 0.00104300 -0.00594000
v 0.03595800 0.00211000 -0.00455600
v 0.03591700 0.00199700 -0.00482500
v 0.03504600 0.00169100 -0.00721700
v 0.03604700 0.00266800 -0.00471000
v 0.03599100 0.00251500 -0.00508400
v 0.03592000 0.00232000 -0.00544100
v 0.03583500 0.00208600 -0.00577100
v 0.03549900 0.00116400 -0.00654600
v 0.03562300 0.00150600 -0.00633000
v 0.03573600 0.00181500 -0.00606800
v 0.03540600 0.00133600 -0.00680200
v 0.03525200 0.00151600 -0.00703100
v 0.03480000 0.00185300 -0.00735000
v 0.03554200 0.00170900 -0.00656500
v 0.03566500 0.00204600 -0.00628000
v 0.03577200 0.00234000 -0.00595700
v 0.03586400 0.00259400 -0.00560000
v 0.03594100 0.00280500 -0.00521400
v 0.03600100 0.00297100 -0.00481000
v 0.03539800 0.00191700 -0.00677600
v 0.03553000 0.00227800 -0.00647000
v 0.03564500 0.00259400 -0.00612400
v 0.03574400 0.00286600 -0.00574200
v 0.03582600 0.00309100 -0.00532900
v 0.03589000 0.00326700 -0.00489900
v 0.03520000 0.00211500 -0.00694800
v 0.03533900 0.00249700 -0.00662400
v 0.03546000 0.00283000 -0.00626000
v 0.03556400 0.00311600 -0.00585700
v 0.03565000 0.00335300 -0.00542300
v 0.03571800 0.00353800 -0.00497100
v 0.03496000 0.00229300 -0.00707000
v 0.03510500 0.00268900 -0.00673500
v 0.03523000 0.00303400 -0.00635700
v 0.03533800 0.00333000 -0.00593900
v 0.03542700 0.00357600 -0.00549100
v 0.03549700 0.00376700 -0.00502300
v 0.01141300 0.00396000 -0.00536200
v 0.01149400 0.00422000 -0.00557200
v 0.01164500 0.00446000 -0.00576700
v 0.01186000 0.00466900 -0.00593600
v 0.01212700 0.00483800 -0.00607300
v 0.01243500 0.00495800 -0.00617000
v 0.01276900 0.00502300 -0.00622300
v 0.01276900 0.00438000 -0.00686900
v 0.01276900 0.00292800 -0.00765700
v 0.01276900 0.00361700 -0.00737000
v 0.01243500 0.00290200 -0.00757700
v 0.01243500 0.00357900 -0.00729500
v 0.01238000 0.00289600 -0.00755600
v 0.01212700 0.00350800 -0.00715900
v 0.01149400 0.00314100 -0.00645200
v 0.01152100 0.00263400 -0.00673800
v 0.01164500 0.00328400 -0.00672700
v 0.01164500 0.00270700 -0.00696700
v 0.01186000 0.00340800 -0.00696600
v 0.01186000 0.00278900 -0.00722300
v 0.01212700 0.00285500 -0.00743000
v 0.01141300 0.00298700 -0.00615500
v 0.01141300 0.00251100 -0.00635400
v 0.01149400 0.00261300 -0.00667200
v 0.01141300 0.00351400 -0.00580900
v 0.01149400 0.00372600 -0.00606800
v 0.01164500 0.00392200 -0.00630800
v 0.01186000 0.00409200 -0.00651600
v 0.01212700 0.00422900 -0.00668400
v 0.01243500 0.00432600 -0.00680400
v 0.01152100 0.00120000 0.00693400
v 0.01238000 0.00128700 0.00778900
v 0.01238000 -0.00035700 0.00778300
v 0.01238000 -0.00196400 0.00743600
v 0.01238000 -0.00346400 0.00676400
v 0.01238000 -0.00479100 0.00579500
v 0.01238000 -0.00588900 0.00457100
v 0.01238000 -0.00670900 0.00314700
v 0.01238000 -0.00721600 0.00158300
v 0.01238000 -0.00738700 -0.00005100
v 0.01238000 -0.00721600 -0.00168600
v 0.01238000 -0.00670900 -0.00324900
v 0.01238000 -0.00588900 -0.00467400
v 0.01238000 -0.00479100 -0.00589700
v 0.01238000 -0.00346400 -0.00686600
v 0.01238000 -0.00196400 -0.00753900
v 0.01238000 -0.00035700 -0.00788500
v 0.01238000 0.00128700 -0.00789100
v 0.01186500 0.00125200 0.00744600
v 0.01186500 -0.00032000 0.00744100
v 0.01186500 -0.00185600 0.00710900
v 0.01186500 -0.00329100 0.00646600
v 0.01186500 -0.00456000 0.00553900
v 0.01186500 -0.00561000 0.00437000
v 0.01186500 -0.00639500 0.00300700
v 0.01186500 -0.00687900 0.00151200
v 0.01186500 -0.00704300 -0.00005100
v 0.01186500 -0.00687900 -0.00161500
v 0.01186500 -0.00639500 -0.00311000
v 0.01186500 -0.00561000 -0.00447200
v 0.01186500 -0.00456000 -0.00564200
v 0.01186500 -0.00329100 -0.00656900
v 0.01186500 -0.00185600 -0.00721200
v 0.01186500 -0.00032000 -0.00754300
v 0.01186500 0.00125200 -0.00754900
v 0.01152100 0.00120000 -0.00703700
v 0.01152100 -0.00026400 -0.00703100
v 0.01152100 -0.00169600 -0.00672200
v 0.01152100 -0.00303200 -0.00612300
v 0.01152100 -0.00421500 -0.00526000
v 0.01152100 -0.00519300 -0.00417000
v 0.01152100 -0.00592400 -0.00290100
v 0.01152100 -0.00637500 -0.00150800
v 0.01152100 -0.00652800 -0.00005100
v 0.01152100 -0.00637500 0.00140500
v 0.01152100 -0.00592400 0.00279800
v 0.01152100 -0.00519300 0.00406700
v 0.01152100 -0.00421500 0.00515700
v 0.01152100 -0.00303200 0.00602100
v 0.01152100 -0.00169600 0.00662000
v 0.01152100 -0.00026400 0.00692900
v 0.01140000 0.00980000 0.00940000
v 0.01570000 0.00980000 0.00940000
v 0.01140000 0.00980000 0.01120000
v 0.01570000 0.00980000 0.01340000
v -0.00330000 0.00980000 0.01120000
v -0.00330000 0.00980000 0.01340000
v 0.01570000 -0.00980000 0.01340000
v 0.01570000 -0.00980000 0.00940000
v 0.01140000 -0.00980000 0.01340000
v 0.01140000 -0.00980000 0.00940000
v 0.01132400 -0.00741700 0.01340000
v 0.01095600 -0.00696900 0.01340000
v 0.01140000 -0.00780000 0.01340000
v 0.01040000 -0.00680000 0.01340000
v 0.00099200 -0.00680000 0.01340000
v -0.00630000 0.00420000 0.01340000
v -0.00273500 -0.00513300 0.01340000
v -0.00425500 -0.00308500 0.01340000
v -0.00624200 0.00738500 0.01340000
v -0.00607200 0.00794800 0.01340000
v -0.00537800 -0.00079600 0.01340000
v -0.00606800 0.00166000 0.01340000
v -0.00630000 0.00680000 0.01340000
v -0.00195700 -0.00583800 0.01340000
v -0.00005200 -0.00669000 0.01340000
v -0.00104900 -0.00636400 0.01340000
v -0.00388500 0.00974200 0.01340000
v -0.00444800 0.00957200 0.01340000
v -0.00496700 0.00929400 0.01340000
v -0.00579400 0.00846700 0.01340000
v -0.00542100 0.00892100 0.01340000
v 0.01140000 -0.00780000 0.01120000
v 0.00099200 -0.00680000 0.01120000
v 0.01040000 -0.00680000 0.01120000
v -0.00005200 -0.00669000 0.01120000
v -0.00104900 -0.00636400 0.01120000
v -0.00195700 -0.00583800 0.01120000
v -0.00273500 -0.00513300 0.01120000
v 0.01132400 -0.00741700 0.01120000
v 0.01095600 -0.00696900 0.01120000
v -0.00537800 -0.00079600 0.01120000
v -0.00425500 -0.00308500 0.01120000
v -0.00624200 0.00738500 0.01120000
v -0.00630000 0.00680000 0.01120000
v -0.00630000 0.00420000 0.01120000
v -0.00606800 0.00166000 0.01120000
v -0.00388500 0.00974200 0.01120000
v -0.00444800 0.00957200 0.01120000
v -0.00496700 0.00929400 0.01120000
v -0.00542100 0.00892100 0.01120000
v -0.00579400 0.00846700 0.01120000
v -0.00607200 0.00794800 0.01120000
f 3 2 1
f 4 3 1
f 4 5 3
f 6 5 4
f 6 7 5
f 8 7 6
f 8 9 7
f 10 9 8
f 11 9 10
f 12 11 10
f 12 13 11
f 14 13 12
f 14 15 13
f 16 15 14
f 16 17 15
f 18 17 16
f 19 1 2
f 19 20 1
f 23 22 21
f 23 24 22
f 25 24 23
f 25 26 24
f 28 27 19
f 28 29 27
f 30 29 28
f 30 25 29
f 26 25 30
f 32 17 31
f 32 28 17
f 2 28 19
f 2 17 28
f 15 17 2
f 31 33 32
f 31 34 33
f 35 34 31
f 35 36 34
f 2 13 15
f 2 11 13
f 9 11 2
f 34 38 37
f 34 39 38
f 36 39 34
f 2 7 9
f 2 5 7
f 3 5 2
f 40 26 30
f 40 24 26
f 41 30 28
f 41 40 30
f 43 21 42
f 21 44 23
f 21 45 44
f 20 45 21
f 21 14 12
f 46 43 42
f 21 16 14
f 21 18 16
f 43 18 21
f 47 43 46
f 47 48 43
f 49 48 47
f 21 1 20
f 21 4 1
f 6 4 21
f 21 8 6
f 21 10 8
f 12 10 21
f 47 50 49
f 47 51 50
f 52 51 47
f 44 25 23
f 44 29 25
f 45 29 44
f 45 27 29
f 20 27 45
f 20 19 27
f 17 43 31
f 17 18 43
f 21 32 42
f 21 28 32
f 22 28 21
f 22 41 28
f 41 24 40
f 41 22 24
f 35 31 43
f 48 35 43
f 48 36 35
f 49 36 48
f 49 39 36
f 50 39 49
f 50 38 39
f 51 38 50
f 51 37 38
f 52 37 51
f 52 34 37
f 47 34 52
f 47 33 34
f 46 33 47
f 46 32 33
f 42 32 46
f 55 54 53
f 58 57 56
f 53 59 55
f 53 60 59
f 61 60 53
f 61 56 60
f 62 56 61
f 62 58 56
f 65 64 63
f 65 66 64
f 60 67 59
f 60 56 67
f 68 54 55
f 67 55 59
f 67 68 55
f 69 68 67
f 69 70 68
f 71 70 69
f 71 72 70
f 73 72 71
f 73 74 72
f 75 74 73
f 75 76 74
f 77 76 75
f 77 78 76
f 79 78 77
f 79 80 78
f 81 80 79
f 81 82 80
f 85 84 83
f 85 86 84
f 89 88 87
f 84 87 83
f 84 89 87
f 90 89 84
f 90 91 89
f 92 91 90
f 92 93 91
f 94 93 92
f 94 95 93
f 96 95 94
f 96 97 95
f 98 97 96
f 98 99 97
f 100 99 98
f 100 101 99
f 63 101 100
f 63 64 101
f 82 103 102
f 82 81 103
f 105 88 104
f 105 106 88
f 107 86 85
f 108 88 106
f 108 87 88
f 107 87 108
f 107 83 87
f 85 83 107
f 105 109 106
f 105 104 109
f 110 107 108
f 111 102 103
f 111 112 102
f 113 112 111
f 113 114 112
f 115 114 113
f 115 116 114
f 117 116 115
f 117 118 116
f 119 118 117
f 119 120 118
f 121 120 119
f 121 122 120
f 110 122 121
f 110 109 122
f 108 109 110
f 108 106 109
f 125 124 123
f 127 126 125
f 127 128 126
f 129 128 127
f 132 131 130
f 132 133 131
f 134 133 132
f 123 127 125
f 123 135 127
f 136 135 123
f 136 137 135
f 138 137 136
f 138 132 137
f 139 132 138
f 139 134 132
f 140 134 139
f 143 142 141
f 145 144 143
f 145 146 144
f 147 146 145
f 150 149 148
f 150 151 149
f 152 151 150
f 141 145 143
f 141 153 145
f 154 153 141
f 154 155 153
f 156 155 154
f 156 150 155
f 157 150 156
f 157 152 150
f 158 152 157
f 152 158 159
f 160 151 152
f 160 149 151
f 148 149 160
f 161 128 129
f 161 126 128
f 125 126 161
f 159 160 152
f 159 162 160
f 163 162 159
f 163 164 162
f 165 164 163
f 165 166 164
f 167 166 165
f 167 168 166
f 169 168 167
f 169 170 168
f 171 170 169
f 171 172 170
f 173 172 171
f 173 174 172
f 175 174 173
f 175 176 174
f 177 176 175
f 177 178 176
f 179 178 177
f 179 180 178
f 181 180 179
f 181 182 180
f 183 182 181
f 183 184 182
f 185 184 183
f 185 186 184
f 187 186 185
f 187 188 186
f 189 188 187
f 189 190 188
f 191 190 189
f 191 161 190
f 192 161 191
f 192 125 161
f 124 125 192
f 195 194 193
f 195 196 194
f 197 196 195
f 197 198 196
f 199 198 197
f 199 200 198
f 203 202 201
f 203 204 202
f 205 204 203
f 205 206 204
f 207 206 205
f 207 208 206
f 196 209 194
f 196 210 209
f 210 200 211
f 210 198 200
f 196 198 210
f 200 212 211
f 200 213 212
f 202 213 200
f 202 214 213
f 204 214 202
f 204 215 214
f 206 215 204
f 206 216 215
f 208 216 206
f 61 217 62
f 61 53 217
f 218 57 58
f 219 66 65
f 219 220 66
f 221 220 219
f 221 222 220
f 223 222 221
f 223 224 222
f 225 224 223
f 225 226 224
f 227 226 225
f 227 228 226
f 229 228 227
f 229 230 228
f 218 230 229
f 218 217 230
f 58 217 218
f 58 62 217
f 215 142 214
f 215 141 142
f 141 208 154
f 141 216 208
f 215 216 141
f 231 208 207
f 231 154 208
f 232 154 231
f 232 156 154
f 233 156 232
f 234 156 233
f 234 157 156
f 235 157 234
f 235 158 157
f 236 158 235
f 239 238 237
f 239 241 240
f 239 242 241
f 243 242 239
f 239 244 243
f 239 245 244
f 237 245 239
f 248 247 246
f 251 250 249
f 249 252 251
f 249 253 252
f 254 253 249
f 249 255 254
f 249 256 255
f 257 256 249
f 249 248 246
f 249 258 248
f 250 258 249
f 239 259 238
f 239 260 259
f 261 260 239
f 261 262 260
f 261 263 262
f 261 264 263
f 265 264 261
f 261 266 265
f 261 267 266
f 268 267 261
f 261 269 268
f 261 270 269
f 246 270 261
f 246 271 270
f 246 272 271
f 246 273 272
f 274 273 246
f 246 275 274
f 246 276 275
f 247 276 246
f 279 278 277
f 22 205 203
f 282 281 280
f 283 282 280
f 283 284 282
f 285 284 283
f 283 286 285
f 283 287 286
f 288 287 283
f 283 289 288
f 283 290 289
f 277 290 283
f 277 291 290
f 278 291 277
f 22 236 235
f 22 292 236
f 280 292 22
f 280 293 292
f 280 294 293
f 280 295 294
f 296 295 280
f 277 197 195
f 277 199 197
f 22 199 277
f 22 201 199
f 203 201 22
f 280 297 296
f 280 298 297
f 281 298 280
f 277 299 279
f 277 300 299
f 301 300 277
f 277 302 301
f 277 193 302
f 195 193 277
f 22 207 205
f 22 231 207
f 232 231 22
f 22 233 232
f 22 234 233
f 235 234 22
f 22 246 280
f 22 249 246
f 277 239 240
f 257 249 22
f 257 64 66
f 257 240 64
f 22 240 257
f 22 277 240
f 283 246 261
f 283 280 246
f 134 140 303
f 304 133 134
f 304 131 133
f 130 131 304
f 305 146 147
f 305 144 146
f 143 144 305
f 303 304 134
f 303 305 304
f 306 305 303
f 306 143 305
f 142 143 306
f 292 158 236
f 292 159 158
f 293 159 292
f 293 163 159
f 294 163 293
f 294 165 163
f 295 165 294
f 295 167 165
f 296 167 295
f 296 169 167
f 297 169 296
f 297 171 169
f 298 171 297
f 298 173 171
f 281 173 298
f 281 175 173
f 282 175 281
f 282 177 175
f 284 177 282
f 284 179 177
f 285 179 284
f 285 181 179
f 286 181 285
f 286 183 181
f 287 183 286
f 287 185 183
f 288 185 287
f 288 187 185
f 289 187 288
f 289 189 187
f 290 189 289
f 290 191 189
f 291 191 290
f 291 192 191
f 278 192 291
f 278 124 192
f 283 239 277
f 283 261 239
f 248 53 54
f 248 258 53
f 201 200 199
f 201 202 200
f 212 140 211
f 212 303 140
f 213 303 212
f 213 306 303
f 214 306 213
f 214 142 306
f 68 248 54
f 68 247 248
f 70 247 68
f 70 276 247
f 72 276 70
f 72 275 276
f 74 275 72
f 74 274 275
f 76 274 74
f 76 273 274
f 78 273 76
f 78 272 273
f 80 272 78
f 80 271 272
f 82 271 80
f 82 270 271
f 270 102 269
f 270 82 102
f 112 269 102
f 112 268 269
f 114 268 112
f 114 267 268
f 116 267 114
f 116 266 267
f 118 266 116
f 118 265 266
f 120 265 118
f 120 264 265
f 122 264 120
f 122 263 264
f 109 263 122
f 109 262 263
f 104 262 109
f 104 260 262
f 89 259 88
f 89 238 259
f 91 238 89
f 91 237 238
f 93 237 91
f 93 245 237
f 95 245 93
f 95 244 245
f 97 244 95
f 97 243 244
f 99 243 97
f 99 242 243
f 101 242 99
f 101 241 242
f 64 241 101
f 64 240 241
f 220 257 66
f 220 256 257
f 222 256 220
f 222 255 256
f 224 255 222
f 224 254 255
f 226 254 224
f 226 253 254
f 228 253 226
f 228 252 253
f 230 252 228
f 230 251 252
f 217 251 230
f 217 250 251
f 53 250 217
f 53 258 250
f 103 180 182
f 161 107 190
f 161 86 107
f 129 86 161
f 184 115 113
f 103 178 180
f 103 176 178
f 81 176 103
f 81 174 176
f 57 160 56
f 57 148 160
f 150 148 57
f 107 188 190
f 107 186 188
f 110 186 107
f 110 184 186
f 121 184 110
f 56 164 166
f 56 162 164
f 160 162 56
f 86 135 137
f 86 127 135
f 129 127 86
f 184 103 182
f 184 111 103
f 113 111 184
f 184 117 115
f 184 119 117
f 121 119 184
f 168 71 69
f 168 73 71
f 75 73 168
f 81 172 174
f 81 170 172
f 79 170 81
f 79 168 170
f 77 168 79
f 77 75 168
f 168 56 166
f 168 67 56
f 69 67 168
f 132 92 90
f 132 94 92
f 132 96 94
f 98 96 132
f 132 100 98
f 132 63 100
f 130 63 132
f 219 145 221
f 219 65 145
f 145 223 221
f 145 225 223
f 227 225 145
f 65 147 145
f 65 305 147
f 63 305 65
f 63 304 305
f 130 304 63
f 132 86 137
f 132 84 86
f 90 84 132
f 57 155 150
f 57 153 155
f 218 153 57
f 218 145 153
f 229 145 218
f 229 227 145
f 260 88 259
f 260 104 88
f 209 138 194
f 209 139 138
f 210 139 209
f 210 140 139
f 211 140 210
f 123 278 279
f 123 124 278
f 299 123 279
f 299 136 123
f 300 136 299
f 301 136 300
f 301 138 136
f 302 138 301
f 302 194 138
f 193 194 302
f 309 308 307
f 310 309 307
f 310 311 309
f 310 312 311
f 313 312 310
f 313 314 312
f 315 314 313
f 318 317 316
f 318 308 317
f 319 308 318
f 319 307 308
f 320 307 319
f 323 322 321
f 324 323 321
f 324 325 323
f 316 325 324
f 316 326 325
f 317 326 316
f 327 321 322
f 327 328 321
f 329 328 327
f 330 328 329
f 330 331 328
f 332 331 330
f 335 334 333
f 336 334 335
f 336 337 334
f 338 337 336
f 335 340 339
f 335 341 340
f 333 341 335
f 344 343 342
f 344 345 343
f 339 345 344
f 339 346 345
f 340 346 339
f 347 344 342
f 347 348 344
f 349 348 347
f 349 350 348
f 351 350 349
f 352 350 351
f 352 353 350
f 354 353 352
f 354 355 353
f 356 355 354
f 356 357 355
f 358 357 356
f 361 360 359
f 364 363 362
f 367 366 365
f 365 369 368
f 365 370 369
f 371 370 365
f 371 372 370
f 371 373 372
f 374 373 371
f 374 375 373
f 376 375 374
f 376 377 375
f 378 377 376
f 378 379 377
f 380 379 378
f 383 382 381
f 383 384 382
f 362 384 383
f 387 386 385
f 387 381 386
f 385 389 388
f 360 388 389
f 368 367 365
f 368 390 367
f 359 390 368
f 383 364 362
f 383 391 364
f 392 391 383
f 392 393 391
f 392 394 393
f 395 394 392
f 395 396 394
f 397 396 395
f 397 398 396
f 399 398 397
f 399 400 398
f 401 400 399
f 401 402 400
f 403 402 401
f 403 404 402
f 405 404 403
f 387 383 381
f 387 392 383
f 406 392 387
f 406 395 392
f 407 395 406
f 407 397 395
f 408 397 407
f 408 399 397
f 409 399 408
f 409 401 399
f 410 401 409
f 410 403 401
f 411 403 410
f 411 405 403
f 412 405 411
f 388 387 385
f 388 406 387
f 413 406 388
f 413 407 406
f 414 407 413
f 414 408 407
f 415 408 414
f 415 409 408
f 416 409 415
f 416 410 409
f 417 410 416
f 417 411 410
f 418 411 417
f 418 412 411
f 419 412 418
f 361 388 360
f 361 413 388
f 420 413 361
f 420 414 413
f 421 414 420
f 421 415 414
f 422 415 421
f 422 416 415
f 423 416 422
f 423 417 416
f 424 417 423
f 424 418 417
f 425 418 424
f 425 419 418
f 426 419 425
f 368 361 359
f 368 420 361
f 369 420 368
f 369 421 420
f 370 421 369
f 370 422 421
f 372 422 370
f 372 423 422
f 373 423 372
f 373 424 423
f 375 424 373
f 375 425 424
f 377 425 375
f 377 426 425
f 379 426 377
f 412 419 427
f 430 429 428
f 379 380 431
f 432 379 431
f 435 434 433
f 430 436 435
f 430 437 436
f 428 437 430
f 440 439 438
f 440 441 439
f 442 441 440
f 442 443 441
f 444 443 442
f 444 357 443
f 447 446 445
f 447 448 446
f 449 448 447
f 449 450 448
f 451 450 449
f 451 452 450
f 453 452 451
f 453 454 452
f 455 454 453
f 455 456 454
f 457 456 455
f 457 458 456
f 459 427 445
f 448 460 446
f 448 461 460
f 450 461 448
f 450 462 461
f 452 462 450
f 452 438 462
f 454 438 452
f 454 440 438
f 456 440 454
f 456 442 440
f 458 442 456
f 458 444 442
f 465 464 463
f 465 429 464
f 432 429 465
f 432 428 429
f 465 379 432
f 465 426 379
f 463 426 465
f 467 466 430
f 433 430 435
f 433 467 430
f 468 467 433
f 429 469 464
f 429 470 469
f 430 470 429
f 430 471 470
f 466 471 430
f 459 412 427
f 459 405 412
f 472 405 459
f 472 404 405
f 473 404 472
f 446 459 445
f 446 472 459
f 460 472 446
f 460 473 472
f 461 473 460
f 461 474 473
f 462 474 461
f 462 475 474
f 438 475 462
f 438 476 475
f 439 476 438
f 463 419 426
f 463 427 419
f 464 427 463
f 464 445 427
f 469 445 464
f 469 447 445
f 470 447 469
f 470 449 447
f 471 449 470
f 471 451 449
f 466 451 471
f 466 453 451
f 467 453 466
f 467 455 453
f 468 455 467
f 468 457 455
f 479 478 477
f 482 481 480
f 484 483 481
f 486 485 483
f 489 488 487
f 492 491 490
f 495 494 493
f 362 363 496
f 499 498 497
f 502 501 500
f 505 504 503
f 507 506 477
f 507 508 506
f 509 508 507
f 509 510 508
f 509 511 510
f 512 511 509
f 512 513 511
f 514 513 512
f 514 515 513
f 516 515 514
f 515 518 517
f 515 519 518
f 516 519 515
f 518 520 517
f 518 521 520
f 522 521 518
f 522 523 521
f 524 523 522
f 524 525 523
f 526 525 524
f 526 527 525
f 528 527 526
f 528 529 527
f 528 530 529
f 531 530 528
f 531 532 530
f 533 532 531
f 533 534 532
f 533 535 534
f 536 535 533
f 536 537 535
f 538 537 536
f 538 539 537
f 540 539 538
f 540 541 539
f 540 542 541
f 543 542 540
f 543 544 542
f 545 544 543
f 545 546 544
f 547 546 545
f 547 367 546
f 366 367 547
f 548 492 338
f 548 491 492
f 549 491 548
f 550 504 505
f 550 551 504
f 489 551 550
f 554 553 552
f 554 555 553
f 556 555 554
f 556 494 555
f 557 494 556
f 557 493 494
f 558 493 557
f 559 501 502
f 559 560 501
f 561 560 559
f 561 562 560
f 563 562 561
f 566 565 564
f 566 567 565
f 568 567 566
f 568 569 567
f 570 569 568
f 570 571 569
f 570 572 571
f 573 572 570
f 573 574 572
f 573 575 574
f 576 575 573
f 576 577 575
f 578 577 576
f 578 579 577
f 580 579 578
f 583 582 581
f 583 584 582
f 585 584 583
f 585 586 584
f 587 586 585
f 587 588 586
f 589 588 587
f 590 498 499
f 590 591 498
f 592 591 590
f 594 593 496
f 594 595 593
f 596 595 594
f 597 549 485
f 597 491 549
f 598 491 597
f 598 490 491
f 601 600 599
f 601 602 600
f 603 602 601
f 603 604 602
f 550 488 489
f 550 605 488
f 505 605 550
f 606 494 495
f 606 555 494
f 607 555 606
f 607 553 555
f 608 553 607
f 610 500 609
f 610 502 500
f 611 502 610
f 611 559 502
f 612 559 611
f 612 561 559
f 613 561 612
f 613 563 561
f 563 564 562
f 563 566 564
f 613 566 563
f 613 568 566
f 614 568 613
f 614 570 568
f 615 570 614
f 615 573 570
f 616 573 615
f 616 576 573
f 617 576 616
f 617 578 576
f 618 578 617
f 618 580 578
f 619 580 618
f 585 620 587
f 585 619 620
f 583 619 585
f 583 580 619
f 581 580 583
f 581 579 580
f 587 621 589
f 587 622 621
f 620 622 587
f 589 497 588
f 589 499 497
f 621 499 589
f 621 590 499
f 623 590 621
f 623 592 590
f 624 592 623
f 593 625 496
f 593 624 625
f 595 624 593
f 595 592 624
f 596 592 595
f 596 591 592
f 628 627 626
f 628 629 627
f 630 629 628
f 630 631 629
f 632 631 630
f 632 633 631
f 629 604 627
f 629 602 604
f 631 602 629
f 631 600 602
f 633 600 631
f 633 599 600
f 634 599 633
f 601 503 603
f 601 505 503
f 599 505 601
f 599 605 505
f 634 605 599
f 634 488 605
f 635 488 634
f 635 487 488
f 489 636 551
f 489 637 636
f 487 637 489
f 487 638 637
f 635 638 487
f 635 639 638
f 640 639 635
f 640 641 639
f 637 642 636
f 637 643 642
f 638 643 637
f 638 644 643
f 639 644 638
f 639 645 644
f 641 645 639
f 643 646 642
f 643 558 646
f 644 558 643
f 644 493 558
f 645 493 644
f 645 495 493
f 641 495 645
f 641 606 495
f 647 606 641
f 647 607 606
f 648 607 647
f 648 608 607
f 553 609 552
f 553 610 609
f 608 610 553
f 608 611 610
f 648 611 608
f 648 612 611
f 649 612 648
f 649 613 612
f 650 613 649
f 650 614 613
f 651 614 650
f 651 615 614
f 652 615 651
f 652 616 615
f 653 616 652
f 653 617 616
f 654 617 653
f 654 618 617
f 655 618 654
f 655 619 618
f 656 619 655
f 656 620 619
f 657 620 656
f 657 622 620
f 658 622 657
f 658 621 622
f 659 621 658
f 659 623 621
f 660 623 659
f 660 624 623
f 661 624 660
f 625 362 496
f 625 384 362
f 624 384 625
f 624 382 384
f 661 382 624
f 661 381 382
f 386 381 661
f 490 626 492
f 490 628 626
f 598 628 490
f 598 630 628
f 662 630 598
f 662 632 630
f 663 632 662
f 663 633 632
f 664 633 663
f 664 634 633
f 665 634 664
f 665 635 634
f 666 635 665
f 666 640 635
f 667 640 666
f 667 641 640
f 668 641 667
f 668 647 641
f 669 647 668
f 669 648 647
f 670 648 669
f 670 649 648
f 671 649 670
f 671 650 649
f 672 650 671
f 672 651 650
f 673 651 672
f 673 652 651
f 674 652 673
f 674 653 652
f 675 653 674
f 675 654 653
f 676 654 675
f 676 655 654
f 677 655 676
f 677 656 655
f 678 656 677
f 678 657 656
f 679 657 678
f 679 658 657
f 680 658 679
f 680 659 658
f 681 659 680
f 681 660 659
f 682 660 681
f 682 661 660
f 683 661 682
f 683 386 661
f 385 386 683
f 486 597 485
f 486 598 597
f 684 598 486
f 684 662 598
f 685 662 684
f 685 663 662
f 686 663 685
f 686 664 663
f 687 664 686
f 687 665 664
f 688 665 687
f 688 666 665
f 689 666 688
f 689 667 666
f 690 667 689
f 690 668 667
f 691 668 690
f 691 669 668
f 692 669 691
f 692 670 669
f 693 670 692
f 693 671 670
f 694 671 693
f 694 672 671
f 695 672 694
f 695 673 672
f 696 673 695
f 696 674 673
f 697 674 696
f 697 675 674
f 698 675 697
f 698 676 675
f 699 676 698
f 699 677 676
f 700 677 699
f 700 678 677
f 701 678 700
f 701 679 678
f 702 679 701
f 702 680 679
f 703 680 702
f 703 681 680
f 704 681 703
f 704 682 681
f 705 682 704
f 705 683 682
f 706 683 705
f 706 385 683
f 389 385 706
f 484 486 483
f 484 684 486
f 707 684 484
f 707 685 684
f 708 685 707
f 708 686 685
f 709 686 708
f 709 687 686
f 710 687 709
f 710 688 687
f 711 688 710
f 711 689 688
f 712 689 711
f 712 690 689
f 713 690 712
f 713 691 690
f 714 691 713
f 714 692 691
f 715 692 714
f 715 693 692
f 716 693 715
f 716 694 693
f 717 694 716
f 717 695 694
f 718 695 717
f 718 696 695
f 719 696 718
f 719 697 696
f 720 697 719
f 720 698 697
f 721 698 720
f 721 699 698
f 722 699 721
f 722 700 699
f 723 700 722
f 723 701 700
f 724 701 723
f 724 702 701
f 725 702 724
f 725 703 702
f 726 703 725
f 726 704 703
f 727 704 726
f 727 705 704
f 728 705 727
f 728 706 705
f 729 706 728
f 729 389 706
f 360 389 729
f 731 730 478
f 731 732 730
f 735 734 733
f 735 731 734
f 736 731 735
f 736 732 731
f 480 732 736
f 736 482 480
f 736 737 482
f 735 737 736
f 735 738 737
f 733 738 735
f 482 484 481
f 482 707 484
f 737 707 482
f 737 708 707
f 738 708 737
f 738 709 708
f 733 709 738
f 733 710 709
f 739 710 733
f 739 711 710
f 740 711 739
f 740 712 711
f 741 712 740
f 741 713 712
f 742 713 741
f 742 714 713
f 743 714 742
f 743 715 714
f 744 715 743
f 744 716 715
f 745 716 744
f 745 717 716
f 746 717 745
f 746 718 717
f 747 718 746
f 747 719 718
f 748 719 747
f 748 720 719
f 749 720 748
f 749 721 720
f 750 721 749
f 750 722 721
f 751 722 750
f 751 723 722
f 752 723 751
f 752 724 723
f 753 724 752
f 753 725 724
f 754 725 753
f 754 726 725
f 755 726 754
f 755 727 726
f 756 727 755
f 756 728 727
f 757 728 756
f 757 729 728
f 758 729 757
f 758 360 729
f 359 360 758
f 479 731 478
f 479 734 731
f 759 734 479
f 759 733 734
f 760 733 759
f 760 739 733
f 761 739 760
f 761 740 739
f 762 740 761
f 762 741 740
f 763 741 762
f 763 742 741
f 764 742 763
f 764 743 742
f 765 743 764
f 765 744 743
f 766 744 765
f 766 745 744
f 767 745 766
f 767 746 745
f 768 746 767
f 768 747 746
f 769 747 768
f 769 748 747
f 770 748 769
f 770 749 748
f 771 749 770
f 771 750 749
f 772 750 771
f 772 751 750
f 773 751 772
f 773 752 751
f 774 752 773
f 774 753 752
f 775 753 774
f 775 754 753
f 776 754 775
f 776 755 754
f 777 755 776
f 777 756 755
f 778 756 777
f 778 757 756
f 779 757 778
f 779 758 757
f 780 758 779
f 780 359 758
f 390 359 780
f 506 479 477
f 506 759 479
f 508 759 506
f 508 760 759
f 510 760 508
f 510 761 760
f 511 761 510
f 511 762 761
f 513 762 511
f 513 763 762
f 515 763 513
f 515 764 763
f 517 764 515
f 517 765 764
f 520 765 517
f 520 766 765
f 521 766 520
f 521 767 766
f 523 767 521
f 523 768 767
f 525 768 523
f 525 769 768
f 527 769 525
f 527 770 769
f 529 770 527
f 529 771 770
f 530 771 529
f 530 772 771
f 532 772 530
f 532 773 772
f 534 773 532
f 534 774 773
f 535 774 534
f 535 775 774
f 537 775 535
f 537 776 775
f 539 776 537
f 539 777 776
f 541 777 539
f 541 778 777
f 542 778 541
f 542 779 778
f 544 779 542
f 544 780 779
f 546 780 544
f 546 390 780
f 367 390 546
f 783 782 781
f 783 784 782
f 787 786 785
f 787 788 786
f 789 788 787
f 789 790 788
f 784 790 789
f 784 791 790
f 783 791 784
f 794 793 792
f 794 795 793
f 796 795 794
f 796 781 795
f 797 781 796
f 797 783 781
f 800 799 798
f 800 801 799
f 802 801 800
f 802 792 801
f 803 792 802
f 803 794 792
f 806 805 804
f 806 807 805
f 808 807 806
f 808 798 807
f 809 798 808
f 809 800 798
f 812 811 810
f 812 813 811
f 814 813 812
f 814 804 813
f 815 804 814
f 815 806 804
f 818 817 816
f 818 819 817
f 820 819 818
f 820 810 819
f 821 810 820
f 821 812 810
f 816 822 818
f 816 823 822
f 824 823 816
f 824 825 823
f 826 825 824
f 826 827 825
f 830 829 828
f 830 831 829
f 832 831 830
f 832 833 831
f 827 834 825
f 827 835 834
f 836 835 827
f 836 833 835
f 837 833 836
f 837 831 833
f 840 839 838
f 840 841 839
f 842 841 840
f 842 843 841
f 844 843 842
f 844 845 843
f 846 845 844
f 846 847 845
f 848 847 846
f 848 849 847
f 850 849 848
f 850 851 849
f 852 851 850
f 852 853 851
f 854 853 852
f 854 855 853
f 856 855 854
f 856 857 855
f 858 857 856
f 858 859 857
f 860 859 858
f 860 861 859
f 862 861 860
f 862 863 861
f 864 863 862
f 864 865 863
f 866 865 864
f 866 867 865
f 868 867 866
f 868 869 867
f 828 869 868
f 828 870 869
f 829 870 828
f 873 872 871
f 874 873 871
f 874 875 873
f 876 875 874
f 876 877 875
f 878 877 876
f 878 879 877
f 878 880 879
f 881 880 878
f 881 882 880
f 883 882 881
f 883 884 882
f 885 884 883
f 885 886 884
f 887 886 885
f 889 888 320
f 889 887 888
f 890 887 889
f 890 886 887
f 320 892 891
f 320 893 892
f 888 893 320
f 896 895 894
f 899 898 897
f 899 894 898
f 900 894 899
f 902 901 897
f 902 903 901
f 901 899 897
f 901 900 899
f 904 900 901
f 904 905 900
f 906 905 904
f 906 907 905
f 908 907 906
f 908 909 907
f 910 909 908
f 911 909 910
f 911 912 909
f 913 912 911
f 913 914 912
f 915 914 913
f 900 896 894
f 900 916 896
f 905 916 900
f 905 917 916
f 907 917 905
f 907 918 917
f 909 918 907
f 920 915 919
f 920 914 915
f 921 914 920
f 921 912 914
f 922 912 921
f 922 909 912
f 923 909 922
f 923 918 909
f 926 925 924
f 929 928 927
f 932 931 930
f 935 934 933
f 936 935 933
f 936 937 935
f 932 937 936
f 932 938 937
f 930 938 932
f 938 927 928
f 938 939 927
f 930 939 938
f 929 926 924
f 929 940 926
f 927 940 929
f 941 918 923
f 944 943 942
f 944 945 943
f 944 946 945
f 947 946 944
f 950 949 948
f 950 951 949
f 952 951 950
f 952 953 951
f 954 953 952
f 954 955 953
f 956 955 954
f 956 958 957
f 959 957 958
f 959 960 957
f 961 960 959
f 963 962 961
f 963 964 962
f 965 964 963
f 965 966 964
f 969 968 967
f 970 969 967
f 969 918 941
f 969 917 918
f 969 916 917
f 970 916 969
f 970 896 916
f 895 896 970
f 971 920 919
f 971 921 920
f 941 921 971
f 941 922 921
f 923 922 941
f 962 973 972
f 962 974 973
f 964 974 962
f 962 960 961
f 962 975 960
f 972 975 962
f 957 977 976
f 957 978 977
f 960 978 957
f 960 979 978
f 975 979 960
f 957 955 956
f 957 980 955
f 976 980 957
f 953 981 951
f 953 982 981
f 955 982 953
f 955 983 982
f 980 983 955
f 986 985 984
f 986 987 985
f 988 985 987
f 988 989 985
f 990 989 988
f 947 992 991
f 947 993 992
f 944 993 947
f 944 994 993
f 989 994 944
f 989 995 994
f 990 995 989
f 985 982 984
f 985 981 982
f 989 981 985
f 989 951 981
f 944 951 989
f 944 949 951
f 942 949 944
f 942 948 949
f 973 919 972
f 973 971 919
f 974 971 973
f 974 941 971
f 964 941 974
f 964 969 941
f 966 969 964
f 966 968 969
f 996 933 934
f 996 997 933
f 1000 999 998
f 1000 1001 999
f 1002 1001 1000
f 1005 1004 1003
f 1003 1006 1005
f 1003 1007 1006
f 1008 1007 1003
f 1008 1009 1007
f 1010 1009 1008
f 1010 1011 1009
f 1012 1011 1010
f 1012 1013 1011
f 1013 1015 1014
f 1013 1016 1015
f 1012 1016 1013
f 1014 1018 1017
f 1014 1019 1018
f 1015 1019 1014
f 1017 1021 1020
f 1017 1022 1021
f 1018 1022 1017
f 1020 1024 1023
f 1020 1025 1024
f 1021 1025 1020
f 1023 1027 1026
f 1023 1028 1027
f 1024 1028 1023
f 1026 1030 1029
f 1026 1031 1030
f 1027 1031 1026
f 1029 1033 1032
f 1029 1034 1033
f 1030 1034 1029
f 1032 1036 1035
f 1032 1037 1036
f 1033 1037 1032
f 1035 1039 1038
f 1035 1040 1039
f 1036 1040 1035
f 1038 1042 1041
f 1038 1043 1042
f 1039 1043 1038
f 1041 1045 1044
f 1041 1046 1045
f 1042 1046 1041
f 1047 1001 1002
f 1047 1048 1001
f 1044 1048 1047
f 1044 1049 1048
f 1045 1049 1044
f 1050 997 996
f 1051 1050 996
f 1051 1052 1050
f 1053 1052 1051
f 1053 1054 1052
f 1055 1054 1053
f 1055 1056 1054
f 1057 1056 1055
f 1057 1058 1056
f 1059 1058 1057
f 1059 1060 1058
f 1061 1060 1059
f 1061 1062 1060
f 1063 1062 1061
f 1063 1064 1062
f 1065 1064 1063
f 1065 1066 1064
f 1067 1066 1065
f 1067 1068 1066
f 1069 1068 1067
f 1069 1070 1068
f 1071 1070 1069
f 1071 1072 1070
f 1073 1072 1071
f 1073 1074 1072
f 1075 1074 1073
f 1075 1076 1074
f 1077 1076 1075
f 1077 1078 1076
f 1079 1078 1077
f 1082 1081 1080
f 1085 1084 1083
f 1088 1087 1086
f 1088 1089 1087
f 892 1080 891
f 892 1082 1080
f 893 1082 892
f 893 1090 1082
f 888 1090 893
f 888 1091 1090
f 887 1091 888
f 885 1091 887
f 885 1092 1091
f 883 1092 885
f 881 1092 883
f 881 1093 1092
f 878 1093 881
f 878 1094 1093
f 876 1094 878
f 876 1095 1094
f 874 1095 876
f 874 1096 1095
f 871 1096 874
f 1099 1098 1097
f 1097 1100 1099
f 1097 1101 1100
f 1102 1101 1097
f 1088 1103 1089
f 1088 1104 1103
f 1105 1104 1088
f 1105 1106 1104
f 1107 1106 1105
f 1107 1108 1106
f 1109 1108 1107
f 1109 1102 1108
f 1110 1102 1109
f 1110 1101 1102
f 1082 1083 1081
f 1082 1085 1083
f 1090 1085 1082
f 1090 1111 1085
f 1091 1111 1090
f 1091 1112 1111
f 1092 1112 1091
f 1092 1113 1112
f 1093 1113 1092
f 1093 1114 1113
f 1094 1114 1093
f 1094 1115 1114
f 1095 1115 1094
f 1095 1116 1115
f 1096 1116 1095
f 1096 1117 1116
f 1085 1086 1084
f 1085 1088 1086
f 1111 1088 1085
f 1111 1105 1088
f 1112 1105 1111
f 1112 1107 1105
f 1113 1107 1112
f 1113 1109 1107
f 1114 1109 1113
f 1114 1110 1109
f 1115 1110 1114
f 1115 1101 1110
f 1116 1101 1115
f 1116 1100 1101
f 1117 1100 1116
f 1117 1099 1100
f 1120 1119 1118
f 1121 1118 925
f 1121 1120 1118
f 1122 1120 1121
f 936 933 1123
f 932 1124 931
f 932 1125 1124
f 936 1125 932
f 936 1126 1125
f 1123 1126 936
f 1127 931 1124
f 1127 1128 931
f 1129 1128 1127
f 1129 1130 1128
f 1131 1130 1129
f 1134 1133 1132
f 1136 991 1135
f 1131 1135 1130
f 1131 1136 1135
f 1134 1136 1131
f 1134 1137 1136
f 1132 1137 1134
f 1140 1139 1138
f 1141 1140 1138
f 1140 1142 1139
f 1140 1143 1142
f 1144 1143 1140
f 1145 1140 1141
f 1145 1146 1140
f 1147 1146 1145
f 1150 1149 1148
f 1140 1151 1144
f 1140 1152 1151
f 1153 1152 1140
f 1153 1154 1152
f 1156 1140 1155
f 1152 1150 1148
f 1152 1157 1150
f 1154 1157 1152
f 1140 1158 1155
f 1140 1159 1158
f 1146 1159 1140
f 1156 1161 1160
f 1156 1162 1161
f 1155 1162 1156
f 1165 1164 1163
f 1165 1166 1164
f 1168 1167 1145
f 1141 1168 1145
f 1141 1169 1168
f 1138 1169 1141
f 1139 1169 1138
f 1139 1170 1169
f 1142 1170 1139
f 1142 1171 1170
f 1143 1171 1142
f 1144 1151 1172
f 1144 1171 1143
f 1144 1173 1171
f 1172 1173 1144
f 1167 954 952
f 1167 956 954
f 1168 956 1167
f 1168 958 956
f 1169 958 1168
f 1169 959 958
f 1170 959 1169
f 1170 961 959
f 1171 961 1170
f 1171 963 961
f 1173 963 1171
f 952 950 1174
f 1175 952 1174
f 1175 1167 952
f 1176 1167 1175
f 1176 1145 1167
f 1147 1145 1176
f 1179 1178 1177
f 1177 1180 1179
f 1177 1181 1180
f 1182 1181 1177
f 1182 1183 1181
f 1184 1183 1182
f 1184 1185 1183
f 1186 1185 1184
f 1187 1178 913
f 1187 1177 1178
f 1188 1177 1187
f 1188 1182 1177
f 1184 1190 1189
f 1184 1191 1190
f 1182 1191 1184
f 1182 1192 1191
f 1188 1192 1182
f 1194 1189 1193
f 1194 1184 1189
f 1195 1184 1194
f 1195 1186 1184
f 497 788 790
f 363 1197 1196
f 363 1198 1197
f 1199 1198 363
f 498 788 497
f 591 788 498
f 591 786 788
f 596 786 591
f 1196 496 363
f 1196 594 496
f 1200 594 1196
f 1200 596 594
f 785 596 1200
f 785 786 596
f 582 803 581
f 582 794 803
f 584 794 582
f 584 796 794
f 586 796 584
f 586 797 796
f 588 797 586
f 588 783 797
f 497 783 588
f 497 791 783
f 790 791 497
f 815 572 574
f 575 815 574
f 575 806 815
f 577 806 575
f 577 808 806
f 577 809 808
f 579 809 577
f 579 800 809
f 581 800 579
f 581 802 800
f 803 802 581
f 822 823 565
f 567 822 565
f 567 818 822
f 567 820 818
f 569 820 567
f 569 821 820
f 571 821 569
f 571 812 821
f 572 812 571
f 572 814 812
f 815 814 572
f 825 565 823
f 825 564 565
f 834 564 825
f 834 562 564
f 835 562 834
f 833 562 835
f 833 560 562
f 832 560 833
f 556 866 557
f 556 868 866
f 832 501 560
f 832 500 501
f 830 500 832
f 830 609 500
f 828 609 830
f 828 552 609
f 868 552 828
f 868 554 552
f 556 554 868
f 558 860 646
f 558 862 860
f 557 862 558
f 557 864 862
f 866 864 557
f 604 842 840
f 604 844 842
f 603 844 604
f 603 846 844
f 503 846 603
f 503 848 846
f 504 848 503
f 504 850 848
f 551 850 504
f 551 852 850
f 636 852 551
f 636 854 852
f 642 854 636
f 642 856 854
f 646 856 642
f 646 858 856
f 860 858 646
f 838 604 840
f 838 627 604
f 1201 627 838
f 1201 626 627
f 1202 626 1201
f 1202 492 626
f 1203 492 1202
f 1204 492 1203
f 1204 338 492
f 337 338 1204
f 930 931 1128
f 1121 986 984
f 1121 1205 986
f 925 1205 1121
f 1205 987 986
f 1205 1206 987
f 925 1206 1205
f 925 1207 1206
f 926 1207 925
f 926 1208 1207
f 940 1208 926
f 940 1209 1208
f 927 1209 940
f 927 1210 1209
f 939 1210 927
f 939 1211 1210
f 930 1211 939
f 1206 988 987
f 1206 990 988
f 1207 990 1206
f 1207 995 990
f 1208 995 1207
f 1208 994 995
f 1208 993 994
f 1209 993 1208
f 1209 992 993
f 1210 992 1209
f 1210 991 992
f 1211 991 1210
f 1211 1135 991
f 930 1135 1211
f 930 1130 1135
f 1128 1130 930
f 1212 334 337
f 1212 332 334
f 1195 1214 1213
f 1195 1194 1214
f 1193 1214 1194
f 1193 1215 1214
f 1079 1215 1193
f 1218 1217 1216
f 1218 1219 1217
f 1222 1221 1220
f 1225 1224 1223
f 1228 1227 1226
f 1231 1230 1229
f 1230 1233 1232
f 1233 1235 1234
f 1235 1237 1236
f 436 1236 1237
f 1240 1239 1238
f 1239 1242 1241
f 1242 1244 1243
f 1244 1246 1245
f 432 1245 1246
f 1249 1248 1247
f 1248 1251 1250
f 1251 1253 1252
f 1253 1255 1254
f 1255 1257 1256
f 1257 1259 1258
f 1259 1261 1260
f 1261 1263 1262
f 1263 1265 1264
f 1265 1267 1266
f 1267 1269 1268
f 1269 1271 1270
f 1271 1273 1272
f 1273 1275 1274
f 1275 1277 1276
f 1280 1279 1278
f 1279 1282 1281
f 1282 1231 1283
f 432 1249 1284
f 436 1240 1285
f 1228 1286 1227
f 1228 1287 1286
f 1288 1287 1228
f 1288 1278 1287
f 1289 1278 1288
f 1289 1280 1278
f 1277 1280 1289
f 1289 1276 1277
f 1289 1290 1276
f 1288 1290 1289
f 1288 1225 1290
f 1228 1225 1288
f 1228 1224 1225
f 1226 1224 1228
f 1276 1274 1275
f 1276 1291 1274
f 1290 1291 1276
f 1290 1292 1291
f 1225 1292 1290
f 1225 1293 1292
f 1223 1293 1225
f 1296 1295 1294
f 1274 1272 1273
f 1274 1297 1272
f 1291 1297 1274
f 1291 1294 1297
f 1292 1294 1291
f 1292 1296 1294
f 1293 1296 1292
f 1300 1299 1298
f 1272 1270 1271
f 1272 1301 1270
f 1297 1301 1272
f 1297 1298 1301
f 1294 1298 1297
f 1294 1300 1298
f 1295 1300 1294
f 1304 1303 1302
f 1270 1268 1269
f 1270 1305 1268
f 1301 1305 1270
f 1301 1302 1305
f 1298 1302 1301
f 1298 1304 1302
f 1299 1304 1298
f 1308 1307 1306
f 1268 1266 1267
f 1268 1309 1266
f 1305 1309 1268
f 1305 1306 1309
f 1302 1306 1305
f 1302 1308 1306
f 1303 1308 1302
f 1312 1311 1310
f 1266 1264 1265
f 1266 1313 1264
f 1309 1313 1266
f 1309 1310 1313
f 1306 1310 1309
f 1306 1312 1310
f 1307 1312 1306
f 1316 1315 1314
f 1264 1262 1263
f 1264 1317 1262
f 1313 1317 1264
f 1313 1314 1317
f 1310 1314 1313
f 1310 1316 1314
f 1311 1316 1310
f 1320 1319 1318
f 1262 1260 1261
f 1262 1321 1260
f 1317 1321 1262
f 1317 1318 1321
f 1314 1318 1317
f 1314 1320 1318
f 1315 1320 1314
f 1324 1323 1322
f 1260 1258 1259
f 1260 1325 1258
f 1321 1325 1260
f 1321 1322 1325
f 1318 1322 1321
f 1318 1324 1322
f 1319 1324 1318
f 1328 1327 1326
f 1258 1256 1257
f 1258 1329 1256
f 1325 1329 1258
f 1325 1326 1329
f 1322 1326 1325
f 1322 1328 1326
f 1323 1328 1322
f 1332 1331 1330
f 1256 1254 1255
f 1256 1333 1254
f 1329 1333 1256
f 1329 1330 1333
f 1326 1330 1329
f 1326 1332 1330
f 1327 1332 1326
f 1336 1335 1334
f 1254 1252 1253
f 1254 1337 1252
f 1333 1337 1254
f 1333 1334 1337
f 1330 1334 1333
f 1330 1336 1334
f 1331 1336 1330
f 1340 1339 1338
f 1252 1250 1251
f 1252 1341 1250
f 1337 1341 1252
f 1337 1338 1341
f 1334 1338 1337
f 1334 1340 1338
f 1335 1340 1334
f 1344 1343 1342
f 1250 1247 1248
f 1250 1345 1247
f 1341 1345 1250
f 1341 1342 1345
f 1338 1342 1341
f 1338 1344 1342
f 1339 1344 1338
f 1348 1347 1346
f 1247 1284 1249
f 1247 1349 1284
f 1345 1349 1247
f 1345 1346 1349
f 1342 1346 1345
f 1342 1348 1346
f 1343 1348 1342
f 1352 1351 1350
f 1284 1245 432
f 1284 1353 1245
f 1349 1353 1284
f 1349 1350 1353
f 1346 1350 1349
f 1346 1352 1350
f 1347 1352 1346
f 1356 1355 1354
f 1356 1357 1355
f 1245 1243 1244
f 1245 1358 1243
f 1353 1358 1245
f 1353 1356 1358
f 1350 1356 1353
f 1350 1357 1356
f 1351 1357 1350
f 1243 1241 1242
f 1243 1359 1241
f 1358 1359 1243
f 1358 1360 1359
f 1356 1360 1358
f 1356 1361 1360
f 1354 1361 1356
f 1364 1363 1362
f 1241 1238 1239
f 1241 1365 1238
f 1359 1365 1241
f 1359 1362 1365
f 1360 1362 1359
f 1360 1364 1362
f 1361 1364 1360
f 1368 1367 1366
f 1238 1285 1240
f 1238 1369 1285
f 1365 1369 1238
f 1365 1366 1369
f 1362 1366 1365
f 1362 1368 1366
f 1363 1368 1362
f 1372 1371 1370
f 1285 1236 436
f 1285 1373 1236
f 1369 1373 1285
f 1369 1370 1373
f 1366 1370 1369
f 1366 1372 1370
f 1367 1372 1366
f 1376 1375 1374
f 1236 1234 1235
f 1236 1377 1234
f 1373 1377 1236
f 1373 1374 1377
f 1370 1374 1373
f 1370 1376 1374
f 1371 1376 1370
f 1380 1379 1378
f 1380 1381 1379
f 1234 1232 1233
f 1234 1382 1232
f 1377 1382 1234
f 1377 1380 1382
f 1374 1380 1377
f 1374 1381 1380
f 1375 1381 1374
f 1232 1229 1230
f 1232 1383 1229
f 1382 1383 1232
f 1382 1222 1383
f 1380 1222 1382
f 1380 1221 1222
f 1378 1221 1380
f 1229 1283 1231
f 1229 1384 1283
f 1383 1384 1229
f 1383 1385 1384
f 1222 1385 1383
f 1222 1386 1385
f 1220 1386 1222
f 1389 1388 1387
f 1283 1281 1282
f 1283 1390 1281
f 1384 1390 1283
f 1384 1387 1390
f 1385 1387 1384
f 1385 1389 1387
f 1386 1389 1385
f 1286 1391 1227
f 1286 1392 1391
f 1393 1392 1286
f 1281 1278 1279
f 1281 1287 1278
f 1390 1287 1281
f 1390 1286 1287
f 1387 1286 1390
f 1387 1393 1286
f 1388 1393 1387
f 1117 1096 1394
f 872 1096 871
f 872 1394 1096
f 1395 1394 872
f 1395 1396 1394
f 1394 1398 1397
f 1394 1399 1398
f 1396 1399 1394
f 1098 1401 1400
f 1394 1099 1117
f 1394 1098 1099
f 1402 1098 1394
f 1402 1401 1098
f 1405 1404 1403
f 1405 1406 1404
f 1407 1406 1405
f 1407 1408 1406
f 1098 1405 1403
f 1098 1409 1405
f 1400 1409 1098
f 1411 1397 1410
f 1411 1412 1397
f 1397 1413 1410
f 1397 1414 1413
f 1398 1414 1397
f 1416 1216 1415
f 1416 1218 1216
f 1419 1418 1417
f 1420 1419 1417
f 1152 1421 1151
f 1152 1422 1421
f 1423 1422 1152
f 1423 1424 1422
f 1425 1424 1423
f 1425 1426 1424
f 1417 1426 1425
f 1417 1427 1426
f 1418 1427 1417
f 1429 1078 1428
f 1429 1430 1078
f 1431 1430 1429
f 1431 1432 1430
f 1432 1434 1433
f 1432 1435 1434
f 1431 1435 1432
f 1420 1436 1419
f 1420 1437 1436
f 1433 1437 1420
f 1433 1438 1437
f 1434 1438 1433
f 1201 838 1439
f 1201 1440 1202
f 1201 1441 1440
f 1439 1441 1201
f 1440 1203 1202
f 1440 1204 1203
f 1212 1204 1440
f 1212 337 1204
f 1051 996 1442
f 1445 1444 1443
f 1214 1215 1446
f 1447 1445 1443
f 1447 1448 1445
f 1449 1448 1447
f 1449 1450 1448
f 1451 1450 1449
f 1451 1452 1450
f 1453 1452 1451
f 1453 1454 1452
f 1455 1454 1453
f 1455 1456 1454
f 1457 1456 1455
f 1457 1458 1456
f 1459 1458 1457
f 1459 1460 1458
f 1461 1460 1459
f 1461 1462 1460
f 1463 1462 1461
f 1463 1464 1462
f 1465 1464 1463
f 1465 1466 1464
f 1467 1466 1465
f 1467 1468 1466
f 1469 1468 1467
f 1469 1446 1468
f 1470 1446 1469
f 1470 1214 1446
f 1213 1214 1470
f 1444 1471 1443
f 1444 1472 1471
f 1442 1472 1444
f 1444 1051 1442
f 1444 1053 1051
f 1445 1053 1444
f 1445 1055 1053
f 1448 1055 1445
f 1448 1057 1055
f 1450 1057 1448
f 1450 1059 1057
f 1452 1059 1450
f 1452 1061 1059
f 1454 1061 1452
f 1454 1063 1061
f 1456 1063 1454
f 1456 1065 1063
f 1458 1065 1456
f 1458 1067 1065
f 1460 1067 1458
f 1460 1069 1067
f 1462 1069 1460
f 1462 1071 1069
f 1464 1071 1462
f 1464 1073 1071
f 1466 1073 1464
f 1466 1075 1073
f 1468 1075 1466
f 1468 1077 1075
f 1446 1077 1468
f 1446 1079 1077
f 1215 1079 1446
f 1473 853 855
f 1474 847 849
f 1475 841 843
f 1478 1477 1476
f 1478 1479 1477
f 1478 785 1479
f 1480 785 1478
f 1481 1478 1476
f 1481 1089 1478
f 1482 1089 1481
f 1212 331 332
f 1212 1483 331
f 1440 1483 1212
f 1483 1439 838
f 1483 1441 1439
f 1440 1441 1483
f 1483 841 1475
f 1483 839 841
f 838 839 1483
f 1475 847 1474
f 1475 845 847
f 843 845 1475
f 1474 853 1473
f 1474 851 853
f 849 851 1474
f 865 1484 863
f 865 1485 1484
f 867 1485 865
f 1484 861 863
f 1484 859 861
f 1473 859 1484
f 1473 857 859
f 855 857 1473
f 831 837 1486
f 1487 831 1486
f 1487 829 831
f 1487 870 829
f 1485 870 1487
f 1485 869 870
f 867 869 1485
f 827 826 1488
f 1486 827 1488
f 1486 836 827
f 837 836 1486
f 1489 817 819
f 1489 816 817
f 1488 816 1489
f 1488 824 816
f 826 824 1488
f 810 1489 819
f 810 1490 1489
f 811 1490 810
f 1491 805 807
f 1491 804 805
f 1490 804 1491
f 1490 813 804
f 811 813 1490
f 798 1491 807
f 798 1492 1491
f 799 1492 798
f 1493 793 795
f 1493 792 793
f 1492 792 1493
f 1492 801 792
f 799 801 1492
f 781 1493 795
f 781 1494 1493
f 782 1494 781
f 1480 787 785
f 1480 789 787
f 1494 789 1480
f 1494 784 789
f 782 784 1494
f 1495 1415 1216
f 1497 1496 1495
f 946 1495 1216
f 946 1497 1495
f 947 1497 946
f 1421 1172 1151
f 1421 1498 1172
f 1422 1498 1421
f 1422 1499 1498
f 1424 1499 1422
f 1501 1427 1500
f 1501 1426 1427
f 1426 1499 1424
f 1426 1502 1499
f 1501 1502 1426
f 1472 1503 1471
f 1472 1504 1503
f 1442 1504 1472
f 1442 934 1504
f 996 934 1442
f 1089 1505 1087
f 1089 1506 1505
f 1482 1506 1089
f 1084 1507 1083
f 1084 1508 1507
f 1086 1508 1084
f 1086 1509 1508
f 1087 1509 1086
f 1087 1510 1509
f 1505 1510 1087
f 1080 1511 891
f 1080 1512 1511
f 1081 1512 1080
f 1081 1513 1512
f 1083 1513 1081
f 1083 1514 1513
f 1507 1514 1083
f 1516 1164 1515
f 1516 1163 1164
f 1516 1517 1163
f 1516 1518 1517
f 1511 1518 1516
f 1511 1519 1518
f 1512 1519 1511
f 1495 1520 1415
f 1495 1521 1520
f 1496 1521 1495
f 1174 950 948
f 943 1522 942
f 943 1523 1522
f 945 1523 943
f 1522 1525 1524
f 1522 948 942
f 1522 1174 948
f 1524 1174 1522
f 1524 1175 1174
f 1176 1175 1524
f 1526 1523 1217
f 1526 1522 1523
f 1527 1522 1526
f 1527 1525 1522
f 1189 1190 1528
f 1529 1189 1528
f 1529 1193 1189
f 1428 1193 1529
f 1191 1528 1190
f 1191 903 1528
f 1192 903 1191
f 1192 901 903
f 1188 901 1192
f 1188 904 901
f 906 904 1188
f 1188 908 906
f 1188 910 908
f 1187 910 1188
f 1187 911 910
f 913 911 1187
f 1530 357 358
f 1530 443 357
f 1531 443 1530
f 1532 443 1531
f 1532 441 443
f 1533 441 1532
f 404 1166 1165
f 404 1534 1166
f 473 1534 404
f 473 1535 1534
f 474 1535 473
f 474 1536 1535
f 475 1536 474
f 475 1537 1536
f 476 1537 475
f 476 1533 1537
f 439 1533 476
f 439 441 1533
f 1538 1217 1219
f 1538 1526 1217
f 1539 1526 1538
f 1524 1147 1176
f 1524 1540 1147
f 1525 1540 1524
f 1525 1539 1540
f 1527 1539 1525
f 1527 1526 1539
f 1541 1126 1123
f 1541 1125 1126
f 1542 1125 1541
f 1123 1543 1541
f 1123 997 1543
f 933 997 1123
f 1544 1539 1538
f 1544 1540 1539
f 1146 1540 1544
f 1146 1147 1540
f 1131 1545 1544
f 1544 1134 1131
f 1544 1133 1134
f 1416 1133 1544
f 1544 1218 1416
f 1544 1219 1218
f 1538 1219 1544
f 1542 1124 1125
f 1542 1127 1124
f 1545 1127 1542
f 1545 1129 1127
f 1131 1129 1545
f 1548 1547 1546
f 1118 1119 1549
f 1552 1551 1550
f 1552 1553 1551
f 1550 1547 1548
f 1550 1554 1547
f 1551 1554 1550
f 1546 1503 1504
f 1504 1548 1546
f 1504 935 1548
f 934 935 1504
f 1118 924 925
f 1118 1552 924
f 1549 1552 1118
f 1549 1553 1552
f 1552 929 924
f 1552 928 929
f 1550 928 1552
f 1550 938 928
f 1548 938 1550
f 1548 937 938
f 935 937 1548
f 333 330 329
f 333 332 330
f 334 332 333
f 329 341 333
f 329 340 341
f 327 340 329
f 327 346 340
f 322 346 327
f 322 345 346
f 323 345 322
f 323 343 345
f 323 342 343
f 325 342 323
f 325 347 342
f 326 347 325
f 326 349 347
f 317 349 326
f 317 351 349
f 308 351 317
f 308 352 351
f 309 352 308
f 311 352 309
f 311 354 352
f 312 354 311
f 312 356 354
f 312 358 356
f 314 358 312
f 1416 1415 1133
f 1221 1555 1220
f 1221 1556 1555
f 1378 1556 1221
f 1378 1557 1556
f 1379 1557 1378
f 1379 1558 1557
f 1381 1558 1379
f 1220 1559 1386
f 1220 1560 1559
f 1555 1560 1220
f 1562 1561 1393
f 1388 1562 1393
f 1388 1563 1562
f 1389 1563 1388
f 1389 1564 1563
f 1386 1564 1389
f 1386 1565 1564
f 1559 1565 1386
f 1567 1566 1391
f 1567 1393 1561
f 1567 1392 1393
f 1391 1392 1567
f 1568 1391 1566
f 1568 1227 1391
f 1569 1227 1568
f 1569 1226 1227
f 1570 1226 1569
f 1570 1224 1226
f 1571 1224 1570
f 1571 1223 1224
f 1572 1223 1571
f 1572 1293 1223
f 1573 1293 1572
f 1573 1296 1293
f 1574 1296 1573
f 1574 1295 1296
f 1575 1295 1574
f 1575 1300 1295
f 1576 1300 1575
f 1576 1299 1300
f 1577 1299 1576
f 1579 1578 1312
f 1577 1304 1299
f 1577 1303 1304
f 1580 1303 1577
f 1580 1308 1303
f 1579 1308 1580
f 1579 1307 1308
f 1312 1307 1579
f 1581 1312 1578
f 1581 1311 1312
f 1582 1311 1581
f 1582 1316 1311
f 1583 1316 1582
f 1583 1315 1316
f 1584 1315 1583
f 1584 1320 1315
f 1585 1320 1584
f 1585 1319 1320
f 1586 1319 1585
f 1586 1324 1319
f 1587 1324 1586
f 1587 1323 1324
f 1588 1323 1587
f 1588 1328 1323
f 1589 1328 1588
f 1589 1327 1328
f 1590 1327 1589
f 1590 1332 1327
f 1591 1332 1590
f 1591 1331 1332
f 1336 1331 1591
f 1381 1592 1558
f 1381 1593 1592
f 1375 1593 1381
f 1375 1594 1593
f 1376 1594 1375
f 1376 1595 1594
f 1371 1595 1376
f 1371 1596 1595
f 1372 1596 1371
f 1372 1597 1596
f 1367 1597 1372
f 1367 1598 1597
f 1368 1598 1367
f 1368 1599 1598
f 1363 1599 1368
f 1363 1600 1599
f 1364 1600 1363
f 1364 1601 1600
f 1361 1601 1364
f 1361 1602 1601
f 1354 1602 1361
f 1354 1603 1602
f 1355 1603 1354
f 1355 1604 1603
f 1357 1604 1355
f 1357 1605 1604
f 1351 1605 1357
f 1351 1606 1605
f 1352 1606 1351
f 1352 1607 1606
f 1347 1607 1352
f 1347 1608 1607
f 1348 1608 1347
f 1348 1609 1608
f 1343 1609 1348
f 1343 1610 1609
f 1344 1610 1343
f 1344 1611 1610
f 1339 1611 1344
f 1339 1612 1611
f 1340 1612 1339
f 1340 1613 1612
f 1335 1613 1340
f 1335 1614 1613
f 1336 1614 1335
f 1336 1615 1614
f 1591 1615 1336
f 1617 968 1616
f 1617 967 968
f 1501 1500 1618
f 968 1618 1616
f 968 1501 1618
f 966 1501 968
f 963 1173 1619
f 966 1502 1501
f 966 1619 1502
f 965 1619 966
f 965 963 1619
f 1498 1173 1172
f 1498 1619 1173
f 1499 1619 1498
f 1499 1502 1619
f 1622 1621 1620
f 1624 1623 915
f 1178 915 913
f 1178 1624 915
f 1179 1624 1178
f 1625 970 967
f 1617 1625 967
f 1617 1626 1625
f 1616 1626 1617
f 1616 1622 1626
f 1618 1622 1616
f 1618 1621 1622
f 1500 1621 1618
f 1121 1627 1122
f 1121 984 1627
f 1427 1621 1500
f 1427 1418 1621
f 919 1623 1628
f 919 915 1623
f 1418 1620 1621
f 1418 1419 1620
f 1629 1545 1542
f 1159 1146 1544
f 1630 1159 1544
f 1630 1158 1159
f 1631 1158 1630
f 1631 1155 1158
f 1632 1155 1631
f 1632 1162 1155
f 1633 1162 1632
f 1633 1161 1162
f 1634 1161 1633
f 1634 1160 1161
f 1635 1160 1634
f 1635 1156 1160
f 1636 1156 1635
f 1636 1140 1156
f 1637 1140 1636
f 1637 1153 1140
f 1638 1153 1637
f 1638 1154 1153
f 1639 1154 1638
f 1639 1157 1154
f 1640 1157 1639
f 1640 1150 1157
f 1641 1150 1640
f 1641 1149 1150
f 1642 1149 1641
f 1642 1148 1149
f 1643 1148 1642
f 1423 1152 1148
f 1643 1423 1148
f 1643 1425 1423
f 1417 1425 1643
f 1643 1644 1417
f 1643 1645 1644
f 1642 1645 1643
f 1642 1646 1645
f 1641 1646 1642
f 1641 1647 1646
f 1640 1647 1641
f 1640 1648 1647
f 1639 1648 1640
f 1639 1649 1648
f 1638 1649 1639
f 1638 1650 1649
f 1637 1650 1638
f 1637 1651 1650
f 1636 1651 1637
f 1636 1652 1651
f 1635 1652 1636
f 1635 1653 1652
f 1634 1653 1635
f 1634 1654 1653
f 1633 1654 1634
f 1633 1655 1654
f 1632 1655 1633
f 1632 1656 1655
f 1631 1656 1632
f 1631 1629 1656
f 1630 1629 1631
f 1630 1545 1629
f 1544 1545 1630
f 1657 1541 1543
f 1657 1542 1541
f 1657 1629 1542
f 1657 1656 1629
f 1658 1656 1657
f 1658 1655 1656
f 1659 1655 1658
f 1659 1654 1655
f 1660 1654 1659
f 1660 1653 1654
f 1661 1653 1660
f 1661 1652 1653
f 1662 1652 1661
f 1662 1651 1652
f 1663 1651 1662
f 1663 1650 1651
f 1664 1650 1663
f 1664 1649 1650
f 1665 1649 1664
f 1665 1648 1649
f 1666 1648 1665
f 1666 1647 1648
f 1667 1647 1666
f 1667 1646 1647
f 1668 1646 1667
f 1668 1645 1646
f 1669 1645 1668
f 1669 1644 1645
f 1670 1644 1669
f 1543 997 1050
f 1644 1420 1417
f 1644 1433 1420
f 1670 1433 1644
f 1670 1432 1433
f 1430 1432 1670
f 1050 1657 1543
f 1050 1658 1657
f 1052 1658 1050
f 1052 1659 1658
f 1054 1659 1052
f 1054 1660 1659
f 1056 1660 1054
f 1056 1661 1660
f 1058 1661 1056
f 1058 1662 1661
f 1060 1662 1058
f 1060 1663 1662
f 1062 1663 1060
f 1062 1664 1663
f 1064 1664 1062
f 1064 1665 1664
f 1066 1665 1064
f 1066 1666 1665
f 1068 1666 1066
f 1068 1667 1666
f 1070 1667 1068
f 1070 1668 1667
f 1072 1668 1070
f 1072 1669 1668
f 1074 1669 1072
f 1074 1670 1669
f 1076 1670 1074
f 1076 1430 1670
f 1078 1430 1076
f 1673 1672 1671
f 1673 1674 1672
f 1515 1674 1673
f 1515 1675 1674
f 1164 1675 1515
f 1678 1677 1676
f 1678 1679 1677
f 1673 1679 1678
f 1673 1680 1679
f 1671 1680 1673
f 1681 315 313
f 1678 1681 313
f 1678 1682 1681
f 1676 1682 1678
f 978 1684 1683
f 978 1685 1684
f 979 1685 978
f 979 1686 1685
f 975 1686 979
f 975 1687 1686
f 972 1687 975
f 972 1628 1687
f 919 1628 972
f 1688 978 1683
f 1688 977 978
f 1689 977 1688
f 1689 976 977
f 1690 976 1689
f 1690 980 976
f 1691 980 1690
f 1691 983 980
f 1692 983 1691
f 1692 982 983
f 1693 982 1692
f 1694 982 1693
f 1694 984 982
f 1627 984 1694
f 1521 1137 1132
f 1132 1520 1521
f 1132 1415 1520
f 1133 1415 1132
f 1136 947 991
f 1136 1497 947
f 1137 1497 1136
f 1137 1496 1497
f 1521 1496 1137
f 1625 895 970
f 1625 1695 895
f 1626 1695 1625
f 1626 1696 1695
f 1622 1696 1626
f 1622 1697 1696
f 1620 1697 1622
f 1620 1419 1697
f 1696 1698 1695
f 1696 1697 1698
f 1436 1697 1419
f 1436 1698 1697
f 894 1698 1436
f 894 1695 1698
f 895 1695 894
f 1436 898 894
f 1436 897 898
f 1437 897 1436
f 1437 902 897
f 1438 902 1437
f 1438 903 902
f 1434 903 1438
f 1429 1428 1529
f 1529 1431 1429
f 1529 1435 1431
f 1528 1435 1529
f 1528 1434 1435
f 903 1434 1528
f 1193 1078 1079
f 1193 1428 1078
f 1628 1623 1699
f 1700 1628 1699
f 1700 1687 1628
f 1700 1686 1687
f 1701 1686 1700
f 1684 1688 1683
f 1684 1701 1688
f 1685 1701 1684
f 1685 1686 1701
f 1702 1694 1693
f 1702 1627 1694
f 1122 1627 1702
f 1692 1702 1693
f 1692 1703 1702
f 1691 1703 1692
f 1690 1703 1691
f 1690 1688 1703
f 1689 1688 1690
f 307 1511 1516
f 1516 310 307
f 1516 313 310
f 1515 313 1516
f 1515 1678 313
f 1673 1678 1515
f 1706 1705 1704
f 1709 1708 1707
f 1711 999 1710
f 1713 1712 1710
f 1713 1714 1712
f 1714 1716 1715
f 1714 1717 1716
f 1713 1717 1714
f 1715 1719 1718
f 1715 1720 1719
f 1716 1720 1715
f 1718 1722 1721
f 1718 1723 1722
f 1719 1723 1718
f 1726 1725 1724
f 1726 1727 1725
f 1721 1727 1726
f 1721 1728 1727
f 1722 1728 1721
f 1724 1730 1729
f 1724 1731 1730
f 1725 1731 1724
f 1734 1733 1732
f 1724 1736 1735
f 1724 1737 1736
f 1729 1737 1724
f 1732 1738 1734
f 1732 1739 1738
f 1740 1739 1732
f 1732 1741 1740
f 1732 1742 1741
f 1724 1742 1732
f 1724 1743 1742
f 1735 1743 1724
f 1744 1732 1733
f 1744 1745 1732
f 1746 1745 1744
f 1747 1708 1709
f 1747 1748 1708
f 1747 1749 1748
f 1745 1749 1747
f 1745 1750 1749
f 1746 1750 1745
f 1751 1709 1707
f 1751 1752 1709
f 1753 1752 1751
f 1753 1754 1752
f 1755 1754 1753
f 1755 1706 1754
f 1756 1706 1755
f 1757 1706 1756
f 1757 1705 1706
f 1004 1705 1757
f 1704 1759 1758
f 1758 1706 1704
f 1758 1754 1706
f 1760 1754 1758
f 1760 1752 1754
f 1761 1752 1760
f 1761 1709 1752
f 1762 1709 1761
f 1762 1747 1709
f 1763 1747 1762
f 1763 1745 1747
f 1764 1745 1763
f 1764 1732 1745
f 1765 1732 1764
f 1765 1724 1732
f 1766 1724 1765
f 1766 1726 1724
f 1767 1726 1766
f 1767 1721 1726
f 1768 1721 1767
f 1768 1718 1721
f 1769 1718 1768
f 1769 1715 1718
f 1770 1715 1769
f 1770 1714 1715
f 1771 1714 1770
f 1771 1712 1714
f 1772 1712 1771
f 1775 1774 1773
f 1775 1776 1774
f 1712 1711 1710
f 1712 1777 1711
f 1772 1777 1712
f 1772 1778 1777
f 1779 1778 1772
f 1772 1780 1779
f 1772 1781 1780
f 1771 1781 1772
f 1771 1782 1781
f 1770 1782 1771
f 1770 1783 1782
f 1769 1783 1770
f 1769 1784 1783
f 1768 1784 1769
f 1768 1785 1784
f 1767 1785 1768
f 1767 1786 1785
f 1766 1786 1767
f 1766 1787 1786
f 1765 1787 1766
f 1765 1788 1787
f 1764 1788 1765
f 1764 1789 1788
f 1763 1789 1764
f 1763 1790 1789
f 1762 1790 1763
f 1762 1791 1790
f 1761 1791 1762
f 1761 1792 1791
f 1760 1792 1761
f 1760 1775 1792
f 1758 1775 1760
f 1758 1776 1775
f 1759 1776 1758
f 1795 1794 1793
f 1795 1773 1794
f 1795 1775 1773
f 1795 1792 1775
f 1796 1792 1795
f 1796 1791 1792
f 1797 1791 1796
f 1797 1790 1791
f 1798 1790 1797
f 1798 1789 1790
f 1799 1789 1798
f 1799 1788 1789
f 1800 1788 1799
f 1800 1787 1788
f 1801 1787 1800
f 1801 1786 1787
f 1802 1786 1801
f 1802 1785 1786
f 1803 1785 1802
f 1803 1784 1785
f 1804 1784 1803
f 1804 1783 1784
f 1805 1783 1804
f 1805 1782 1783
f 1806 1782 1805
f 1806 1781 1782
f 1807 1781 1806
f 1807 1780 1781
f 1808 1780 1807
f 1810 1809 1213
f 1810 1793 1809
f 1780 1811 1779
f 1780 1812 1811
f 1808 1812 1780
f 1808 1813 1812
f 1814 1813 1808
f 1810 1795 1793
f 1810 1796 1795
f 1815 1796 1810
f 1815 1797 1796
f 1816 1797 1815
f 1816 1798 1797
f 1817 1798 1816
f 1817 1799 1798
f 1818 1799 1817
f 1818 1800 1799
f 1819 1800 1818
f 1819 1801 1800
f 1820 1801 1819
f 1820 1802 1801
f 1821 1802 1820
f 1821 1803 1802
f 1822 1803 1821
f 1822 1804 1803
f 1823 1804 1822
f 1823 1805 1804
f 1824 1805 1823
f 1824 1806 1805
f 1825 1806 1824
f 1825 1807 1806
f 1826 1807 1825
f 1826 1808 1807
f 1827 1808 1826
f 1827 1814 1808
f 1828 1814 1827
f 1470 1810 1213
f 1470 1815 1810
f 1469 1815 1470
f 1469 1816 1815
f 1467 1816 1469
f 1467 1817 1816
f 1465 1817 1467
f 1465 1818 1817
f 1463 1818 1465
f 1463 1819 1818
f 1461 1819 1463
f 1461 1820 1819
f 1459 1820 1461
f 1459 1821 1820
f 1457 1821 1459
f 1457 1822 1821
f 1455 1822 1457
f 1455 1823 1822
f 1453 1823 1455
f 1453 1824 1823
f 1451 1824 1453
f 1451 1825 1824
f 1449 1825 1451
f 1449 1826 1825
f 1447 1826 1449
f 1447 1827 1826
f 1443 1827 1447
f 1443 1828 1827
f 1471 1828 1443
f 1675 1164 1166
f 1535 1672 1674
f 1530 315 1681
f 1681 1531 1530
f 1681 1532 1531
f 1682 1532 1681
f 1682 1533 1532
f 1676 1533 1682
f 1677 1533 1676
f 1677 1537 1533
f 1679 1537 1677
f 1679 1536 1537
f 1680 1536 1679
f 1536 1672 1535
f 1536 1671 1672
f 1680 1671 1536
f 1675 1535 1674
f 1675 1534 1535
f 1166 1534 1675
f 1829 998 999
f 1711 1829 999
f 1503 1830 1471
f 1503 1831 1830
f 1546 1831 1503
f 1546 1832 1831
f 1547 1832 1546
f 1832 1551 1553
f 1832 1554 1551
f 1547 1554 1832
f 1549 1832 1553
f 1549 1833 1832
f 1119 1833 1549
f 1119 1834 1833
f 1120 1834 1119
f 1120 1702 1834
f 1122 1702 1120
f 1830 1828 1471
f 1830 1814 1828
f 1835 1814 1830
f 1835 1813 1814
f 1836 1813 1835
f 1836 1812 1813
f 1837 1812 1836
f 1837 1811 1812
f 1838 1811 1837
f 1838 1779 1811
f 1839 1779 1838
f 1839 1778 1779
f 1840 1778 1839
f 1840 1777 1778
f 1841 1777 1840
f 1841 1711 1777
f 1842 1711 1841
f 1842 1829 1711
f 1011 1844 1843
f 1041 1846 1845
f 1038 1848 1847
f 1850 1849 1038
f 1044 1852 1851
f 1044 1853 1852
f 1047 1853 1044
f 1038 1854 1848
f 1038 1855 1854
f 1849 1855 1038
f 1023 1857 1856
f 1023 1858 1857
f 1859 1858 1023
f 1041 1860 1846
f 1041 1861 1860
f 1862 1861 1041
f 1032 1864 1863
f 1020 1866 1865
f 1038 1867 1850
f 1038 1868 1867
f 1041 1868 1038
f 1041 1869 1868
f 1845 1869 1041
f 1035 1871 1870
f 1035 1872 1871
f 1873 1872 1035
f 1035 1874 1873
f 1035 1875 1874
f 1038 1875 1035
f 1038 1876 1875
f 1847 1876 1038
f 1032 1878 1877
f 1032 1879 1878
f 1863 1879 1032
f 1014 1881 1880
f 1014 1882 1881
f 1013 1884 1883
f 1041 1885 1862
f 1041 1886 1885
f 1044 1886 1041
f 1044 1887 1886
f 1851 1887 1044
f 1889 1888 1026
f 1017 1891 1890
f 1017 1892 1891
f 1893 1892 1017
f 1014 1894 1882
f 1014 1895 1894
f 1896 1895 1014
f 1032 1897 1864
f 1032 1898 1897
f 1035 1898 1032
f 1035 1899 1898
f 1870 1899 1035
f 1026 1900 1889
f 1026 1901 1900
f 1902 1901 1026
f 1023 1903 1859
f 1023 1904 1903
f 1026 1904 1023
f 1026 1905 1904
f 1888 1905 1026
f 1020 1906 1866
f 1020 1907 1906
f 1023 1907 1020
f 1023 1908 1907
f 1856 1908 1023
f 1017 1909 1893
f 1017 1910 1909
f 1020 1910 1017
f 1020 1911 1910
f 1912 1911 1020
f 1020 1913 1912
f 1020 1914 1913
f 1865 1914 1020
f 1014 1915 1896
f 1014 1916 1915
f 1017 1916 1014
f 1017 1917 1916
f 1890 1917 1017
f 1013 1918 1884
f 1013 1919 1918
f 1920 1919 1013
f 1011 1921 1009
f 1011 1922 1921
f 1843 1922 1011
f 1029 1924 1923
f 1029 1925 1924
f 1926 1925 1029
f 1029 1927 1926
f 1029 1928 1927
f 1032 1928 1029
f 1032 1929 1928
f 1877 1929 1032
f 1026 1930 1902
f 1026 1931 1930
f 1029 1931 1026
f 1029 1932 1931
f 1923 1932 1029
f 1013 1933 1920
f 1013 1934 1933
f 1014 1934 1013
f 1014 1935 1934
f 1880 1935 1014
f 1011 1936 1844
f 1011 1937 1936
f 1013 1937 1011
f 1013 1938 1937
f 1883 1938 1013
f 1523 1216 1217
f 1523 946 1216
f 945 946 1523
f 1939 1581 1578
f 1942 1941 1940
f 1945 1944 1943
f 1948 1947 1946
f 1951 1950 1949
f 1954 1953 1952
f 1955 1910 1911
f 1956 1874 1875
f 1957 1877 1878
f 1958 1047 1002
f 1961 1960 1959
f 1962 1836 1835
f 1963 1831 1832
f 1966 1965 1964
f 1702 1703 1967
f 1968 1568 1566
f 1971 1970 1969
f 1971 1972 1970
f 1972 1973 1572
f 1972 1974 1973
f 1971 1974 1972
f 1976 1975 1971
f 1969 1976 1971
f 1969 1569 1976
f 1970 1569 1969
f 1970 1570 1569
f 1972 1570 1970
f 1972 1571 1570
f 1572 1571 1972
f 1973 1573 1572
f 1973 1574 1573
f 1977 1574 1973
f 1577 1978 1580
f 1577 1979 1978
f 1576 1979 1577
f 1576 1977 1979
f 1575 1977 1576
f 1575 1574 1977
f 1561 1562 1980
f 1561 1981 1567
f 1561 1982 1981
f 1980 1982 1561
f 1983 1563 1564
f 1555 1985 1984
f 1984 1560 1555
f 1984 1559 1560
f 1986 1559 1984
f 1986 1565 1559
f 1987 1565 1986
f 1563 1980 1562
f 1563 1988 1980
f 1983 1988 1563
f 1991 1990 1989
f 1991 1992 1990
f 1993 1992 1991
f 1993 1994 1992
f 1995 1994 1993
f 1995 1996 1994
f 1997 1996 1995
f 2000 1999 1998
f 2000 1592 1999
f 1558 1592 2000
f 2003 2002 2001
f 2003 2004 2002
f 2005 2004 2003
f 2005 2006 2004
f 2007 2006 2005
f 2007 2008 2006
f 2009 2008 2007
f 2009 2010 2008
f 2011 2010 2009
f 2011 2012 2010
f 2013 2012 2011
f 2013 2014 2012
f 1985 2014 2013
f 1985 2015 2014
f 1555 2015 1985
f 1555 2016 2015
f 1556 2016 1555
f 1987 1564 1565
f 1987 1983 1564
f 2017 1983 1987
f 2017 1988 1983
f 2018 1988 2017
f 2018 1980 1988
f 2019 1980 2018
f 2019 1982 1980
f 2020 1982 2019
f 2020 1981 1982
f 1968 1981 2020
f 1968 1567 1981
f 1566 1567 1968
f 2023 2022 2021
f 2023 2024 2022
f 2001 2024 2023
f 2001 2025 2024
f 2002 2025 2001
f 2024 2026 2022
f 2024 2027 2026
f 2025 2027 2024
f 2025 2028 2027
f 2002 2028 2025
f 2002 2029 2028
f 2004 2029 2002
f 2004 1997 2029
f 2006 1997 2004
f 2006 1996 1997
f 2008 1996 2006
f 2008 1994 1996
f 2010 1994 2008
f 2010 1992 1994
f 2012 1992 2010
f 2012 1990 1992
f 2014 1990 2012
f 2014 1989 1990
f 2015 1989 2014
f 2015 2030 1989
f 2016 2030 2015
f 2016 1557 2030
f 1556 1557 2016
f 2033 2032 2031
f 2033 2034 2032
f 2037 2036 2035
f 2037 2038 2036
f 2039 2038 2037
f 2039 2040 2038
f 2043 2042 2041
f 2043 2044 2042
f 2047 2046 2045
f 2047 2041 2046
f 2050 2049 2048
f 2050 2051 2049
f 2052 2051 2050
f 2052 2053 2051
f 2054 2053 2052
f 2054 2055 2053
f 2056 2055 2054
f 2056 2057 2055
f 2044 2057 2056
f 2044 2058 2057
f 2043 2058 2044
f 2049 2059 2048
f 2049 2060 2059
f 2051 2060 2049
f 2051 2061 2060
f 2053 2061 2051
f 2053 2062 2061
f 2055 2062 2053
f 2055 2063 2062
f 2057 2063 2055
f 2057 2064 2063
f 2058 2064 2057
f 2058 2065 2064
f 2043 2065 2058
f 2043 2066 2065
f 2041 2066 2043
f 2041 2067 2066
f 2047 2067 2041
f 2045 2069 2068
f 2070 2068 2069
f 2070 2071 2068
f 2072 2071 2070
f 2072 2073 2071
f 2074 2073 2072
f 2077 2076 2075
f 2075 1606 1607
f 2075 2078 2077
f 2075 2079 2078
f 2080 2079 2075
f 2076 1606 2075
f 2076 1605 1606
f 2081 1605 2076
f 2081 1604 1605
f 2082 1604 2081
f 2082 1603 1604
f 2083 1603 2082
f 2083 1602 1603
f 2084 1602 2083
f 2060 2085 2059
f 2060 2086 2085
f 2061 2086 2060
f 2061 2087 2086
f 2062 2087 2061
f 2062 2088 2087
f 2063 2088 2062
f 2063 2089 2088
f 2064 2089 2063
f 2064 2090 2089
f 2065 2090 2064
f 2065 2091 2090
f 2066 2091 2065
f 2066 2080 2091
f 2067 2080 2066
f 2067 2079 2080
f 2047 2079 2067
f 2047 2078 2079
f 2045 2078 2047
f 2045 2077 2078
f 2068 2077 2045
f 2068 2076 2077
f 2071 2076 2068
f 2071 2081 2076
f 2073 2081 2071
f 2073 2082 2081
f 2074 2082 2073
f 2074 2083 2082
f 2092 2083 2074
f 2092 2084 2083
f 2093 2084 2092
f 2093 2094 2084
f 2095 2094 2093
f 2095 2096 2094
f 2097 2096 2095
f 2097 2098 2096
f 2099 2098 2097
f 2099 2100 2098
f 2101 2100 2099
f 2101 2102 2100
f 2103 2102 2101
f 2103 2104 2102
f 1999 2104 2103
f 1999 1593 2104
f 1592 1593 1999
f 1590 2105 1591
f 1590 2106 2105
f 2108 2106 2107
f 2108 2105 2106
f 2109 2105 2108
f 2109 1591 2105
f 1615 1591 2109
f 2110 1586 1585
f 2111 1584 1583
f 2106 1588 1587
f 2106 1589 1588
f 1590 1589 2106
f 1608 2075 1607
f 1608 2080 2075
f 1609 2080 1608
f 1609 2091 2080
f 1610 2091 1609
f 1610 2090 2091
f 1611 2090 1610
f 1611 2089 2090
f 1612 2089 1611
f 1612 2088 2089
f 1613 2088 1612
f 1613 2087 2088
f 1614 2087 1613
f 1614 2086 2087
f 1615 2086 1614
f 2114 2113 2112
f 2114 2115 2113
f 1966 2115 2114
f 1832 1833 2112
f 2117 1963 2116
f 2118 1835 1830
f 1963 1830 1831
f 1963 2119 1830
f 2117 2119 1963
f 2121 1838 2120
f 2121 1839 1838
f 2122 1839 2121
f 2123 2121 2120
f 2123 2122 2121
f 2124 2122 2123
f 2126 2125 2115
f 2126 2127 2125
f 2129 2128 2116
f 2129 2130 2128
f 2131 2130 2129
f 2131 2132 2130
f 2133 2132 2131
f 2135 2021 2134
f 2135 2133 2021
f 2136 2133 2135
f 2136 2132 2133
f 2128 2117 2116
f 2128 2137 2117
f 2130 2137 2128
f 2130 2138 2137
f 2132 2138 2130
f 2132 2139 2138
f 2136 2139 2132
f 2117 2140 2119
f 2117 2141 2140
f 2137 2141 2117
f 2137 2142 2141
f 2138 2142 2137
f 2138 2143 2142
f 2139 2143 2138
f 2139 2144 2143
f 2136 2144 2139
f 2136 2145 2144
f 2135 2145 2136
f 2135 2146 2145
f 2134 2146 2135
f 2149 2148 2147
f 2149 1962 2148
f 2150 1962 2149
f 2150 1836 1962
f 1837 1836 2150
f 2151 1959 1960
f 2118 1962 1835
f 2118 2148 1962
f 2152 2148 2118
f 2152 2147 2148
f 2153 2147 2152
f 2153 2154 2147
f 2155 2154 2153
f 2155 2156 2154
f 2157 2156 2155
f 2157 2158 2156
f 2159 2158 2157
f 2159 2160 2158
f 2161 2160 2159
f 2161 2035 2160
f 2162 2035 2161
f 2162 2037 2035
f 2163 2037 2162
f 2163 2039 2037
f 2034 2039 2163
f 2034 2040 2039
f 2033 2040 2034
f 1961 1838 1837
f 1961 2120 1838
f 1959 2120 1961
f 1959 2123 2120
f 2151 2123 1959
f 2151 2164 2123
f 2165 2164 2151
f 2165 2166 2164
f 2167 2166 2165
f 2167 2168 2166
f 2169 2168 2167
f 2169 2170 2168
f 2171 2170 2169
f 2171 2172 2170
f 2173 2172 2171
f 2173 2174 2172
f 2150 1961 1837
f 2150 1960 1961
f 2149 1960 2150
f 2149 2151 1960
f 2147 2151 2149
f 2147 2165 2151
f 2154 2165 2147
f 2154 2167 2165
f 2156 2167 2154
f 2156 2169 2167
f 2158 2169 2156
f 2158 2171 2169
f 2160 2171 2158
f 2160 2173 2171
f 2035 2173 2160
f 2035 2174 2173
f 2036 2174 2035
f 2177 2176 2175
f 2177 2178 2176
f 2124 2178 2177
f 2124 2179 2178
f 2123 2179 2124
f 2123 2180 2179
f 2164 2180 2123
f 2119 2118 1830
f 2119 2152 2118
f 2140 2152 2119
f 2140 2153 2152
f 2141 2153 2140
f 2141 2155 2153
f 2142 2155 2141
f 2142 2157 2155
f 2143 2157 2142
f 2143 2159 2157
f 2144 2159 2143
f 2144 2161 2159
f 2145 2161 2144
f 2145 2162 2161
f 2146 2162 2145
f 2146 2163 2162
f 2134 2163 2146
f 2134 2034 2163
f 2021 2034 2134
f 2021 2032 2034
f 2022 2032 2021
f 2022 2031 2032
f 2026 2031 2022
f 2181 1841 1840
f 2181 1842 1841
f 2182 1842 2181
f 2182 1829 1842
f 998 1829 2182
f 998 2175 1000
f 998 2177 2175
f 2182 2177 998
f 2182 2124 2177
f 2181 2124 2182
f 2181 2122 2124
f 1840 2122 2181
f 1840 1839 2122
f 1958 1853 1047
f 1958 1852 1853
f 2183 1852 1958
f 2183 1851 1852
f 2183 1887 1851
f 1886 1887 2183
f 2184 1862 1885
f 2184 1861 1862
f 1860 1861 2184
f 2185 1868 1869
f 1845 1846 2186
f 2185 1867 1868
f 2185 1850 1867
f 1849 1850 2185
f 2110 1587 1586
f 2110 2106 1587
f 2187 2106 2110
f 2187 2107 2106
f 2185 2107 2187
f 2185 2186 2107
f 1869 2186 2185
f 1869 1845 2186
f 2059 1958 2048
f 2059 2183 1958
f 2184 2183 2059
f 2184 1886 2183
f 1885 1886 2184
f 2109 2086 1615
f 2109 2085 2086
f 2108 2085 2109
f 2108 2059 2085
f 2107 2059 2108
f 2107 2184 2059
f 2186 2184 2107
f 2186 1860 2184
f 1846 1860 2186
f 1956 1873 1874
f 1956 1872 1873
f 1871 1872 1956
f 1956 1870 1871
f 1956 2188 1870
f 2111 2188 1956
f 2111 2189 2188
f 1583 2189 2111
f 1583 1582 2189
f 1957 1929 1877
f 1957 1928 1929
f 1927 1928 1957
f 2190 1925 1926
f 2190 1924 1925
f 1923 1924 2190
f 2188 1899 1870
f 2188 1898 1899
f 1897 1898 2188
f 2188 1864 1897
f 2188 1863 1864
f 1879 1863 2188
f 2188 1878 1879
f 2188 1957 1878
f 2189 1957 2188
f 2189 1939 1957
f 1582 1939 2189
f 1582 1581 1939
f 2187 1876 1847
f 2185 1855 1849
f 2185 1854 1855
f 2187 1854 2185
f 2187 1848 1854
f 1847 1848 2187
f 2187 1875 1876
f 2187 1956 1875
f 2110 1956 2187
f 2110 2111 1956
f 1585 2111 2110
f 1585 1584 2111
f 2175 1002 1000
f 2175 1958 1002
f 2176 1958 2175
f 2176 2048 1958
f 2178 2048 2176
f 2178 2050 2048
f 2179 2050 2178
f 2179 2052 2050
f 2180 2052 2179
f 2180 2054 2052
f 2164 2054 2180
f 2164 2056 2054
f 2166 2056 2164
f 2166 2044 2056
f 2168 2044 2166
f 2168 2042 2044
f 2170 2042 2168
f 2170 2041 2042
f 2172 2041 2170
f 2172 2046 2041
f 2174 2046 2172
f 2174 2045 2046
f 2036 2045 2174
f 2036 2069 2045
f 2038 2069 2036
f 2038 2070 2069
f 2040 2070 2038
f 2040 2072 2070
f 2033 2072 2040
f 2033 2074 2072
f 2031 2074 2033
f 2031 2092 2074
f 2026 2092 2031
f 2026 2093 2092
f 2027 2093 2026
f 2027 2095 2093
f 2028 2095 2027
f 2028 2097 2095
f 2029 2097 2028
f 2029 2099 2097
f 1997 2099 2029
f 1997 2101 2099
f 1995 2101 1997
f 1995 2103 2101
f 1993 2103 1995
f 1993 1999 2103
f 1991 1999 1993
f 1991 1998 1999
f 1989 1998 1991
f 1989 2000 1998
f 2030 2000 1989
f 2030 1558 2000
f 1557 1558 2030
f 1905 2191 1904
f 1905 2192 2191
f 1888 2192 1905
f 1888 1889 2192
f 2193 1914 1865
f 2193 1913 1914
f 1955 1913 2193
f 1955 1912 1913
f 1911 1912 1955
f 2191 1903 1904
f 2191 1859 1903
f 1858 1859 2191
f 2191 1857 1858
f 2191 1856 1857
f 2193 1856 2191
f 2193 1908 1856
f 1907 1908 2193
f 2193 1906 1907
f 2193 1866 1906
f 1865 1866 2193
f 2194 1882 1894
f 2195 1915 1916
f 2195 1896 1915
f 2194 1896 2195
f 2194 1895 1896
f 1894 1895 2194
f 1918 1919 2196
f 2196 1884 1918
f 2196 1883 1884
f 2197 1883 2196
f 2197 1938 1883
f 1937 1938 2197
f 2197 1936 1937
f 2197 1844 1936
f 1843 1844 2197
f 1921 2198 1009
f 1921 2197 2198
f 1922 2197 1921
f 1922 1843 2197
f 2194 1881 1882
f 2194 1880 1881
f 1935 1880 2194
f 1933 2199 1920
f 1933 2194 2199
f 1934 2194 1933
f 1934 1935 2194
f 1955 1909 1910
f 1955 1893 1909
f 2195 1893 1955
f 2195 1892 1893
f 1891 1892 2195
f 2195 1890 1891
f 2195 1917 1890
f 1916 1917 2195
f 2198 1007 1009
f 2198 1006 1007
f 2200 1006 2198
f 1951 2202 2201
f 1951 2203 2202
f 1951 2204 1950
f 1951 2205 2204
f 2201 2205 1951
f 2200 1005 1006
f 2200 2206 1005
f 2204 2206 2200
f 2204 2207 2206
f 2205 2207 2204
f 2205 2208 2207
f 2201 2208 2205
f 2211 2210 2209
f 2212 2210 2211
f 2215 2214 2213
f 2215 1699 2214
f 2216 1699 2215
f 2216 1700 1699
f 2217 1700 2216
f 2217 1701 1700
f 2218 1701 2217
f 2218 1688 1701
f 1703 1688 2218
f 2212 1954 1952
f 2212 2219 1954
f 2211 2219 2212
f 2211 2220 2219
f 2209 2220 2211
f 2209 2221 2220
f 2222 2221 2209
f 1950 2223 1949
f 1950 2224 2223
f 2204 2224 1950
f 2204 2225 2224
f 2200 2225 2204
f 2200 2226 2225
f 2198 2226 2200
f 2229 2228 2227
f 2232 2231 2230
f 2232 2233 2231
f 2234 2233 2232
f 2235 1944 1945
f 2235 2236 1944
f 2237 2236 2235
f 2237 2238 2236
f 2239 2238 2237
f 2242 2241 2240
f 2242 2243 2241
f 2244 2243 2242
f 2218 1967 1703
f 2218 2244 1967
f 2217 2244 2218
f 2217 2243 2244
f 2216 2243 2217
f 2216 2241 2243
f 2215 2241 2216
f 2198 2245 2226
f 2198 2246 2245
f 2197 2246 2198
f 2197 2199 2246
f 2196 2199 2197
f 2196 1920 2199
f 1919 1920 2196
f 2232 2247 2234
f 2232 2227 2247
f 2230 2227 2232
f 2230 2229 2227
f 2248 1947 1948
f 2248 2247 1947
f 2249 2247 2248
f 2249 2234 2247
f 2250 2234 2249
f 2250 2233 2234
f 2209 2233 2250
f 2253 2252 2251
f 2253 2254 2252
f 2255 2254 2253
f 2255 2256 2254
f 2257 2256 2255
f 2257 2258 2256
f 1975 2258 2257
f 2261 2260 2259
f 2261 2262 2260
f 2263 2262 2261
f 2263 2264 2262
f 2264 2227 2228
f 2264 2247 2227
f 2263 2247 2264
f 2263 1947 2247
f 2261 1947 2263
f 2261 1946 1947
f 2259 1946 2261
f 2210 2233 2209
f 2210 2231 2233
f 2212 2231 2210
f 2212 2230 2231
f 1952 2230 2212
f 1952 2229 2230
f 2265 2229 1952
f 2265 2228 2229
f 2266 2228 2265
f 2266 2264 2228
f 2267 2264 2266
f 2267 2262 2264
f 2251 2262 2267
f 2251 2260 2262
f 2252 2260 2251
f 2209 2239 2222
f 2209 2238 2239
f 2250 2238 2209
f 2250 2236 2238
f 2249 2236 2250
f 2249 1944 2236
f 2248 1944 2249
f 2248 1943 1944
f 1948 1943 2248
f 2239 2213 2222
f 2239 2215 2213
f 2237 2215 2239
f 2237 2241 2215
f 2235 2241 2237
f 2235 2240 2241
f 1945 2240 2235
f 1945 2268 2240
f 1943 2268 1945
f 1943 2269 2268
f 1948 2269 1943
f 1948 2270 2269
f 1946 2270 1948
f 1946 2271 2270
f 2259 2271 1946
f 1964 2115 1966
f 1964 2126 2115
f 2272 2126 1964
f 2272 2127 2126
f 1940 2127 2272
f 2273 1964 1965
f 2273 2272 1964
f 2274 2272 2273
f 2274 1940 2272
f 2275 1940 2274
f 2275 1942 1940
f 2276 1942 2275
f 2276 2277 1942
f 2278 2277 2276
f 2278 2279 2277
f 2280 2279 2278
f 2280 2281 2279
f 2282 2281 2280
f 2282 2283 2281
f 2284 2283 2282
f 2287 2286 2285
f 2287 2288 2286
f 2289 2288 2287
f 2289 2290 2288
f 2291 2290 2289
f 2277 2285 1942
f 2277 2287 2285
f 2279 2287 2277
f 2279 2289 2287
f 2281 2289 2279
f 2281 2291 2289
f 2283 2291 2281
f 2294 2293 2292
f 2294 2295 2293
f 2127 2296 2125
f 2127 2297 2296
f 1940 2297 2127
f 1940 2298 2297
f 1941 2298 1940
f 1941 2292 2298
f 1942 2292 1941
f 1942 2294 2292
f 2285 2294 1942
f 2285 2295 2294
f 2286 2295 2285
f 1978 2192 2299
f 1978 2191 2192
f 1979 2191 1978
f 1979 2193 2191
f 1977 2193 1979
f 1977 1955 2193
f 1973 1955 1977
f 1973 2195 1955
f 1974 2195 1973
f 1974 2194 2195
f 1971 2194 1974
f 1971 2199 2194
f 1975 2199 1971
f 1975 2246 2199
f 2257 2246 1975
f 2257 2245 2246
f 2255 2245 2257
f 2255 2226 2245
f 2253 2226 2255
f 2253 2225 2226
f 2251 2225 2253
f 2251 2224 2225
f 2267 2224 2251
f 2267 2223 2224
f 2266 2223 2267
f 2266 1949 2223
f 2265 1949 2266
f 2265 1951 1949
f 1952 1951 2265
f 1952 2203 1951
f 1953 2203 1952
f 1834 2112 1833
f 1834 2114 2112
f 1702 2114 1834
f 1702 1966 2114
f 1967 1966 1702
f 1967 1965 1966
f 2244 1965 1967
f 2244 2273 1965
f 2242 2273 2244
f 2242 2274 2273
f 2240 2274 2242
f 2240 2275 2274
f 2268 2275 2240
f 2268 2276 2275
f 2269 2276 2268
f 2269 2278 2276
f 2270 2278 2269
f 2270 2280 2278
f 2271 2280 2270
f 2271 2282 2280
f 2259 2282 2271
f 2259 2284 2282
f 2260 2284 2259
f 2260 2300 2284
f 2252 2300 2260
f 2252 2301 2300
f 2254 2301 2252
f 2254 2302 2301
f 2256 2302 2254
f 2256 2303 2302
f 2258 2303 2256
f 2258 2304 2303
f 1975 2304 2258
f 2305 1578 1579
f 2305 1939 1578
f 2190 1939 2305
f 2190 1957 1939
f 1926 1957 2190
f 1926 1927 1957
f 2084 1601 1602
f 2084 1600 1601
f 2094 1600 2084
f 2094 1599 1600
f 2096 1599 2094
f 2096 1598 1599
f 2098 1598 2096
f 2098 1597 1598
f 2100 1597 2098
f 2100 1596 1597
f 2102 1596 2100
f 2102 1595 1596
f 2104 1595 2102
f 2104 1594 1595
f 1593 1594 2104
f 2192 1931 1932
f 2192 1930 1931
f 1902 1930 2192
f 2192 1901 1902
f 2192 1900 1901
f 1889 1900 2192
f 1978 1579 1580
f 1978 2305 1579
f 2299 2305 1978
f 2299 2190 2305
f 2192 2190 2299
f 2192 1923 2190
f 1932 1923 2192
f 2112 1963 1832
f 2112 2116 1963
f 2113 2116 2112
f 2113 2129 2116
f 2115 2129 2113
f 2115 2131 2129
f 2125 2131 2115
f 2125 2133 2131
f 2296 2133 2125
f 2296 2021 2133
f 2297 2021 2296
f 2297 2023 2021
f 2298 2023 2297
f 2298 2001 2023
f 2292 2001 2298
f 2292 2003 2001
f 2293 2003 2292
f 2293 2005 2003
f 2295 2005 2293
f 2295 2007 2005
f 2286 2007 2295
f 2286 2009 2007
f 2288 2009 2286
f 2288 2011 2009
f 2290 2011 2288
f 2290 2013 2011
f 2291 2013 2290
f 2291 1985 2013
f 2283 1985 2291
f 2283 1984 1985
f 2284 1984 2283
f 2284 1986 1984
f 2300 1986 2284
f 2300 1987 1986
f 2301 1987 2300
f 2301 2017 1987
f 2302 2017 2301
f 2302 2018 2017
f 2303 2018 2302
f 2303 2019 2018
f 2304 2019 2303
f 2304 2020 2019
f 1975 2020 2304
f 1975 1968 2020
f 1976 1968 1975
f 1976 1568 1968
f 1569 1568 1976
f 2306 1045 1046
f 2307 1042 1043
f 2308 1039 1040
f 2309 1036 1037
f 2310 1033 1034
f 2311 1030 1031
f 2312 1027 1028
f 2313 1024 1025
f 2314 1021 1022
f 2315 1018 1019
f 2316 1015 1016
f 2317 1012 1010
f 2318 1730 1731
f 2319 1748 1749
f 2320 1008 1003
f 1757 1003 1004
f 1757 2320 1003
f 1756 2320 1757
f 1756 2321 2320
f 1755 2321 1756
f 1755 2322 2321
f 1753 2322 1755
f 1751 2322 1753
f 1751 2323 2322
f 1707 2323 1751
f 2323 1748 2319
f 2323 1708 1748
f 1707 1708 2323
f 1750 2319 1749
f 1750 2324 2319
f 1746 2324 1750
f 1746 2325 2324
f 1744 2325 1746
f 2326 1048 1049
f 2326 1001 1048
f 1725 2318 1731
f 1725 2327 2318
f 1727 2327 1725
f 1728 2327 1727
f 1728 2328 2327
f 1722 2328 1728
f 1723 2328 1722
f 1723 2329 2328
f 1719 2329 1723
f 1720 2329 1719
f 1720 2330 2329
f 1716 2330 1720
f 1716 2331 2330
f 1717 2331 1716
f 1713 2331 1717
f 1713 2326 2331
f 1710 2326 1713
f 1710 1001 2326
f 999 1001 1710
f 2320 1010 1008
f 2320 2317 1010
f 2321 2317 2320
f 2321 2332 2317
f 2322 2332 2321
f 2322 2333 2332
f 2323 2333 2322
f 2323 2334 2333
f 2319 2334 2323
f 2319 2335 2334
f 2324 2335 2319
f 2324 2336 2335
f 2325 2336 2324
f 2325 2337 2336
f 1744 2337 2325
f 1744 1733 2337
f 2317 1016 1012
f 2317 2316 1016
f 2332 2316 2317
f 2332 2338 2316
f 2333 2338 2332
f 2333 2339 2338
f 2334 2339 2333
f 2334 2340 2339
f 2335 2340 2334
f 2335 2341 2340
f 2336 2341 2335
f 2336 2342 2341
f 2337 2342 2336
f 2337 2343 2342
f 1733 2343 2337
f 1733 1734 2343
f 2316 1019 1015
f 2316 2315 1019
f 2338 2315 2316
f 2338 2344 2315
f 2339 2344 2338
f 2339 2345 2344
f 2340 2345 2339
f 2340 2346 2345
f 2341 2346 2340
f 2341 2347 2346
f 2342 2347 2341
f 2342 2348 2347
f 2343 2348 2342
f 2343 2349 2348
f 1734 2349 2343
f 1734 1738 2349
f 2315 1022 1018
f 2315 2314 1022
f 2344 2314 2315
f 2344 2350 2314
f 2345 2350 2344
f 2345 2351 2350
f 2346 2351 2345
f 2346 2352 2351
f 2347 2352 2346
f 2347 2353 2352
f 2348 2353 2347
f 2348 2354 2353
f 2349 2354 2348
f 2349 2355 2354
f 1738 2355 2349
f 1738 1739 2355
f 2314 1025 1021
f 2314 2313 1025
f 2350 2313 2314
f 2350 2356 2313
f 2351 2356 2350
f 2351 2357 2356
f 2352 2357 2351
f 2352 2358 2357
f 2353 2358 2352
f 2353 2359 2358
f 2354 2359 2353
f 2354 2360 2359
f 2355 2360 2354
f 2355 2361 2360
f 1739 2361 2355
f 1739 1740 2361
f 2313 1028 1024
f 2313 2312 1028
f 2356 2312 2313
f 2356 2362 2312
f 2357 2362 2356
f 2357 2363 2362
f 2358 2363 2357
f 2358 2364 2363
f 2359 2364 2358
f 2359 2365 2364
f 2360 2365 2359
f 2360 2366 2365
f 2361 2366 2360
f 2361 2367 2366
f 1740 2367 2361
f 1740 1741 2367
f 2312 1031 1027
f 2312 2311 1031
f 2362 2311 2312
f 2362 2368 2311
f 2363 2368 2362
f 2363 2369 2368
f 2364 2369 2363
f 2364 2370 2369
f 2365 2370 2364
f 2365 2371 2370
f 2366 2371 2365
f 2366 2372 2371
f 2367 2372 2366
f 2367 2373 2372
f 1741 2373 2367
f 1741 1742 2373
f 2311 1034 1030
f 2311 2310 1034
f 2368 2310 2311
f 2368 2374 2310
f 2369 2374 2368
f 2369 2375 2374
f 2370 2375 2369
f 2370 2376 2375
f 2371 2376 2370
f 2371 2377 2376
f 2372 2377 2371
f 2372 2378 2377
f 2373 2378 2372
f 2373 2379 2378
f 1742 2379 2373
f 1742 1743 2379
f 2310 1037 1033
f 2310 2309 1037
f 2374 2309 2310
f 2374 2380 2309
f 2375 2380 2374
f 2375 2381 2380
f 2376 2381 2375
f 2376 2382 2381
f 2377 2382 2376
f 2377 2383 2382
f 2378 2383 2377
f 2378 2384 2383
f 2379 2384 2378
f 2379 2385 2384
f 1743 2385 2379
f 1743 1735 2385
f 2309 1040 1036
f 2309 2308 1040
f 2380 2308 2309
f 2380 2386 2308
f 2381 2386 2380
f 2381 2387 2386
f 2382 2387 2381
f 2382 2388 2387
f 2383 2388 2382
f 2383 2389 2388
f 2384 2389 2383
f 2384 2390 2389
f 2385 2390 2384
f 2385 2391 2390
f 1735 2391 2385
f 1735 1736 2391
f 2308 1043 1039
f 2308 2307 1043
f 2386 2307 2308
f 2386 2392 2307
f 2387 2392 2386
f 2387 2393 2392
f 2388 2393 2387
f 2388 2394 2393
f 2389 2394 2388
f 2389 2395 2394
f 2390 2395 2389
f 2390 2396 2395
f 2391 2396 2390
f 2391 2397 2396
f 1736 2397 2391
f 1736 1737 2397
f 2307 1046 1042
f 2307 2306 1046
f 2392 2306 2307
f 2392 2398 2306
f 2393 2398 2392
f 2393 2399 2398
f 2394 2399 2393
f 2394 2400 2399
f 2395 2400 2394
f 2395 2401 2400
f 2396 2401 2395
f 2396 2402 2401
f 2397 2402 2396
f 2397 2403 2402
f 1737 2403 2397
f 1737 1729 2403
f 2306 1049 1045
f 2306 2326 1049
f 2398 2326 2306
f 2398 2331 2326
f 2399 2331 2398
f 2399 2330 2331
f 2400 2330 2399
f 2400 2329 2330
f 2401 2329 2400
f 2401 2328 2329
f 2402 2328 2401
f 2402 2327 2328
f 2403 2327 2402
f 2403 2318 2327
f 1729 2318 2403
f 1729 1730 2318
f 2206 1004 1005
f 2206 1705 1004
f 2207 1705 2206
f 1624 1699 1623
f 1624 2214 1699
f 1179 2214 1624
f 2222 1186 1195
f 2222 1185 1186
f 2222 1183 1185
f 2222 1181 1183
f 1180 1181 2222
f 1180 2214 1179
f 1180 2213 2214
f 2222 2213 1180
f 1195 1213 1809
f 1793 1195 1809
f 2208 1705 2207
f 2208 1704 1705
f 2201 1704 2208
f 2202 1704 2201
f 2202 1759 1704
f 2203 1759 2202
f 2203 1776 1759
f 1953 1776 2203
f 1953 1774 1776
f 1954 1774 1953
f 1195 2221 2222
f 1195 2220 2221
f 1793 2220 1195
f 1793 2219 2220
f 1794 2219 1793
f 1794 1954 2219
f 1773 1954 1794
f 1773 1774 1954
f 1198 1199 1481
f 1476 1198 1481
f 1476 1197 1198
f 1476 1196 1197
f 1477 1196 1476
f 1477 1200 1196
f 1479 1200 1477
f 1479 785 1200
f 1240 436 437
f 428 1244 1242
f 428 1246 1244
f 432 1246 428
f 428 1240 437
f 428 1239 1240
f 1242 1239 428
f 1199 1482 1481
f 1199 2404 1482
f 2405 404 1165
f 2405 402 404
f 2406 402 2405
f 2407 402 2406
f 2407 400 402
f 2408 400 2407
f 2408 398 400
f 2409 398 2408
f 2409 396 398
f 2410 396 2409
f 2411 396 2410
f 2411 394 396
f 2412 394 2411
f 2413 394 2412
f 2413 393 394
f 2414 393 2413
f 2415 393 2414
f 2415 391 393
f 2416 391 2415
f 364 1199 363
f 364 2404 1199
f 391 2404 364
f 391 2417 2404
f 2416 2417 391
f 2404 1506 1482
f 2404 2417 1506
f 2416 1506 2417
f 2416 1505 1506
f 2415 1505 2416
f 2414 1505 2415
f 2414 1510 1505
f 2413 1510 2414
f 1508 2411 2410
f 2413 1509 1510
f 2413 1508 1509
f 2412 1508 2413
f 2412 2411 1508
f 2410 1507 1508
f 2410 1514 1507
f 2409 1514 2410
f 2409 1513 1514
f 2408 1513 2409
f 2408 1512 1513
f 2407 1512 2408
f 2407 1519 1512
f 2406 1519 2407
f 2406 1518 1519
f 2405 1518 2406
f 2405 1517 1518
f 2405 1163 1517
f 1165 1163 2405
f 435 436 1237
f 1249 431 1248
f 1249 432 431
f 547 1253 366
f 547 1255 1253
f 1235 435 1237
f 371 1251 374
f 371 1253 1251
f 365 1253 371
f 365 366 1253
f 1233 2419 2418
f 1233 2420 2419
f 1230 2420 1233
f 1251 376 374
f 1251 378 376
f 1248 378 1251
f 1248 380 378
f 431 380 1248
f 1230 477 2420
f 1230 507 477
f 1231 507 1230
f 1231 509 507
f 1282 509 1231
f 1282 512 509
f 1279 512 1282
f 1235 434 435
f 1235 2421 434
f 1233 2421 1235
f 1233 2422 2421
f 2418 2422 1233
f 1279 514 512
f 1279 516 514
f 1280 516 1279
f 1280 519 516
f 1277 519 1280
f 1277 518 519
f 1275 518 1277
f 1275 522 518
f 1273 522 1275
f 1273 524 522
f 1271 524 1273
f 1271 526 524
f 1269 526 1271
f 1269 528 526
f 1267 528 1269
f 1267 531 528
f 1265 531 1267
f 1265 533 531
f 1263 533 1265
f 1263 536 533
f 1261 536 1263
f 1261 538 536
f 1259 538 1261
f 1259 540 538
f 1257 540 1259
f 1257 543 540
f 1255 543 1257
f 1255 545 543
f 547 545 1255
f 320 1511 307
f 320 891 1511
f 2423 483 485
f 2424 433 434
f 2421 2424 434
f 2421 2425 2424
f 2422 2425 2421
f 2422 2426 2425
f 2418 2426 2422
f 2418 2427 2426
f 2419 2427 2418
f 2429 2420 2428
f 2429 2419 2420
f 2430 2419 2429
f 2430 2427 2419
f 478 2420 477
f 478 2428 2420
f 730 2428 478
f 2431 732 480
f 2431 730 732
f 480 481 2432
f 483 2432 481
f 2433 549 548
f 2433 485 549
f 2431 2428 730
f 2431 2429 2428
f 2434 2429 2431
f 2434 2430 2429
f 2435 2430 2434
f 2435 2427 2430
f 2436 2427 2435
f 2436 2426 2427
f 2437 2426 2436
f 2437 2425 2426
f 2438 2425 2437
f 2438 2424 2425
f 2439 2424 2438
f 2439 433 2424
f 468 433 2439
f 2432 2431 480
f 2432 2434 2431
f 2440 2434 2432
f 2440 2435 2434
f 2441 2435 2440
f 2441 2436 2435
f 2442 2436 2441
f 2442 2437 2436
f 2443 2437 2442
f 2443 2438 2437
f 2444 2438 2443
f 2444 2439 2438
f 2445 2439 2444
f 2445 468 2439
f 457 468 2445
f 2423 2432 483
f 2423 2440 2432
f 2446 2440 2423
f 2446 2441 2440
f 2447 2441 2446
f 2447 2442 2441
f 2448 2442 2447
f 2448 2443 2442
f 2449 2443 2448
f 2449 2444 2443
f 2450 2444 2449
f 2450 2445 2444
f 2451 2445 2450
f 2451 457 2445
f 458 457 2451
f 2433 2423 485
f 2433 2446 2423
f 2452 2446 2433
f 2452 2447 2446
f 2453 2447 2452
f 2453 2448 2447
f 2454 2448 2453
f 2454 2449 2448
f 2455 2449 2454
f 2455 2450 2449
f 2456 2450 2455
f 2456 2451 2450
f 2457 2451 2456
f 2457 458 2451
f 444 458 2457
f 336 548 338
f 336 2433 548
f 335 2433 336
f 335 2452 2433
f 339 2452 335
f 339 2453 2452
f 344 2453 339
f 344 2454 2453
f 348 2454 344
f 348 2455 2454
f 350 2455 348
f 350 2456 2455
f 353 2456 350
f 353 2457 2456
f 355 2457 353
f 355 444 2457
f 357 444 355
f 1395 872 873
f 873 2458 1395
f 873 2459 2458
f 875 2459 873
f 875 2460 2459
f 877 2460 875
f 879 2460 877
f 879 2461 2460
f 880 2461 879
f 882 2461 880
f 882 2462 2461
f 884 2462 882
f 884 2463 2462
f 886 2463 884
f 890 2463 886
f 890 2464 2463
f 889 2464 890
f 2464 316 324
f 2464 318 316
f 889 318 2464
f 889 319 318
f 320 319 889
f 2465 321 328
f 2468 2467 2466
f 2468 2469 2467
f 2470 2469 2468
f 2470 2471 2469
f 2474 2473 2472
f 2474 2475 2473
f 2476 2475 2474
f 2476 2477 2475
f 2471 2477 2476
f 2471 2478 2477
f 2470 2478 2471
f 2479 1398 1399
f 2479 2480 1398
f 2472 2480 2479
f 2472 2481 2480
f 2473 2481 2472
f 2482 1399 1396
f 2482 2479 1399
f 2483 2479 2482
f 2483 2472 2479
f 2484 2472 2483
f 2484 2474 2472
f 2485 2474 2484
f 2485 2476 2474
f 2486 2476 2485
f 2486 2471 2476
f 2487 2471 2486
f 2487 2469 2471
f 2465 2469 2487
f 2465 2467 2469
f 328 2467 2465
f 328 2466 2467
f 331 2466 328
f 2465 324 321
f 2465 2464 324
f 2487 2464 2465
f 2487 2463 2464
f 2486 2463 2487
f 2486 2462 2463
f 2485 2462 2486
f 2485 2461 2462
f 2484 2461 2485
f 2484 2460 2461
f 2483 2460 2484
f 2483 2459 2460
f 2482 2459 2483
f 2482 2458 2459
f 1396 2458 2482
f 1396 1395 2458
f 314 1530 358
f 314 315 1530
f 2488 1102 1097
f 1478 1089 1103
f 2489 1104 1106
f 2489 1103 1104
f 2466 331 1483
f 2489 1478 1103
f 2489 1480 1478
f 2490 1480 2489
f 2490 1494 1480
f 2491 1494 2490
f 2491 1493 1494
f 2492 1493 2491
f 2492 1492 1493
f 2493 1492 2492
f 2493 1491 1492
f 2494 1491 2493
f 2494 1490 1491
f 2495 1490 2494
f 2495 1489 1490
f 2496 1489 2495
f 2496 1488 1489
f 2497 1488 2496
f 2497 1486 1488
f 2498 1486 2497
f 2498 1487 1486
f 2499 1487 2498
f 2499 1485 1487
f 2500 1485 2499
f 2500 1484 1485
f 2501 1484 2500
f 2501 1473 1484
f 2502 1473 2501
f 2502 1474 1473
f 2503 1474 2502
f 2503 1475 1474
f 2504 1475 2503
f 2504 1483 1475
f 2505 1483 2504
f 2505 2466 1483
f 2468 2466 2505
f 1106 1108 2506
f 2506 2489 1106
f 2506 2490 2489
f 2507 2490 2506
f 2507 2491 2490
f 2508 2491 2507
f 2508 2492 2491
f 2509 2492 2508
f 2509 2493 2492
f 2510 2493 2509
f 2510 2494 2493
f 2511 2494 2510
f 2511 2495 2494
f 2512 2495 2511
f 2512 2496 2495
f 2513 2496 2512
f 2513 2497 2496
f 2514 2497 2513
f 2514 2498 2497
f 2515 2498 2514
f 2515 2499 2498
f 2516 2499 2515
f 2516 2500 2499
f 2517 2500 2516
f 2517 2501 2500
f 2518 2501 2517
f 2518 2502 2501
f 2519 2502 2518
f 2519 2503 2502
f 2520 2503 2519
f 2520 2504 2503
f 2521 2504 2520
f 2521 2505 2504
f 2522 2505 2521
f 2505 2470 2468
f 2505 2478 2470
f 2522 2478 2505
f 2522 2477 2478
f 2475 2477 2522
f 2522 2523 2475
f 2522 2524 2523
f 2521 2524 2522
f 2521 2525 2524
f 2520 2525 2521
f 2520 2526 2525
f 2519 2526 2520
f 2519 2527 2526
f 2518 2527 2519
f 2518 2528 2527
f 2517 2528 2518
f 2517 2529 2528
f 2516 2529 2517
f 2516 2530 2529
f 2515 2530 2516
f 2515 2531 2530
f 2514 2531 2515
f 2514 2532 2531
f 2513 2532 2514
f 2513 2533 2532
f 2512 2533 2513
f 2512 2534 2533
f 2511 2534 2512
f 2511 2535 2534
f 2510 2535 2511
f 2510 2536 2535
f 2509 2536 2510
f 2509 2537 2536
f 2508 2537 2509
f 2508 2538 2537
f 2507 2538 2508
f 2507 2488 2538
f 2506 2488 2507
f 2506 1102 2488
f 1108 1102 2506
f 1097 1098 1403
f 2523 2473 2475
f 2523 2481 2473
f 2480 2481 2523
f 1403 2488 1097
f 1403 2538 2488
f 1404 2538 1403
f 1404 2537 2538
f 1406 2537 1404
f 1406 2536 2537
f 1408 2536 1406
f 1408 2535 2536
f 1407 2535 1408
f 1407 2534 2535
f 1405 2534 1407
f 1405 2533 2534
f 1409 2533 1405
f 1409 2532 2533
f 1400 2532 1409
f 1400 2531 2532
f 1401 2531 1400
f 1401 2530 2531
f 1402 2530 1401
f 1402 2529 2530
f 1394 2529 1402
f 1394 2528 2529
f 1397 2528 1394
f 1397 2527 2528
f 1412 2527 1397
f 1412 2526 2527
f 1411 2526 1412
f 1411 2525 2526
f 1410 2525 1411
f 1410 2524 2525
f 1413 2524 1410
f 1413 2523 2524
f 1414 2523 1413
f 1414 2480 2523
f 1398 2480 1414
f 2541 2540 2539
f 2541 2542 2540
f 2543 2542 2541
f 2543 2544 2542
f 2546 2542 2545
f 2546 2540 2542
f 2548 2545 2547
f 2548 2546 2545
f 2542 2550 2549
f 2551 2542 2549
f 2551 2545 2542
f 2547 2545 2551
f 2554 2553 2552
f 2553 2556 2555
f 2544 2558 2557
f 2553 2559 2556
f 2553 2560 2559
f 2554 2560 2553
f 2542 2552 2550
f 2542 2554 2552
f 2544 2554 2542
f 2544 2561 2554
f 2557 2561 2544
f 2562 2553 2555
f 2562 2563 2553
f 2564 2563 2562
f 2566 2544 2565
f 2566 2567 2544
f 2544 2568 2558
f 2544 2569 2568
f 2567 2569 2544
f 2570 2547 2551
f 2570 2548 2547
f 2541 2548 2570
f 2541 2539 2548
f 2572 2553 2571
f 2572 2552 2553
f 2573 2571 2553
f 2563 2573 2553
f 2563 2574 2573
f 2564 2574 2563
f 2564 2575 2574
f 2562 2575 2564
f 2562 2576 2575
f 2555 2576 2562
f 2577 2541 2570
f 2577 2578 2541
f 2541 2571 2573
f 2541 2572 2571
f 2578 2572 2541
f 2541 2580 2579
f 2541 2576 2580
f 2543 2582 2581
f 2543 2583 2582
f 2541 2583 2543
f 2541 2584 2583
f 2579 2584 2541
f 2543 2586 2585
f 2543 2587 2586
f 2588 2587 2543
f 2543 2589 2588
f 2543 2590 2589
f 2581 2590 2543
f 2541 2575 2576
f 2541 2574 2575
f 2573 2574 2541
f 2578 2552 2572
f 2578 2550 2552
f 2577 2550 2578
f 2577 2549 2550
f 2570 2549 2577
f 2570 2551 2549
f 2582 2554 2561
f 2582 2583 2554
f 2546 2539 2540
f 2546 2548 2539
f 2565 2544 2543
f 2585 2565 2543
f 2585 2566 2565
f 2586 2566 2585
f 2586 2567 2566
f 2587 2567 2586
f 2587 2569 2567
f 2588 2569 2587
f 2588 2568 2569
f 2589 2568 2588
f 2589 2558 2568
f 2590 2558 2589
f 2590 2557 2558
f 2581 2557 2590
f 2581 2561 2557
f 2582 2561 2581
f 2560 2554 2583
f 2584 2560 2583
f 2584 2559 2560
f 2579 2559 2584
f 2579 2556 2559
f 2580 2556 2579
f 2580 2555 2556
f 2576 2555 2580

